time relative [s],angle [rad],control [V]
0,0,12
0.00159209999999987,0,12
0.00255432000000066,0,12
0.00454690000000024,0,12
0.00628668000000054,0,12
0.00739194000000065,0,12
0.00911112000000092,0.020943951023932,12
0.0100820200000005,0.020943951023932,12
0.0115691400000006,0.020943951023932,12
0.0125429600000002,0.0418879020478639,12
0.0142720600000006,0.0418879020478639,12
0.0153957399999998,0.0418879020478639,12
0.0171675000000011,0.0628318530717959,12
0.0181390000000006,0.0837758040957278,12
0.01962932,0.0837758040957278,12
0.0206444600000006,0.10471975511966,12
0.0223859600000011,0.125663706143592,12
0.0234177799999999,0.125663706143592,12
0.0251438200000003,0.167551608191456,12
0.0260898000000003,0.167551608191456,12
0.0276871400000003,0.188495559215388,12
0.0286417800000001,0.20943951023932,12
0.0303310200000002,0.230383461263251,12
0.0312856600000009,0.251327412287183,12
0.0328158000000007,0.293215314335047,12
0.0346076400000008,0.314159265358979,12
0.0355924000000005,0.335103216382911,12
0.0365331400000004,0.356047167406843,12
0.0382242000000002,0.397935069454707,12
0.0397637800000004,0.418879020478639,12
0.0407508999999999,0.460766922526503,12
0.0416836199999997,0.481710873550435,12
0.0433190800000007,0.502654824574367,12
0.0442721800000001,0.523598775598299,12
0.0459813999999996,0.586430628670095,12
0.0467801000000003,0.607374579694027,12
0.048559280000001,0.649262481741891,12
0.0502347600000004,0.670206432765822,12
0.0512484000000004,0.712094334813686,12
0.0528127600000001,0.75398223686155,12
0.0538051000000008,0.795870138909414,12
0.0555613599999996,0.837758040957278,12
0.0565662199999997,0.879645943005142,12
0.0583162800000006,0.921533845053006,12
0.0593081800000004,0.96342174710087,12
0.0610191400000009,1.00530964914873,12
0.0619925000000006,1.06814150222053,12
0.0634947199999996,1.08908545324446,12
0.06449222,1.15191730631626,12
0.0662263200000002,1.17286125734019,12
0.0672603799999996,1.23569311041199,12
0.0687505600000007,1.27758101245985,12
0.0697076399999999,1.34041286553165,12
0.0713936800000008,1.38230076757951,12
0.0724057400000007,1.4451326206513,12
0.0740815599999998,1.46607657167524,12
0.0750488599999999,1.54985237577096,12
0.0765363200000007,1.5707963267949,12
0.0775436600000008,1.65457213089062,12
0.0792583200000001,1.67551608191456,12
0.0802568200000007,1.73834793498635,12
0.0817633200000003,1.78023583703422,12
0.0827428200000009,1.86401164112994,12
0.0844379799999997,1.90589954317781,12
0.0853991000000001,1.9687313962496,12
0.08711672,2.01061929829747,12
0.08809164,2.07345115136926,12
0.0896044400000005,2.11533905341713,12
0.0906567599999999,2.19911485751286,12
0.0923627600000003,2.26194671058465,12
0.093345320000001,2.30383461263251,12
0.0948219200000002,2.34572251468038,12
0.0957658400000003,2.42949831877611,12
0.0974669200000005,2.47138622082397,12
0.0984392600000001,2.53421807389577,12
0.10013554,2.57610597594363,12
0.10111194,2.65988178003936,12
0.102602500000001,2.70176968208722,12
0.104049740000001,2.78554548618295,12
0.10568222,2.86932129027868,12
0.1066943,2.91120919232654,12
0.108360340000001,2.99498499642227,12
0.11041664,3.05781684949407,12
0.11140812,3.14159265358979,12
0.11314362,3.18348055563766,12
0.11416406,3.26725635973338,12
0.1156464,3.30914426178125,12
0.116626360000001,3.39292006587698,12
0.118349540000001,3.43480796792484,12
0.119346800000001,3.51858377202057,12
0.12082046,3.56047167406843,12
0.121780080000001,3.64424747816416,12
0.12345348,3.68613538021202,12
0.12442724,3.76991118430775,12
0.126165540000001,3.81179908635562,12
0.1271995,3.91651884147528,12
0.12865522,3.95840674352314,12
0.12961982,4.04218254761887,12
0.131319220000001,4.08407044966673,12
0.132293580000001,4.16784625376246,12
0.13378284,4.20973415581032,12
0.13474162,4.29350995990605,12
0.136428380000001,4.35634181297785,12
0.13743516,4.41917366604964,12
0.1391412,4.48200551912144,12
0.14011552,4.56578132321717,12
0.14164214,4.60766922526503,12
0.14268114,4.71238898038469,12
0.144398960000001,4.75427688243255,12
0.145425820000001,4.83805268652828,12
0.14710786,4.92182849062401,12
0.148071040000001,4.98466034369581,12
0.149583300000001,5.06843614779153,12
0.15053268,5.1103240498394,12
0.15226914,5.15221195188726,12
0.153266760000001,5.25693170700692,12
0.15475368,5.34070751110265,12
0.15571522,5.40353936417444,12
0.157452900000001,5.46637121724624,12
0.158400760000001,5.52920307031804,12
0.160105740000001,5.5710909723659,12
0.16114452,5.67581072748556,12
0.16266078,5.75958653158129,12
0.16361298,5.82241838465308,12
0.1653298,5.90619418874881,12
0.16630484,5.94808209079668,12
0.1678259,6.0318578948924,12
0.168786280000001,6.0946897479642,12
0.17048842,6.17846555205993,12
0.171460020000001,6.24129740513172,12
0.173099540000001,6.32507320922745,12
0.174054600000001,6.36696111127531,12
0.17564966,6.47168086639497,12
0.176638880000001,6.51356876844284,12
0.178353200000001,6.59734457253857,12
0.179324620000001,6.66017642561036,12
0.180810940000001,6.74395222970609,12
0.18175908,6.80678408277788,12
0.1835082,6.89055988687361,12
0.18454672,6.95339173994541,12
0.18622796,7.03716754404114,12
0.18723664,7.09999939711293,12
0.18873262,7.18377520120866,12
0.18967274,7.24660705428046,12
0.191382480000001,7.33038285837618,12
0.192326200000001,7.37227076042405,12
0.19380642,7.47699051554371,12
0.194748440000001,7.51887841759157,12
0.19646152,7.6026542216873,12
0.19745824,7.6654860747591,12
0.19923884,7.74926187885482,12
0.20021992,7.81209373192662,12
0.2017378,7.91681348704628,12
0.20267458,7.95870138909414,12
0.20469794,8.08436509523773,12
0.20633122,8.1262529972856,12
0.20737118,8.21002880138133,12
0.209185580000001,8.27286065445312,12
0.2101918,8.37758040957278,12
0.21172168,8.41946831162065,12
0.21270616,8.52418806674031,12
0.21435454,8.5870199198121,12
0.215322060000001,8.67079572390783,12
0.21704998,8.71268362595569,12
0.2180228,8.81740338107535,12
0.219565000000001,8.88023523414715,12
0.220619800000001,8.96401103824288,12
0.22231766,9.02684289131467,12
0.22327718,9.1106186954104,12
0.22475554,9.1734505484822,12
0.22572504,9.25722635257792,12
0.227408580000001,9.32005820564972,12
0.22838896,9.40383400974545,12
0.2300904,9.46666586281724,12
0.23107138,9.55044166691297,12
0.23258522,9.61327351998477,12
0.23357252,9.71799327510443,12
0.23531464,9.75988117715229,12
0.23636554,9.86460093227195,12
0.23801322,9.90648883431981,12
0.23898636,10.0112085894395,12
0.24045762,10.0530964914873,12
0.24141422,10.157816246607,12
0.243084520000001,10.1997041486549,12
0.24404832,10.3044239037745,12
0.24553126,10.3463118058224,12
0.24651062,10.451031560942,12
0.24824968,10.4929194629899,12
0.249240100000001,10.5976392181096,12
0.25079368,10.6604710711814,12
0.25176762,10.7442468752771,12
0.2534046,10.8070787283489,12
0.254375860000001,10.8908545324446,12
0.256109320000001,10.9536863855164,12
0.25719208,11.0374621896121,12
0.258656060000001,11.1002940426839,12
0.25963212,11.2050137978036,12
0.26134476,11.2469016998515,12
0.2623071,11.3516214549711,12
0.26378372,11.393509357019,12
0.264765260000001,11.4982291121386,12
0.26641332,11.5610609652104,12
0.26741994,11.6448367693062,12
0.2691423,11.707668622378,12
0.27012136,11.7914444264737,12
0.2716091,11.8542762795455,12
0.2725839,11.9589960346651,12
0.2743429,12.000883936713,12
0.27540556,12.1056036918327,12
0.27705894,12.1684355449045,12
0.278017340000001,12.2522113490002,12
0.27956258,12.315043202072,12
0.280534240000001,12.3988190061677,12
0.28225764,12.4616508592395,12
0.2832302,12.5663706143592,12
0.28470826,12.608258516407,12
0.28566672,12.7129782715267,12
0.28738428,12.7548661735746,12
0.288358140000001,12.8595859286942,12
0.28983132,12.9014738307421,12
0.290778100000001,13.0061935858617,12
0.29244462,13.0690254389335,12
0.29342598,13.1528012430293,12
0.29512344,13.1946891450771,12
0.296092600000001,13.2994089001968,12
0.297595940000001,13.3622407532686,12
0.29856226,13.4460165573643,12
0.3002895,13.5088484104361,12
0.301276700000001,13.6135681655558,12
0.30276962,13.6554560676036,12
0.30426084,13.7811197737472,12
0.306058360000001,13.8858395288669,12
0.30759862,13.9486713819387,12
0.30859394,14.0324471860344,12
0.310195240000001,14.0952790391062,12
0.311233140000001,14.1790548432019,12
0.31279112,14.2418866962737,12
0.31377232,14.3466064513934,12
0.31470828,14.3884943534413,12
0.316353500000001,14.472270157537,12
0.318040320000001,14.5351020106088,12
0.319116060000001,14.6398217657284,12
0.320642200000001,14.7026536188002,12
0.32161588,14.8073733739199,12
0.32321994,14.8492612759678,12
0.32423478,14.9330370800635,12
0.325982420000001,14.9958689331353,12
0.3268061,15.1005886882549,12
0.32843996,15.1634205413267,12
0.329492460000001,15.2471963454225,12
0.331254560000001,15.3100281984943,12
0.33226368,15.4147479536139,12
0.333831780000001,15.4775798066857,12
0.33480548,15.5613556107814,12
0.336479140000001,15.6241874638532,12
0.33747112,15.707963267949,12
0.33919222,15.7707951210208,12
0.34020386,15.8755148761404,12
0.34171084,15.9383467292122,12
0.342714460000001,16.0221225333079,12
0.344467020000001,16.0849543863797,12
0.34544534,16.1896741414994,12
0.3471754,16.2315620435473,12
0.34817282,16.3362817986669,12
0.3496525,16.3991136517387,12
0.35061148,16.5038334068584,12
0.352304600000001,16.5457213089062,12
0.35328502,16.6504410640259,12
0.3547573,16.6923289660738,12
0.35572414,16.7970487211934,12
0.3574308,16.8598805742652,12
0.3584116,16.943656378361,12
0.36013102,17.0064882314327,12
0.36119236,17.0902640355285,12
0.362679040000001,17.1530958886003,12
0.363644580000001,17.2578156437199,12
0.3652313,17.3206474967917,12
0.36628392,17.4044233008875,12
0.36735862,17.4672551539593,12
0.36862044,17.530087007031,12
0.3697143,17.6138628111268,12
0.37099258,17.6766946641986,12
0.37203258,17.7395265172704,12
0.37305178,17.8023583703422,12
0.37406398,17.865190223414,12
0.375116640000001,17.9280220764858,12
0.37615236,17.9908539295576,12
0.37724628,18.0327418316054,12
0.3782766,18.1165176357011,12
0.37929276,18.158405537749,12
0.380329840000001,18.2212373908208,12
0.381340860000001,18.2840692438926,12
0.382376860000001,18.3469010969644,12
0.38339978,18.4097329500362,12
0.384411940000001,18.472564803108,12
0.385444680000001,18.5353966561798,12
0.38645046,18.5772845582276,12
0.38752368,18.6401164112994,12
0.38854914,18.7238922153952,12
0.3895529,18.786724068467,12
0.39059584,18.8286119705148,12
0.39161096,18.8914438235866,12
0.39265062,18.9542756766584,12
0.39367712,19.0171075297302,12
0.39467696,19.079939382802,12
0.3957149,19.1427712358738,12
0.39671912,19.2056030889456,12
0.3977852,19.2684349420174,12
0.398807280000001,19.3312667950892,12
0.39980624,19.3731546971371,12
0.40099334,19.4359865502089,12
0.402001360000001,19.4988184032807,12
0.4033543,19.5616502563524,12
0.40440032,19.6454260604482,12
0.405439400000001,19.70825791352,12
0.406465620000001,19.7710897665918,12
0.40749792,19.8129776686396,12
0.40854612,19.8967534727354,12
0.40956962,19.9595853258072,12
0.41060142,20.0224171788789,12
0.411621,20.0643050809268,12
0.41262518,20.1271369339986,12
0.413650220000001,20.1899687870704,12
0.41467468,20.2528006401422,12
0.415702240000001,20.315632493214,12
0.41670764,20.3784643462858,12
0.417743720000001,20.4412961993576,12
0.418789340000001,20.5041280524294,12
0.4197999,20.5460159544772,12
0.42128882,20.629791758573,12
0.42231484,20.6926236116448,12
0.423343340000001,20.7554554647166,12
0.42436686,20.8182873177884,12
0.42539092,20.8811191708602,12
0.426433820000001,20.943951023932,12
0.427478380000001,20.9858389259798,12
0.42852268,21.0696147300755,12
0.42954922,21.1324465831473,12
0.430552040000001,21.1952784362191,12
0.43159278,21.2581102892909,12
0.43259962,21.2999981913388,12
0.433619940000001,21.3628300444106,12
0.43466836,21.4256618974824,12
0.435675580000001,21.4884937505542,12
0.436715260000001,21.551325603626,12
0.43775458,21.6141574566978,12
0.43880668,21.6769893097696,12
0.43982536,21.7398211628414,12
0.44082252,21.7817090648892,12
0.441991700000001,21.844540917961,12
0.443004060000001,21.9073727710328,12
0.44402092,21.9702046241046,12
0.445046580000001,22.0330364771764,12
0.44605366,22.0958683302482,12
0.44712422,22.15870018332,12
0.44817202,22.2215320363918,12
0.4492447,22.2843638894636,12
0.45027698,22.3471957425354,12
0.451305820000001,22.3890836445833,12
0.452353060000001,22.4519154976551,12
0.4533812,22.5147473507268,12
0.45442604,22.5775792037986,12
0.455449740000001,22.6404110568704,12
0.45645208,22.7032429099422,12
0.457528480000001,22.766074763014,12
0.45853986,22.8289066160858,12
0.459577220000001,22.8917384691576,12
0.46059224,22.9545703222294,12
0.461598680000001,23.0174021753012,12
0.46263588,23.080234028373,12
0.46366368,23.1430658814448,12
0.46469872,23.1849537834927,12
0.46571268,23.2477856365645,12
0.46671908,23.3106174896363,12
0.467789120000001,23.3734493427081,12
0.46906722,23.4362811957799,12
0.470102420000001,23.4991130488517,12
0.471117500000001,23.5619449019234,12
0.47213332,23.6247767549952,12
0.47378482,23.687608608067,12
0.475442820000001,23.7923283631867,12
0.47643826,23.8761041672824,12
0.478091040000001,23.9389360203542,12
0.47907446,24.02271182445,12
0.48055344,24.0855436775217,12
0.48154962,24.1902634326414,12
0.48247718,24.2321513346893,12
0.48414462,24.3368710898089,12
0.48508026,24.3787589918568,12
0.486639980000001,24.4834787469765,12
0.48762536,24.5463106000482,12
0.48928944,24.630086404144,12
0.490255740000001,24.6929182572158,12
0.49174492,24.7976380123354,12
0.4926753,24.8395259143833,12
0.49438286,24.944245669503,12
0.495333080000001,24.9861335715508,12
0.496809620000001,25.0908533266705,12
0.49780796,25.1536851797423,12
0.499529300000001,25.237460983838,12
0.500483,25.3002928369098,12
0.502128300000001,25.3840686410055,12
0.5041687,25.4469004940773,12
0.50527062,25.5725642002209,12
0.50702816,25.6353960532927,12
0.50801246,25.7401158084124,12
0.50953926,25.8029476614842,12
0.51060964,25.9076674166038,12
0.512384040000001,25.9495553186517,12
0.513338,26.0542750737714,12
0.514808680000001,26.1171069268431,12
0.51577604,26.2008827309389,12
0.51748118,26.2637145840107,12
0.518457140000001,26.3474903881064,12
0.520230720000001,26.4103222411782,12
0.5212184,26.5150419962979,12
0.52271454,26.5778738493696,12
0.52367054,26.6616496534654,12
0.52544324,26.7244815065372,12
0.526469820000001,26.8292012616568,12
0.52820218,26.9339210167765,12
0.529202860000001,26.9758089188244,12
0.53068778,27.080528673944,12
0.5316186,27.1433605270158,12
0.53331522,27.2271363311115,12
0.5343083,27.2899681841833,12
0.535806620000001,27.3737439882791,12
0.53675352,27.4365758413509,12
0.53848874,27.5412955964705,12
0.539431840000001,27.5831834985184,12
0.54108306,27.687903253638,12
0.5420354,27.7507351067098,12
0.543583640000001,27.8345109108056,12
0.544521120000001,27.8973427638774,12
0.54622726,27.9392306659252,12
0.547265840000001,28.0439504210449,12
0.548798,28.1486701761645,12
0.549830740000001,28.2115020292363,12
0.551529220000001,28.316221784356,12
0.552479280000001,28.3581096864039,12
0.554169200000001,28.4628294415235,12
0.55514812,28.5256612945953,12
0.556674220000001,28.609437098691,12
0.55765672,28.6722689517628,12
0.5593779,28.7560447558586,12
0.56034642,28.8188766089304,12
0.561832000000001,28.92359636405,12
0.56278992,28.9654842660979,12
0.56447332,29.0702040212176,12
0.56540894,29.1120919232654,12
0.56706884,29.1749237763372,12
0.56810394,29.2796435314569,12
0.569631080000001,29.3843632865765,12
0.570609000000001,29.4262511886244,12
0.572343160000001,29.5309709437441,12
0.57330484,29.5938027968159,12
0.57477652,29.6775786009116,12
0.575729480000001,29.7404104539834,12
0.57779772,29.866074160127,12
0.57940984,29.9079620621748,12
0.580400040000001,30.0126818172945,12
0.582012320000001,30.0545697193424,12
0.58300888,30.159289474462,12
0.58380016,30.2221213275338,12
0.58550488,30.3058971316295,12
0.586440880000001,30.3687289847013,12
0.588102480000001,30.4525047887971,12
0.58904,30.5153366418689,12
0.59066976,30.6200563969885,12
0.59169294,30.6828882500603,12
0.593347120000001,30.766664054156,12
0.594287540000001,30.8294959072278,12
0.59581002,30.9132717113236,12
0.5967475,30.9761035643954,12
0.598468240000001,31.0598793684911,12
0.59942714,31.1227112215629,12
0.60122574,31.2274309766825,12
0.60279238,31.2902628297543,12
0.604288420000001,31.4159265358979,12
0.605780680000001,31.4578144379458,12
0.606758920000001,31.5625341930655,12
0.60846012,31.6253660461372,12
0.609434320000001,31.709141850233,12
0.61120028,31.7719737033048,12
0.61228556,31.8766934584244,12
0.61378666,31.9814132135441,12
0.614753220000001,32.0442450666159,12
0.61645226,32.1280208707116,12
0.61743236,32.1908527237834,12
0.61908758,32.2746285278791,12
0.62003768,32.3374603809509,12
0.621628520000001,32.4421801360706,12
0.622661200000001,32.5050119891424,12
0.62437932,32.5887877932381,12
0.62538212,32.6516196463099,12
0.62707832,32.7563394014296,12
0.628014600000001,32.8191712545014,12
0.62959544,32.9029470585971,12
0.630534340000001,32.9657789116689,12
0.63220682,33.0495547157646,12
0.63317782,33.1123865688364,12
0.634798980000001,33.2171063239561,12
0.63581174,33.2799381770279,12
0.63755494,33.3846579321475,12
0.638486820000001,33.4265458341954,12
0.6400338,33.5103216382911,12
0.641045600000001,33.5731534913629,12
0.64209972,33.6359853444347,12
0.64312756,33.6988171975065,12
0.64419696,33.7616490505783,12
0.64523606,33.8244809036501,12
0.64628568,33.8873127567219,12
0.64734202,33.9501446097937,12
0.6483506,34.0129764628655,12
0.64940176,34.0758083159373,12
0.650416240000001,34.1176962179851,12
0.65144464,34.1805280710569,12
0.652456280000001,34.2433599241287,12
0.65345108,34.3061917772005,12
0.65448434,34.3690236302723,12
0.65549586,34.4318554833441,12
0.65651524,34.4946873364159,12
0.657563720000001,34.5575191894877,12
0.65857294,34.6203510425595,12
0.65961402,34.6831828956313,12
0.6614149,34.766958699727,12
0.66308084,34.8716784548467,12
0.664014740000001,34.9345103079185,12
0.66557994,35.0182861120142,12
0.66652776,35.081117965086,12
0.668290460000001,35.1230058671339,12
0.66927176,35.2277256222535,12
0.67079114,35.3324453773732,12
0.67176524,35.395277230445,12
0.673476300000001,35.4790530345407,12
0.6744231,35.5418848876125,12
0.676043,35.6466046427322,12
0.677013700000001,35.68849254478,12
0.67859322,35.7932122998997,12
0.67956362,35.8560441529715,12
0.681231620000001,35.9398199570672,12
0.68220594,36.002651810139,12
0.683759920000001,36.1073715652587,12
0.684704780000001,36.1492594673066,12
0.686409800000001,36.2539792224262,12
0.68738214,36.2958671244741,12
0.68902014,36.4005868795937,12
0.6898241,36.4634187326655,12
0.691563060000001,36.5681384877852,12
0.69260488,36.630970340857,12
0.69428156,36.7147461449527,12
0.69524788,36.7775779980245,12
0.6967558,36.8613538021202,12
0.69775536,36.924185655192,12
0.699472920000001,37.0079614592878,12
0.70042314,37.0707933123596,12
0.702044340000001,37.1755130674792,12
0.70283284,37.2174009695271,12
0.70500306,37.3430646756707,12
0.70644312,37.4058965287425,12
0.70745832,37.4896723328382,12
0.70904642,37.55250418591,12
0.71002522,37.6362799900057,12
0.710817100000001,37.6991118430775,12
0.71256224,37.8038315981972,12
0.714247840000001,37.866663451269,12
0.715271280000001,37.9504392553647,12
0.71683206,38.0132711084365,12
0.71798334,38.1179908635562,12
0.71944092,38.159878765604,12
0.72043354,38.2436545696997,12
0.722086500000001,38.3064864227715,12
0.72318758,38.4112061778912,12
0.7249923,38.474038030963,12
0.72581614,38.5787577860827,12
0.72750072,38.6415896391545,12
0.728474100000001,38.7253654432502,12
0.73019834,38.788197296322,12
0.731201060000001,38.8929170514416,12
0.732673660000001,38.9557489045134,12
0.73364132,39.0395247086092,12
0.73538498,39.102356561681,12
0.736437280000001,39.1861323657767,12
0.73820148,39.2489642188485,12
0.7391961,39.3536839739681,12
0.74069532,39.4165158270399,12
0.741663000000001,39.5212355821596,12
0.743386340000001,39.6050113862553,12
0.74434412,39.6678432393271,12
0.74580626,39.7306750923989,12
0.74676016,39.8144508964946,12
0.74847902,39.8772827495664,12
0.749450840000001,39.9610585536622,12
0.75113268,40.023890406734,12
0.75209674,40.1286101618536,12
0.75356802,40.1704980639015,12
0.7545482,40.2752178190212,12
0.756288840000001,40.317105721069,12
0.757374840000001,40.4218254761887,12
0.75903158,40.5265452313083,12
0.75998066,40.5893770843801,12
0.76133492,40.6731528884759,12
0.76235852,40.7359847415477,12
0.76340158,40.7778726435955,12
0.76441972,40.8407044966673,12
0.76541686,40.9035363497391,12
0.76645458,40.9663682028109,12
0.767498020000001,41.0292000558827,12
0.7685349,41.0920319089545,12
0.76978162,41.1758077130502,12
0.7710894,41.238639566122,12
0.77215046,41.3014714191938,12
0.77320494,41.3643032722656,12
0.774249960000001,41.4271351253374,12
0.77532334,41.4899669784092,12
0.77636048,41.552798831481,12
0.777394320000001,41.6156306845528,12
0.778426400000001,41.6784625376246,12
0.77944294,41.7412943906964,12
0.780442880000001,41.8041262437682,12
0.78147376,41.846014145816,12
0.78249714,41.9088459988878,12
0.78352192,41.9926218029836,12
0.784541760000001,42.0554536560554,12
0.78554642,42.0973415581032,12
0.7865871,42.160173411175,12
0.787636000000001,42.2230052642468,12
0.7886898,42.2858371173186,12
0.78970886,42.3486689703904,12
0.7907215,42.4115008234622,12
0.79175308,42.474332676534,12
0.79275746,42.5371645296058,12
0.793786740000001,42.5999963826776,12
0.7948083,42.6418842847255,12
0.79579874,42.7047161377973,12
0.796826920000001,42.767547990869,12
0.79801484,42.8303798439409,12
0.79904646,42.8932116970126,12
0.80008046,42.9560435500844,12
0.801097800000001,43.0188754031562,12
0.80214736,43.081707256228,12
0.8035471,43.1445391092998,12
0.80461848,43.2283149133956,12
0.805646100000001,43.2911467664674,12
0.806681800000001,43.3539786195391,12
0.80773014,43.4168104726109,12
0.80874146,43.4796423256827,12
0.80978086,43.5424741787545,12
0.8107868,43.6053060318263,12
0.81180288,43.6471939338742,12
0.81282646,43.710025786946,12
0.81397864,43.7728576400178,12
0.81502376,43.8356894930896,12
0.816030280000001,43.8985213461614,12
0.81707376,43.9613531992332,12
0.818111880000001,44.024185052305,12
0.819430640000001,44.0870169053768,12
0.82050792,44.1498487584486,12
0.821524800000001,44.2336245625443,12
0.8225682,44.2964564156161,12
0.823576320000001,44.3592882686879,12
0.82456528,44.4011761707357,12
0.825623980000001,44.4640080238075,12
0.826623260000001,44.5268398768793,12
0.827691980000001,44.5896717299511,12
0.82870832,44.6525035830229,12
0.8297076,44.7153354360947,12
0.83074644,44.7781672891665,12
0.831757300000001,44.8409991422383,12
0.8327779,44.8828870442862,12
0.833784300000001,44.945718897358,12
0.8347858,45.0085507504298,12
0.83580664,45.0713826035016,12
0.83681672,45.1342144565734,12
0.838067600000001,45.1970463096452,12
0.83913062,45.259878162717,12
0.84018732,45.3227100157888,12
0.841232380000001,45.3855418688605,12
0.84225592,45.4483737219323,12
0.84330988,45.5112055750041,12
0.844327860000001,45.5740374280759,12
0.845359760000001,45.6159253301238,12
0.846382620000001,45.6787571831956,12
0.84742566,45.7415890362674,12
0.84845108,45.8044208893392,12
0.84946896,45.867252742411,12
0.85051752,45.9300845954828,12
0.851529000000001,45.9929164485546,12
0.85253424,46.0557483016264,12
0.85356026,46.1185801546982,12
0.854567520000001,46.18141200777,12
0.855590360000001,46.2442438608418,12
0.85661386,46.3070757139136,12
0.85765296,46.3699075669854,12
0.85870324,46.4327394200572,12
0.85971838,46.474627322105,12
0.86076538,46.5374591751768,12
0.86179144,46.6002910282486,12
0.86280512,46.6631228813204,12
0.86470316,46.7678426364401,12
0.865647880000001,46.8306744895119,12
0.8673331,46.9144502936076,12
0.86829336,46.9772821466794,12
0.86982402,47.082001901799,12
0.8707811,47.1448337548708,12
0.87249772,47.2286095589666,12
0.873431040000001,47.2914414120384,12
0.875171040000001,47.3752172161341,12
0.8761286,47.4380490692059,12
0.8777169,47.5427688243255,12
0.87865732,47.6056006773973,12
0.88036514,47.6893764814931,12
0.8813072,47.7522083345649,12
0.88279554,47.8359841386606,12
0.88373592,47.8988159917324,12
0.88543692,48.003535746852,12
0.88638592,48.0454236488999,12
0.88803268,48.1501434040196,12
0.888987740000001,48.2129752570914,12
0.89058272,48.2967510611871,12
0.891598640000001,48.3595829142589,12
0.89327248,48.4643026693785,12
0.89424916,48.5061905714264,12
0.895778940000001,48.6109103265461,12
0.896710240000001,48.6737421796179,12
0.8983704,48.7575179837136,12
0.899675960000001,48.8203498367854,12
0.901302660000001,48.925069591905,12
0.9033242,48.9879014449768,12
0.90431618,49.1135651511204,12
0.90578844,49.1554530531683,12
0.90675084,49.260172808288,12
0.9084474,49.3230046613598,12
0.909405980000001,49.4067804654555,12
0.91106606,49.4696123185273,12
0.912043840000001,49.5743320736469,12
0.91353898,49.6162199756948,12
0.91450802,49.7209397308145,12
0.91628256,49.7628276328623,12
0.91737492,49.867547387982,12
0.91901862,49.9303792410538,12
0.919829800000001,50.0350989961734,12
0.92145896,50.0979308492452,12
0.92243232,50.181706653341,12
0.92359052,50.2445385064128,12
0.92460824,50.3073703594846,12
0.925666280000001,50.3702022125564,12
0.9266933,50.4330340656281,12
0.92773456,50.4958659186999,12
0.928772200000001,50.5586977717717,12
0.92978784,50.6215296248435,12
0.930813960000001,50.6843614779153,12
0.93182272,50.7471933309871,12
0.93282108,50.8100251840589,12
0.9340039,50.8519130861068,12
0.93502372,50.9147449391786,12
0.936059080000001,50.9775767922504,12
0.937116200000001,51.0404086453222,12
0.93814256,51.103240498394,12
0.93926784,51.1660723514658,12
0.9402999,51.2289042045376,12
0.942113500000001,51.2917360576094,12
0.943109140000001,51.396455812729,12
0.94460278,51.4592876658008,12
0.94556736,51.5640074209205,12
0.94730372,51.6058953229683,12
0.94828282,51.710615078088,12
0.94976744,51.7525029801359,12
0.950736120000001,51.8572227352555,12
0.95242324,51.9200545883273,12
0.95339092,52.003830392423,12
0.955068900000001,52.0666622454948,12
0.95604622,52.1713820006145,12
0.957541760000001,52.2132699026624,12
0.95852332,52.317989657782,12
0.96028758,52.3598775598299,12
0.96135474,52.4645973149495,12
0.9629977,52.5274291680213,12
0.963811840000001,52.632148923141,12
0.96601268,52.7578126292846,12
0.966812740000001,52.7997005313325,12
0.96854238,52.9044202864521,12
0.970131540000001,52.9672521395239,12
0.97115158,53.0510279436196,12
0.97269978,53.1138597966914,12
0.973713340000001,53.2185795518111,12
0.974637760000001,53.2814114048829,12
0.97628814,53.3651872089786,12
0.978022240000001,53.4070751110265,12
0.979039,53.5117948661461,12
0.979815,53.5746267192179,12
0.98158464,53.6793464743376,12
0.98329716,53.7421783274094,12
0.98428038,53.8259541315051,12
0.98599486,53.8887859845769,12
0.98682234,53.9935057396966,12
0.98848128,54.0563375927684,12
0.98943938,54.1401133968641,12
0.991194220000001,54.182001298912,12
0.992278280000001,54.2867210540316,12
0.9939927,54.3495529071034,12
0.9948091,54.4542726622231,12
0.99644928,54.5171045152949,12
0.997459500000001,54.6008803193906,12
0.99918974,54.6637121724624,12
1.00019314,54.7684319275821,12
1.0017185,54.8312637806539,12
1.00273388,54.9359835357735,12
1.004777,55.0407032908932,12
1.00573644,55.103535143965,12
1.00746468,55.1873109480607,12
1.00841078,55.2501428011325,12
1.01004942,55.3548625562522,12
1.01099028,55.3967504583,12
1.01261246,55.5014702134197,12
1.01366128,55.5643020664915,12
1.01534904,55.6690218216111,12
1.01628744,55.710909723659,12
1.01798678,55.8156294787787,12
1.01880676,55.8784613318504,12
1.02057294,55.9831810869701,12
1.02151904,56.025068989018,12
1.02319536,56.1297887441376,12
1.0241733,56.1716766461855,12
1.02577168,56.2763964013052,12
1.02679276,56.339228254377,12
1.02851928,56.4439480094966,12
1.03015294,56.4858359115445,12
1.03116012,56.5905556666641,12
1.03268694,56.6533875197359,12
1.03376698,56.7581072748556,12
1.0354966,56.8209391279274,12
1.03645562,56.9047149320231,12
1.03823082,56.9675467850949,12
1.03924786,57.0722665402146,12
1.04075538,57.1350983932864,12
1.04172492,57.2188741973821,12
1.04335886,57.2817060504539,12
1.04432924,57.3654818545496,12
1.0460152,57.4283137076214,12
1.04682764,57.5330334627411,12
1.04850666,57.574921364789,12
1.04949264,57.6796411199086,12
1.05120472,57.7215290219565,12
1.05220362,57.8262487770761,12
1.0536861,57.8890806301479,12
1.054665,57.9938003852676,12
1.05635962,58.0356882873155,12
1.05736914,58.1404080424351,12
1.05908918,58.182295944483,12
1.06012916,58.2870156996026,12
1.06161296,58.3498475526744,12
1.06257474,58.4545673077941,12
1.06428824,58.496455209842,12
1.06527798,58.6011749649616,12
1.06674236,58.6640068180334,12
1.06798338,58.7477826221291,12
1.06961886,58.8525023772488,12
1.07056164,58.9153342303206,12
1.07230722,58.9991100344163,12
1.07329658,59.0619418874881,12
1.07480282,59.1666616426078,12
1.07578288,59.2294934956796,12
1.0775462,59.3132692997753,12
1.0784927,59.3761011528471,12
1.08021234,59.4808209079667,12
1.0811897,59.5227088100146,12
1.08275242,59.6274285651343,12
1.0836884,59.6902604182061,12
1.08540522,59.7740362223018,12
1.08636124,59.8368680753736,12
1.08813056,59.9415878304932,12
1.08967658,60.0044196835651,12
1.09065702,60.0881954876608,12
1.09224886,60.1510273407326,12
1.09326478,60.2348031448283,12
1.09480978,60.2976349979001,12
1.09579612,60.4023547530198,12
1.09673104,60.4442426550676,12
1.09839946,60.5489624101873,12
1.09934198,60.5908503122352,12
1.10099702,60.6955700673548,12
1.10178046,60.7584019204266,12
1.10378328,60.8421777245223,12
1.1054733,60.9259535286181,12
1.10645056,61.0097293327138,12
1.10821544,61.0725611857856,12
1.10922846,61.1772809409052,12
1.11075654,61.240112793977,12
1.11180008,61.3448325490967,12
1.11342988,61.3867204511446,12
1.1143935,61.4704962552403,12
1.11610584,61.5333281083121,12
1.11711684,61.6380478634317,12
1.11859922,61.7008797165035,12
1.11957114,61.7846555205993,12
1.12129422,61.8474873736711,12
1.12227234,61.9312631777668,12
1.12376824,61.9940950308386,12
1.12474298,62.0988147859582,12
1.12637768,62.1407026880061,12
1.12737918,62.2454224431258,12
1.12912494,62.2873103451736,12
1.1301859,62.3920301002933,12
1.13167688,62.4548619533651,12
1.13265838,62.5595817084847,12
1.1343507,62.6224135615565,12
1.13533016,62.7061893656523,12
1.13636364,62.7690212187241,12
1.13741388,62.8318530717959,12
1.13845346,62.8946849248677,12
1.13947152,62.9575167779395,12
1.14048118,62.9994046799873,12
1.14157284,63.0622365330591,12
1.1425982,63.1460123371548,12
1.1436298,63.2088441902266,12
1.14465326,63.2716760432984,12
1.14566612,63.3135639453463,12
1.14669944,63.3763957984181,12
1.14774756,63.4392276514899,12
1.14877898,63.5020595045617,12
1.14979842,63.5648913576335,12
1.1508051,63.6277232107053,12
1.15183184,63.6905550637771,12
1.15282992,63.7324429658249,12
1.15382962,63.7952748188967,12
1.15500562,63.8581066719685,12
1.15599828,63.9209385250403,12
1.1570536,63.9837703781121,12
1.15807208,64.0466022311839,12
1.1591209,64.1094340842557,12
1.16013924,64.1722659373275,12
1.16118352,64.2141538393754,12
1.16224028,64.2769856924472,12
1.1632701,64.339817545519,12
1.1643154,64.4026493985908,12
1.1653458,64.4654812516626,12
1.16635712,64.5283131047344,12
1.16743858,64.5911449578062,12
1.16845482,64.6539768108779,12
1.16949368,64.7168086639497,12
1.17052224,64.7796405170215,12
1.1715268,64.8424723700933,12
1.1725532,64.9053042231651,12
1.1738013,64.9681360762369,12
1.1751121,65.0309679293087,12
1.1761871,65.0937997823805,12
1.17746392,65.1566316354523,12
1.17853802,65.240407439548,12
1.17965202,65.3241832436438,12
1.1806784,65.3870150967156,12
1.18169518,65.4289029987634,12
1.18272372,65.4917348518352,12
1.18372806,65.554566704907,12
1.1847298,65.6173985579788,12
1.18577822,65.6802304110506,12
1.18679446,65.7430622641224,12
1.1880099,65.8058941171942,12
1.18902318,65.868725970266,12
1.19006602,65.9106138723139,12
1.19108364,65.9734457253857,12
1.19207814,66.0362775784575,12
1.19313486,66.0991094315293,12
1.19418038,66.161941284601,12
1.19524522,66.2247731376728,12
1.19627784,66.2876049907446,12
1.19732722,66.3504368438164,12
1.19837814,66.4132686968882,12
1.19939592,66.47610054996,12
1.20041822,66.5389324030318,12
1.20144174,66.5808203050797,12
1.20244204,66.6436521581515,12
1.20380906,66.7064840112233,12
1.20482484,66.790259815319,12
1.20600532,66.8530916683908,12
1.20704688,66.9159235214626,12
1.20817274,66.9787553745344,12
1.2092378,67.0415872276062,12
1.21026078,67.104419080678,12
1.21130716,67.1672509337498,12
1.21232138,67.2300827868216,12
1.21336378,67.2929146398934,12
1.21438432,67.3557464929652,12
1.21539876,67.418578346037,12
1.21643,67.4814101991088,12
1.21746802,67.5442420521806,12
1.21850284,67.5861299542284,12
1.21952638,67.6699057583241,12
1.22099966,67.7327376113959,12
1.22257302,67.7955694644677,12
1.22429984,67.9002892195874,12
1.22531744,67.9840650236831,12
1.22703314,68.0468968767549,12
1.22800184,68.1516166318746,12
1.22950218,68.2144484849464,12
1.23047304,68.2982242890421,12
1.23219228,68.3610561421139,12
1.2331887,68.4657758972336,12
1.23469988,68.5076637992814,12
1.23567136,68.6123835544011,12
1.23737512,68.6752154074729,12
1.2383488,68.7589912115686,12
1.24001448,68.8218230646404,12
1.24098784,68.9265428197601,12
1.24250732,68.9684307218079,12
1.24353496,69.0731504769276,12
1.24525662,69.1359823299994,12
1.24623756,69.2197581340951,12
1.24774602,69.2825899871669,12
1.24875088,69.3873097422866,12
1.2504713,69.4501415953584,12
1.25143196,69.5339173994541,12
1.25313504,69.5967492525259,12
1.2542281,69.7014690076455,12
1.25579796,69.8061887627652,12
1.25674786,69.8480766648131,12
1.25846732,69.9527964199327,12
1.25941942,70.0156282730045,12
1.26105244,70.0575161750524,12
1.26200396,70.1622359301721,12
1.26353618,70.2041238322199,12
1.26448852,70.3088435873396,12
1.26616796,70.3507314893874,12
1.26718924,70.4554512445071,12
1.26866642,70.5182830975789,12
1.26961166,70.6230028526986,12
1.2713165,70.6648907547464,12
1.27228328,70.7696105098661,12
1.27375682,70.811498411914,12
1.27473284,70.9162181670336,12
1.27643022,70.9790500201054,12
1.27741208,71.0628258242011,12
1.2791564,71.1256576772729,12
1.28016694,71.2303774323926,12
1.2816668,71.3141532364883,12
1.28263056,71.3769850895601,12
1.28434058,71.4607608936558,12
1.28531584,71.5235927467276,12
1.28679326,71.5864245997994,12
1.28779396,71.6911443549191,12
1.28947406,71.733032256967,12
1.29042808,71.8377520120866,12
1.29212186,71.8796399141345,12
1.2930858,71.9843596692541,12
1.29456166,72.0471915223259,12
1.29581354,72.1519112774456,12
1.29756682,72.2566310325652,12
1.2985223,72.319462885637,12
1.30022854,72.4032386897328,12
1.30119986,72.4660705428046,12
1.30277104,72.5707902979242,12
1.30503662,72.633622150996,12
1.30608456,72.7383419061157,12
1.30759924,72.8011737591875,12
1.30861294,72.9058935143071,12
1.31031142,72.9687253673789,12
1.31128516,73.0525011714746,12
1.31277532,73.1153330245465,12
1.31375558,73.2200527796661,12
1.31544152,73.261940681714,12
1.31641278,73.3666604368336,12
1.31818724,73.4085483388815,12
1.31927484,73.5132680940012,12
1.32082232,73.6179878491208,12
1.3217766,73.6808197021926,12
1.3234887,73.7645955062883,12
1.32444384,73.8274273593602,12
1.32607162,73.9321471144798,12
1.32705534,73.9740350165277,12
1.32858154,74.0787547716473,12
1.3295423,74.1415866247191,12
1.33125694,74.183474526767,12
1.33224072,74.2881942818867,12
1.33371856,74.3719700859824,12
1.33467024,74.4348019390542,12
1.33642166,74.497633792126,12
1.3374856,74.5814095962217,12
1.33916036,74.6861293513414,12
1.34011826,74.7489612044132,12
1.34167344,74.8536809595328,12
1.34263476,74.9165128126046,12
1.3443777,75.0002886167003,12
1.34541414,75.0631204697721,12
1.34711266,75.1468962738679,12
1.34805972,75.2097281269397,12
1.34965034,75.3144478820593,12
1.3505955,75.3772797351311,12
1.35228492,75.4610555392268,12
1.35325608,75.5238873922986,12
1.35479964,75.6286071474183,12
1.35573688,75.6704950494662,12
1.3574592,75.7542708535619,12
1.35841586,75.8171027066337,12
1.36003646,75.9218224617533,12
1.36082818,75.9637103638012,12
1.36253784,76.0684301189209,12
1.3634875,76.1312619719927,12
1.36512726,76.2150377760884,12
1.3660845,76.2778696291602,12
1.36765084,76.3616454332559,12
1.3686017,76.4244772863277,12
1.3702983,76.5082530904234,12
1.37127792,76.5710849434952,12
1.37276174,76.6758046986149,12
1.37373384,76.7386365516867,12
1.37552996,76.8224123557824,12
1.37650662,76.8852442088542,12
1.37820216,76.9899639639739,12
1.37916946,77.0318518660217,12
1.38074894,77.1365716211414,12
1.38168622,77.1994034742132,12
1.38335544,77.2831792783089,12
1.38431288,77.3460111313807,12
1.3860484,77.4297869354764,12
1.38766464,77.4926187885482,12
1.38866358,77.5973385436679,12
1.38960012,77.6601703967397,12
1.39127966,77.7439462008354,12
1.39281576,77.8067780539072,12
1.39380996,77.9114978090269,12
1.3947532,77.9533857110747,12
1.39645666,78.0581054661944,12
1.3974281,78.0999933682423,12
1.39910138,78.2047131233619,12
1.40003384,78.2675449764337,12
1.40161874,78.3722647315534,12
1.40255468,78.4141526336012,12
1.40453314,78.5398163397448,12
1.40628302,78.6026481928166,12
1.40730872,78.6864239969124,12
1.4090532,78.7492558499842,12
1.41003132,78.8539756051038,12
1.4115336,78.8958635071517,12
1.4125025,79.0005832622713,12
1.41422752,79.0424711643192,12
1.41522772,79.1471909194389,12
1.41670308,79.2100227725107,12
1.41773214,79.3147425276303,12
1.41943242,79.3566304296782,12
1.42041486,79.4613501847978,12
1.42214332,79.5241820378696,12
1.4231912,79.6079578419654,12
1.42467366,79.6707896950372,12
1.42564822,79.7755094501568,12
1.42738594,79.8592852542525,12
1.42836134,79.9221171073243,12
1.4300248,79.9849489603961,12
1.43083084,80.0687247644919,12
1.43250022,80.1315566175637,12
1.43346572,80.2153324216594,12
1.43516312,80.2781642747312,12
1.43616208,80.3828840298509,12
1.4376477,80.4457158829226,12
1.43861514,80.5294916870184,12
1.4403821,80.5923235400902,12
1.44136894,80.6970432952098,12
1.44299786,80.7389311972577,12
1.44381332,80.8436509523773,12
1.44549332,80.9064828054491,12
1.44646624,80.9902586095449,12
1.44820202,81.0530904626167,12
1.4492075,81.1368662667124,12
1.4507047,81.241586021832,12
1.45167744,81.3044178749039,12
1.45338702,81.3881936789996,12
1.45434966,81.4510255320714,12
1.45602098,81.5138573851432,12
1.45707316,81.5976331892389,12
1.45863108,81.7023529443586,12
1.45959132,81.7651847974303,12
1.46129302,81.8489606015261,12
1.46227572,81.9117924545979,12
1.46378,82.0165122097175,12
1.46472514,82.0584001117654,12
1.46642074,82.1631198668851,12
1.46740412,82.2050077689329,12
1.46907208,82.3097275240526,12
1.470028,82.3725593771244,12
1.47158472,82.477279132244,12
1.47253084,82.5191670342919,12
1.47421734,82.6029428383876,12
1.47523376,82.6657746914594,12
1.47675804,82.7704944465791,12
1.4777862,82.8333262996509,12
1.4794716,82.9171021037466,12
1.4814961,83.0008779078423,12
1.48247026,83.105597662962,12
1.48421086,83.1474855650099,12
1.48521034,83.2522053201295,12
1.48670248,83.3150371732013,12
1.48769758,83.419756928321,12
1.48936862,83.4616448303688,12
1.49034566,83.5663645854885,12
1.49202616,83.6082524875364,12
1.49299308,83.712972242656,12
1.49453336,83.7758040957278,12
1.49553358,83.8805238508475,12
1.4973507,83.9224117528953,12
1.49833086,84.027131508015,12
1.49981404,84.0899633610868,12
1.50078712,84.1737391651825,12
1.50245348,84.2365710182543,12
1.50374984,84.32034682235,12
