time1,pos1,vel1,ang1,angvel1
1.7474626,-0.134483933448792,0.782332718372345,0.0913648083806038,0
1.75642394,-0.1267409324646,1.10065484046936,0.0913648083806038,0
1.76427656,-0.121316373348236,1.10065484046936,0.0913648083806038,0
1.77222818,-0.121316373348236,1.10065484046936,0.0913648083806038,0
1.78017634,-0.115881614387035,1.10065484046936,0.0913648083806038,0
1.78801194,-0.1156837195158,1.10065484046936,0.0913648083806038,0
1.79526148,-0.11559434980154,1.10065484046936,0.0913648083806038,0
1.8014196,-0.11559434980154,1.10065484046936,0.0913648083806038,0
1.80812746,-0.115481674671173,0.22518515586853,0.0913648083806038,0
1.81433316,-0.115361221134663,0.22518515586853,0.0913648083806038,0
1.82051634,-0.115361221134663,0.22518515586853,0.0913648083806038,0
1.82670234,-0.115236893296242,0.22518515586853,0.0874038413167,0
1.8334729,-0.11517084389925,0.22518515586853,0.0833781138062477,0
1.8396469,-0.11517084389925,0.22518515586853,0.0792922899127007,0
1.8459859,-0.113552242517471,0.22518515586853,0.075145997107029,0
1.85216776,-0.112729169428349,0.22518515586853,0.0709425434470177,0
1.8589033,-0.112729169428349,0.0550501048564911,0.0666814595460892,-0.408445298671722
1.86538836,-0.11226886510849,0.0550501048564911,0.0580009445548058,-0.408445298671722
1.87297004,-0.113770551979542,0.0550501048564911,0.049117311835289,-0.408445298671722
1.88065128,-0.113770551979542,0.0550501048564911,0.0400502607226372,-0.408445298671722
1.8884769,-0.114425837993622,0.0550501048564911,0.0308107882738113,-0.408445298671722
1.89639924,-0.114738114178181,0.0550501048564911,0.0214193239808083,-0.408445298671722
1.9046269,-0.11477966606617,-0.041009932756424,0.00707890838384628,-1.27727270126343
1.91254416,-0.114694640040398,-0.041009932756424,-0.00262391939759254,-1.27727270126343
1.92036734,-0.114694640040398,-0.041009932756424,-0.0124224834144115,-1.27727270126343
1.9283887,-0.114658571779728,-0.041009932756424,-0.0173510611057281,-1.27727270126343
1.93710578,-0.112612619996071,-0.041009932756424,-0.027260459959507,-1.27727270126343
1.94515108,-0.111612759530544,-0.041009932756424,-0.0322351232171059,-1.27727270126343
1.95308348,-0.110917627811432,-0.041009932756424,-0.0372195690870285,-1.27727270126343
1.96089022,-0.110917627811432,0.0772407650947571,-0.0372195690870285,-0.885969519615173
1.96735358,-0.110509306192398,0.0772407650947571,-0.0372195690870285,-0.885969519615173
1.97359674,-0.110206566751003,0.0772407650947571,-0.0372195690870285,-0.885969519615173
1.98101916,-0.110206566751003,0.0772407650947571,-0.0322351232171059,-0.885969519615173
1.98894536,-0.110104978084564,0.0772407650947571,-0.022297777235508,-0.885969519615173
1.9966642,-0.109957590699196,0.0772407650947571,-0.0124224834144115,-0.885969519615173
2.0050766,-0.109927713871002,0.0197982788085938,0.0022408626973629,0.789208650588989
2.0129266,-0.111600771546364,0.0197982788085938,0.0166706889867783,0.789208650588989
2.02068046,-0.111600771546364,0.0197982788085938,0.0308107882738113,0.789208650588989
2.02744854,-0.112445279955864,0.0197982788085938,0.0446052029728889,0.789208650588989
2.03418888,-0.11148527264595,0.0197982788085938,0.0580009445548058,0.789208650588989
2.04038484,-0.11148527264595,0.0197982788085938,0.0666814595460892,0.789208650588989
2.04755854,-0.112742058932781,0.0197982788085938,0.0792922899127007,0.789208650588989
2.05653074,-0.113518849015236,-0.0718227028846741,0.095261462032795,1.78247892856598
2.06408964,-0.116531878709793,-0.0718227028846741,0.110163561999798,1.78247892856598
2.07035396,-0.116531878709793,-0.0718227028846741,0.11718112975359,1.78247892856598
2.07652766,-0.120898045599461,-0.0718227028846741,0.127129554748535,1.78247892856598
2.08269328,-0.123198993504047,-0.0718227028846741,0.133361667394638,1.78247892856598
2.090245,-0.123198993504047,-0.0718227028846741,0.139258593320847,1.78247892856598
2.09815876,-0.124292574822903,-0.0718227028846741,0.144812107086182,1.78247892856598
2.10648974,-0.122776962816715,-0.185162276029587,0.15000993013382,1.17290246486664
2.1144165,-0.122014962136745,-0.185162276029587,0.154845774173737,1.17290246486664
2.12234066,-0.121635600924492,-0.185162276029587,0.157124131917953,1.17290246486664
2.13035984,-0.121635600924492,-0.185162276029587,0.159308910369873,1.17290246486664
2.13793526,-0.124038942158222,-0.185162276029587,0.161398738622665,1.17290246486664
2.14414074,-0.128061473369598,-0.185162276029587,0.161398738622665,1.17290246486664
2.15033356,-0.128061473369598,-0.185162276029587,0.161398738622665,1.17290246486664
2.15704758,-0.130737885832787,-0.159218460321426,0.161398738622665,0.227776169776917
2.16352054,-0.12859158217907,-0.159218460321426,0.161398738622665,0.227776169776917
2.16992394,-0.12859158217907,-0.159218460321426,0.161398738622665,0.227776169776917
2.17607566,-0.127350941300392,-0.159218460321426,0.161398738622665,0.227776169776917
2.18226808,-0.126867458224297,-0.159218460321426,0.163392722606659,0.227776169776917
2.18839908,-0.126867458224297,-0.159218460321426,0.163392722606659,0.227776169776917
2.19455478,-0.126356780529022,-0.159218460321426,0.163392722606659,0.227776169776917
2.20088062,-0.126356780529022,-0.159218460321426,0.163392722606659,0.227776169776917
2.207456,-0.126236319541931,0.0900313258171082,0.165289610624313,0.0398796796798706
2.21365182,-0.125909104943275,0.0900313258171082,0.165289610624313,0.0398796796798706
2.22000174,-0.125909104943275,0.0900313258171082,0.165289610624313,0.0398796796798706
2.2261936,-0.12571094930172,0.0900313258171082,0.167089253664017,0.0398796796798706
2.23265248,-0.125547766685486,0.0900313258171082,0.167089253664017,0.0398796796798706
2.2389517,-0.125547766685486,0.0900313258171082,0.168790876865387,0.0398796796798706
2.24510282,-0.12306635081768,0.0900313258171082,0.170393019914627,0.0398796796798706
2.2512947,-0.12306635081768,0.0900313258171082,0.170393019914627,0.0398796796798706
2.25795086,-0.124089919030666,0.042928010225296,0.17189484834671,0.170042514801025
2.2660505,-0.124458372592926,0.042928010225296,0.173296749591827,0.170042514801025
2.27370726,-0.124396972358227,0.042928010225296,0.174597978591919,0.170042514801025
2.28157876,-0.124396972358227,0.042928010225296,0.174597978591919,0.170042514801025
2.28952828,-0.121840715408325,0.042928010225296,0.175796866416931,0.170042514801025
2.2973571,-0.120461009442806,0.042928010225296,0.175796866416931,0.170042514801025
2.3056395,-0.119567982852459,0.0904387235641479,0.176893770694733,0.0999784469604492
2.31366208,-0.11891233175993,0.0904387235641479,0.176893770694733,0.0999784469604492
2.3216359,-0.11891233175993,0.0904387235641479,0.177887827157974,0.0999784469604492
2.3294308,-0.118285730481148,0.0904387235641479,0.177887827157974,0.0999784469604492
2.3381605,-0.117694988846779,0.0904387235641479,0.177887827157974,0.0999784469604492
2.34619142,-0.11726475507021,0.0904387235641479,0.177887827157974,0.0999784469604492
2.35450922,-0.116744890809059,0.0564618408679962,0.177887827157974,0.0198811292648315
2.36234538,-0.116284780204296,0.0564618408679962,0.177887827157974,0.0198811292648315
2.37029438,-0.116284780204296,0.0564618408679962,0.177887827157974,0.0198811292648315
2.37816948,-0.11574100703001,0.0564618408679962,0.177887827157974,0.0198811292648315
2.3861194,-0.112684801220894,0.0564618408679962,0.177887827157974,0.0198811292648315
2.39409306,-0.111014373600483,0.0564618408679962,0.176893770694733,0.0198811292648315
2.4007126,-0.111014373600483,0.0564618408679962,0.176893770694733,0.0198811292648315
2.40747868,-0.107815608382225,0.178585648536682,0.176893770694733,-0.0198811292648315
2.41364052,-0.106227286159992,0.178585648536682,0.175796866416931,-0.0198811292648315
2.41992758,-0.106227286159992,0.178585648536682,0.175796866416931,-0.0198811292648315
2.4261404,-0.106874354183674,0.178585648536682,0.175796866416931,-0.0198811292648315
2.43370102,-0.106889188289642,0.178585648536682,0.174597978591919,-0.0198811292648315
2.4415718,-0.106889188289642,0.178585648536682,0.174597978591919,-0.0198811292648315
2.44932116,-0.104914657771587,0.178585648536682,0.173296749591827,-0.0198811292648315
2.45760724,-0.103777214884758,0.0807678699493408,0.17189484834671,-0.0719404220581055
2.46545062,-0.102949544787407,0.0807678699493408,0.17189484834671,-0.0719404220581055
2.4733305,-0.10218607634306,0.0807678699493408,0.168790876865387,-0.0719404220581055
2.48064624,-0.10218607634306,0.0807678699493408,0.167089253664017,-0.0719404220581055
2.48696732,-0.0996941402554512,0.0807678699493408,0.165289610624313,-0.0719404220581055
2.49316566,-0.097370833158493,0.0807678699493408,0.161398738622665,-0.0719404220581055
2.49935562,-0.097370833158493,0.0807678699493408,0.159308910369873,-0.0719404220581055
2.50608772,-0.0953966304659843,0.167611688375473,0.154845774173737,-0.369019508361816
2.51227246,-0.0940841287374496,0.167611688375473,0.15000993013382,-0.369019508361816
2.51839474,-0.0940841287374496,0.167611688375473,0.144812107086182,-0.369019508361816
2.52458962,-0.092768520116806,0.167611688375473,0.142079293727875,-0.369019508361816
2.53090382,-0.092768520116806,0.167611688375473,0.136352300643921,-0.369019508361816
2.53748566,-0.0912738442420959,0.167611688375473,0.130286991596222,-0.369019508361816
2.54363268,-0.0869512110948563,0.167611688375473,0.120575450360775,-0.369019508361816
2.54994912,-0.0869512110948563,0.167611688375473,0.113709159195423,-0.369019508361816
2.5565327,-0.0844717770814896,0.218497067689896,0.106544010341167,-0.893644213676453
2.56313572,-0.0805395692586899,0.218497067689896,0.0990906283259392,-0.893644213676453
2.5693035,-0.0805395692586899,0.218497067689896,0.0913648083806038,-0.893644213676453
2.5755109,-0.076347216963768,0.218497067689896,0.0833781138062477,-0.893644213676453
2.58186272,-0.076347216963768,0.218497067689896,0.0709425434470177,-0.893644213676453
2.58799514,-0.0737858936190605,0.218497067689896,0.0623677521944046,-0.893644213676453
2.59413354,-0.0717921853065491,0.218497067689896,0.0535845682024956,-0.893644213676453
2.60030898,-0.0717921853065491,0.218497067689896,0.0446052029728889,-0.893644213676453
2.6070314,-0.0702705755829811,0.284024029970169,0.0308107882738113,-1.49424755573273
2.6131575,-0.0691543221473694,0.284024029970169,0.0214193239808083,-1.49424755573273
2.61933778,-0.0691543221473694,0.284024029970169,0.0118898525834084,-1.49424755573273
2.62567036,-0.066404402256012,0.284024029970169,0.0022408626973629,-1.49424755573273
2.63218328,-0.0647063031792641,0.284024029970169,-0.00751330703496933,-1.49424755573273
2.63827906,-0.0647063031792641,0.284024029970169,-0.0173510611057281,-1.49424755573273
2.64443216,-0.0621659271419048,0.284024029970169,-0.022297777235508,-1.49424755573273
2.65141738,-0.0621659271419048,0.284024029970169,-0.0322351232171059,-1.49424755573273
2.65960036,-0.0598838813602924,0.207733884453774,-0.0422143340110779,-1.35372602939606
2.66742458,-0.0566839203238487,0.207733884453774,-0.0522178485989571,-1.35372602939606
2.67615454,-0.0532414801418781,0.207733884453774,-0.05722401663661,-1.35372602939606
2.68411028,-0.0503545477986336,0.207733884453774,-0.0622307993471622,-1.35372602939606
2.69202378,-0.0503545477986336,0.207733884453774,-0.0672332644462585,-1.35372602939606
2.69997534,-0.0474967211484909,0.207733884453774,-0.0722310245037079,-1.35372602939606
2.70816512,-0.0446327701210976,0.305022209882736,-0.0772227942943573,-0.899753391742706
2.71619188,-0.0418087393045425,0.305022209882736,-0.0772227942943573,-0.899753391742706
2.72423524,-0.0374652296304703,0.305022209882736,-0.0772227942943573,-0.899753391742706
2.73211364,-0.0351195894181728,0.305022209882736,-0.0772227942943573,-0.899753391742706
2.74005666,-0.0351195894181728,0.305022209882736,-0.0772227942943573,-0.899753391742706
2.74626974,-0.033236101269722,0.305022209882736,-0.0772227942943573,-0.899753391742706
2.75251056,-0.0316515155136585,0.305022209882736,-0.0722310245037079,-0.899753391742706
2.76001392,-0.0316515155136585,0.25962507724762,-0.0722310245037079,0.0998353958129883
2.76771314,-0.0303557012230158,0.25962507724762,-0.0672332644462585,0.0998353958129883
2.77544752,-0.0291856769472361,0.25962507724762,-0.0672332644462585,0.0998353958129883
2.78340262,-0.0274117477238178,0.25962507724762,-0.0672332644462585,0.0998353958129883
2.79123646,-0.0274117477238178,0.25962507724762,-0.0672332644462585,0.0998353958129883
2.79908614,-0.0258526615798473,0.25962507724762,-0.0672332644462585,0.0998353958129883
2.80741692,-0.0237994771450758,0.157040759921074,-0.0672332644462585,0.0999552011489868
2.81360596,-0.0220560450106859,0.157040759921074,-0.0672332644462585,0.0999552011489868
2.81991748,-0.0220560450106859,0.157040759921074,-0.0722310245037079,0.0999552011489868
2.82611672,-0.0205069724470377,0.157040759921074,-0.0722310245037079,0.0999552011489868
2.83258156,-0.0179671663790941,0.157040759921074,-0.0772227942943573,0.0999552011489868
2.8390918,-0.0179671663790941,0.157040759921074,-0.0772227942943573,0.0999552011489868
2.84520876,-0.016649704426527,0.157040759921074,-0.0822063758969307,0.0999552011489868
2.85139238,-0.016649704426527,0.157040759921074,-0.0822063758969307,0.0999552011489868
2.85803534,-0.0152817340567708,0.17035485804081,-0.0871777683496475,-0.39889007806778
2.86450194,-0.0135882953181863,0.17035485804081,-0.0921347737312317,-0.39889007806778
2.87070926,-0.0135882953181863,0.17035485804081,-0.0970770418643951,-0.39889007806778
2.87700154,-0.0120022967457771,0.17035485804081,-0.102001488208771,-0.39889007806778
2.8833083,-0.00961132068186998,0.17035485804081,-0.102001488208771,-0.39889007806778
2.89196564,-0.00859014503657818,0.17035485804081,-0.106905922293663,-0.39889007806778
2.89960276,-0.00859014503657818,0.17035485804081,-0.111787334084511,-0.39889007806778
2.90802192,-0.00670780194923282,0.171478644013405,-0.121476896107197,-0.589351177215576
2.9156103,-0.00525676738470793,0.171478644013405,-0.126279890537262,-0.589351177215576
2.9233953,-0.00364110944792628,0.171478644013405,-0.126279890537262,-0.589351177215576
2.9312425,-0.00364110944792628,0.171478644013405,-0.131051361560822,-0.589351177215576
2.93790548,-0.00229675299488008,0.171478644013405,-0.135790914297104,-0.589351177215576
2.9452389,-0.00121723173651844,0.171478644013405,-0.140497326850891,-0.589351177215576
2.9530843,0.0000883865359355696,0.171478644013405,-0.140497326850891,-0.589351177215576
2.96136016,0.0000883865359355696,0.135923773050308,-0.145164266228676,-0.477039963006973
2.96792896,0.00156026845797896,0.135923773050308,-0.145164266228676,-0.477039963006973
2.97407434,0.00353862764313817,0.135923773050308,-0.145164266228676,-0.477039963006973
2.98032248,0.00353862764313817,0.135923773050308,-0.149793058633804,-0.477039963006973
2.98650584,0.00477937702089548,0.135923773050308,-0.149793058633804,-0.477039963006973
2.99264716,0.00542016979306936,0.135923773050308,-0.149793058633804,-0.477039963006973
2.99896202,0.00542016979306936,0.135923773050308,-0.149793058633804,-0.477039963006973
3.00545512,0.00739982584491372,0.146228775382042,-0.149793058633804,-0.185914635658264
3.01163388,0.00739982584491372,0.146228775382042,-0.149793058633804,-0.185914635658264
3.01789166,0.00833454169332981,0.146228775382042,-0.149793058633804,-0.185914635658264
3.02406088,0.00935226399451494,0.146228775382042,-0.145164266228676,-0.185914635658264
3.03027666,0.00935226399451494,0.146228775382042,-0.145164266228676,-0.185914635658264
3.03694566,0.00987728126347065,0.146228775382042,-0.145164266228676,-0.185914635658264
3.04313578,0.011162337847054,0.146228775382042,-0.145164266228676,-0.185914635658264
3.05002032,0.011162337847054,0.146228775382042,-0.140497326850891,-0.185914635658264
3.05871748,0.011820163577795,0.0884067565202713,-0.140497326850891,0.185914635658264
3.0665371,0.0121347429230809,0.0884067565202713,-0.135790914297104,0.185914635658264
3.07434678,0.0123385237529874,0.0884067565202713,-0.135790914297104,0.185914635658264
3.08220834,0.0123385237529874,0.0884067565202713,-0.135790914297104,0.185914635658264
3.09010574,0.0135918809100986,0.0884067565202713,-0.131051361560822,0.185914635658264
3.09818966,0.0142032625153661,0.0884067565202713,-0.131051361560822,0.185914635658264
3.10660676,0.0149947544559836,0.0634918138384819,-0.126279890537262,0.284348726272583
3.11450666,0.0154431536793709,0.0634918138384819,-0.126279890537262,0.284348726272583
3.12250712,0.0156639479100704,0.0634918138384819,-0.126279890537262,0.284348726272583
3.1303914,0.0156639479100704,0.0634918138384819,-0.126279890537262,0.284348726272583
3.13901426,0.0157250985503197,0.0634918138384819,-0.121476896107197,0.284348726272583
3.14710024,0.014668770134449,0.0634918138384819,-0.121476896107197,0.284348726272583
3.15526546,0.0152122117578983,0.00434914603829384,-0.121476896107197,0.0960598886013031
3.1632989,0.0155824469402432,0.00434914603829384,-0.121476896107197,0.0960598886013031
3.17115654,0.0155824469402432,0.00434914603829384,-0.121476896107197,0.0960598886013031
3.1791409,0.0157183073461056,0.00434914603829384,-0.121476896107197,0.0960598886013031
3.18645594,0.0151511570438743,0.00434914603829384,-0.121476896107197,0.0960598886013031
3.19260326,0.0148522946983576,0.00434914603829384,-0.121476896107197,0.0960598886013031
3.19891718,0.0148522946983576,0.00434914603829384,-0.121476896107197,0.0960598886013031
3.20543792,0.0153684997931123,0.00312576070427895,-0.121476896107197,0
3.21164678,0.0153684997931123,0.00312576070427895,-0.121476896107197,0
3.21789526,0.0155620956793427,0.00312576070427895,-0.121476896107197,0
3.22409928,0.0145872496068478,0.00312576070427895,-0.121476896107197,0
3.23206162,0.0145872496068478,0.00312576070427895,-0.116645328700542,0
3.24006362,0.0140811540186405,0.00312576070427895,-0.111787334084511,0
3.24798586,0.0137788392603397,0.00312576070427895,-0.106905922293663,0
3.2562659,0.013680343516171,-0.033763125538826,-0.102001488208771,0.291419476270676
3.2641319,0.0130926510319114,-0.033763125538826,-0.0970770418643951,0.291419476270676
3.27224646,0.0127801513299346,-0.033763125538826,-0.0921347737312317,0.291419476270676
3.27900202,0.0127801513299346,-0.033763125538826,-0.0871777683496475,0.291419476270676
3.28516878,0.0126272579655051,-0.033763125538826,-0.0822063758969307,0.291419476270676
3.29135168,0.0126272579655051,-0.033763125538826,-0.0722310245037079,0.291419476270676
3.2974344,0.0125661082565784,-0.033763125538826,-0.0672332644462585,0.291419476270676
3.30358608,0.0120158009231091,-0.033763125538826,-0.0622307993471622,0.291419476270676
3.3103345,0.0120158009231091,-0.0332908518612385,-0.0522178485989571,0.893502473831177
3.3164644,0.0106443408876657,-0.0332908518612385,-0.0472144931554794,0.893502473831177
3.32266944,0.0100188441574574,-0.0332908518612385,-0.0372195690870285,0.893502473831177
3.32897858,0.0100188441574574,-0.0332908518612385,-0.0322351232171059,0.893502473831177
3.33540478,0.00961261708289385,-0.0332908518612385,-0.027260459959507,0.893502473831177
3.34167216,0.00961261708289385,-0.0332908518612385,-0.0173510611057281,0.893502473831177
3.34797412,0.0083869555965066,-0.0332908518612385,-0.0124224834144115,0.893502473831177
3.3544987,0.00727050798013806,-0.094905860722065,-0.00262391939759254,1.19213759899139
3.36070858,0.00727050798013806,-0.094905860722065,0.0022408626973629,1.19213759899139
3.367427,0.00668083177879453,-0.094905860722065,0.0118898525834084,1.19213759899139
3.37360284,0.00567401899024844,-0.094905860722065,0.0166706889867783,1.19213759899139
3.37990544,0.00567401899024844,-0.094905860722065,0.0214193239808083,1.19213759899139
3.38609258,0.00323667516931891,-0.094905860722065,0.026132807135582,1.19213759899139
3.39226028,0.00231325160712004,-0.094905860722065,0.0308107882738113,1.19213759899139
3.39837444,0.00231325160712004,-0.094905860722065,0.0354511812329292,1.19213759899139
3.40511122,0.00142692564986646,-0.116871647536755,0.0354511812329292,0.761502027511597
3.41130526,0.00142692564986646,-0.116871647536755,0.0400502607226372,0.761502027511597
3.41745728,0.000947113032452762,-0.116871647536755,0.0400502607226372,0.761502027511597
3.42360632,0.000740489980671555,-0.116871647536755,0.0446052029728889,0.761502027511597
3.42995266,0.000740489980671555,-0.116871647536755,0.0446052029728889,0.761502027511597
3.43621334,0.000640544865746051,-0.116871647536755,0.0446052029728889,0.761502027511597
3.44235386,-0.000251808174652979,-0.116871647536755,0.0446052029728889,0.761502027511597
3.44993386,-0.000251808174652979,-0.116871647536755,0.0446052029728889,0.761502027511597
3.45805726,-0.00143396377097815,-0.0572177842259407,0.0400502607226372,0.0919815897941589
3.46663348,-0.00264808651991189,-0.0572177842259407,0.0400502607226372,0.0919815897941589
3.47444956,-0.00328338611871004,-0.0572177842259407,0.0400502607226372,0.0919815897941589
3.48227436,-0.00328338611871004,-0.0572177842259407,0.0400502607226372,0.0919815897941589
3.49030058,-0.00403949758037925,-0.0572177842259407,0.0354511812329292,0.0919815897941589
3.49820858,-0.00436265952885151,-0.0572177842259407,0.0354511812329292,0.0919815897941589
3.50664916,-0.00457914359867573,-0.0629035905003548,0.0354511812329292,-0.0919815897941589
3.5144971,-0.0046889497898519,-0.0629035905003548,0.0354511812329292,-0.0919815897941589
3.52247802,-0.00378232961520553,-0.0629035905003548,0.0354511812329292,-0.0919815897941589
3.53042766,-0.00378232961520553,-0.0629035905003548,0.0354511812329292,-0.0919815897941589
3.53816144,-0.00468744290992618,-0.0629035905003548,0.0354511812329292,-0.0919815897941589
3.54629704,-0.00520980823785067,-0.0629035905003548,0.0354511812329292,-0.0919815897941589
3.55517016,-0.00641605397686362,-0.0367382057011127,0.0354511812329292,0
3.56323026,-0.00743097299709916,-0.0367382057011127,0.0354511812329292,0
3.57119048,-0.00743097299709916,-0.0367382057011127,0.0354511812329292,0
3.57912238,-0.00795333832502365,-0.0367382057011127,0.0354511812329292,0
3.58706438,-0.00876268371939659,-0.0367382057011127,0.0354511812329292,0
3.59495026,-0.00911087077111006,-0.0367382057011127,0.0354511812329292,0
3.60255396,-0.00835325196385384,-0.0367382057011127,0.0354511812329292,0
3.61100018,-0.00835325196385384,-0.0387439578771591,0.0354511812329292,0
3.61863548,-0.00940111186355352,-0.0387439578771591,0.0400502607226372,0
3.62658964,-0.0105268666520715,-0.0387439578771591,0.0400502607226372,0
3.6346067,-0.0111808395013213,-0.0387439578771591,0.0400502607226372,0
3.64114514,-0.0111808395013213,-0.0387439578771591,0.0400502607226372,0
3.6472531,-0.0108491135761142,-0.0387439578771591,0.0400502607226372,0
3.65343794,-0.0106026837602258,-0.0387439578771591,0.0400502607226372,0
3.66013228,-0.0106026837602258,-0.0449886359274387,0.0446052029728889,0.0919815897941589
3.66655678,-0.0105805965140462,-0.0449886359274387,0.0446052029728889,0.0919815897941589
3.6728936,-0.0104984473437071,-0.0449886359274387,0.0446052029728889,0.0919815897941589
3.67906584,-0.0104984473437071,-0.0449886359274387,0.0446052029728889,0.0919815897941589
3.68519726,-0.0104984473437071,-0.0449886359274387,0.0446052029728889,0.0919815897941589
3.69145726,-0.0104984473437071,-0.0449886359274387,0.049117311835289,0.0919815897941589
3.69757598,-0.0111555866897106,-0.0449886359274387,0.049117311835289,0.0919815897941589
3.70428334,-0.0115252109244466,-0.0184505432844162,0.049117311835289,0.181341022253037
3.71043356,-0.0115252109244466,-0.0184505432844162,0.049117311835289,0.181341022253037
3.71654152,-0.0116894915699959,-0.0184505432844162,0.0535845682024956,0.181341022253037
3.72288388,-0.0127921486273408,-0.0184505432844162,0.0535845682024956,0.181341022253037
3.72908556,-0.0127921486273408,-0.0184505432844162,0.0535845682024956,0.181341022253037
3.73538384,-0.0133734894916415,-0.0184505432844162,0.0535845682024956,0.181341022253037
3.74158418,-0.0133734894916415,-0.0184505432844162,0.0535845682024956,0.181341022253037
3.74769996,-0.0143718337640166,-0.0184505432844162,0.0535845682024956,0.181341022253037
3.7549076,-0.0137809943407774,-0.0451156683266163,0.0580009445548058,0.177672654390335
3.7611287,-0.0137809943407774,-0.0451156683266163,0.0580009445548058,0.177672654390335
3.76754694,-0.0135661317035556,-0.0451156683266163,0.0580009445548058,0.177672654390335
3.77388318,-0.0127099612727761,-0.0451156683266163,0.0580009445548058,0.177672654390335
3.78019172,-0.0127099612727761,-0.0451156683266163,0.0580009445548058,0.177672654390335
3.7863404,-0.0132818408310413,-0.0451156683266163,0.0580009445548058,0.177672654390335
3.79256558,-0.0136388782411814,-0.0451156683266163,0.0580009445548058,0.177672654390335
3.7989085,-0.0136388782411814,-0.0451156683266163,0.0580009445548058,0.177672654390335
3.805447,-0.0144950486719608,-0.0142810866236687,0.0580009445548058,0
3.81160032,-0.0144950486719608,-0.0142810866236687,0.0580009445548058,0
3.81789728,-0.0149025917053223,-0.0142810866236687,0.0580009445548058,0
3.82406384,-0.015126914717257,-0.0142810866236687,0.0580009445548058,0
3.83026346,-0.015126914717257,-0.0142810866236687,0.0580009445548058,0
3.83721626,-0.0159672740846872,-0.0142810866236687,0.0580009445548058,0
3.84517752,-0.0163779836148024,-0.0142810866236687,0.0580009445548058,0
3.8529957,-0.0158440582454205,-0.0142810866236687,0.0580009445548058,0
3.86216376,-0.0158440582454205,-0.0269801914691925,0.0580009445548058,0
3.87007126,-0.0155976489186287,-0.0269801914691925,0.0580009445548058,0
3.87795936,-0.0154744340106845,-0.0269801914691925,0.0580009445548058,0
3.88588904,-0.0154333496466279,-0.0269801914691925,0.0580009445548058,0
3.89368572,-0.0153922848403454,-0.0269801914691925,0.0580009445548058,0
3.90152298,-0.0153922848403454,-0.0269801914691925,0.0580009445548058,0
3.90992286,-0.0160494223237038,-0.0041072815656662,0.0580009445548058,0
3.91771268,-0.0164190474897623,-0.0041072815656662,0.0580009445548058,0
3.92543916,-0.0148046109825373,-0.0041072815656662,0.0580009445548058,0
3.9334462,-0.0140368649736047,-0.0041072815656662,0.0580009445548058,0
3.9414192,-0.0140368649736047,-0.0041072815656662,0.0580009445548058,0
3.95008506,-0.0139958569779992,-0.0041072815656662,0.0580009445548058,0
3.9584405,-0.0139453122392297,0.0420822016894817,0.0580009445548058,0
3.96640106,-0.0139800645411015,0.0420822016894817,0.0580009445548058,0
3.97425152,-0.0139579772949219,0.0420822016894817,0.0580009445548058,0
3.98212076,-0.0139358518645167,0.0420822016894817,0.0580009445548058,0
3.98990174,-0.0139358518645167,0.0420822016894817,0.0580009445548058,0
3.99610996,-0.0139958951622248,0.0420822016894817,0.0580009445548058,0
4.00225008,-0.0139548107981682,0.0420822016894817,0.0535845682024956,0
4.00894328,-0.0139548107981682,-0.000189971178770065,0.0535845682024956,-0.0883275270462036
4.01509286,-0.0128742977976799,-0.000189971178770065,0.0535845682024956,-0.0883275270462036
4.02126968,-0.0128742977976799,-0.000189971178770065,0.0535845682024956,-0.0883275270462036
4.02741828,-0.0141127398237586,-0.000189971178770065,0.0535845682024956,-0.0883275270462036
4.03359004,-0.0147825237363577,-0.000189971178770065,0.0535845682024956,-0.0883275270462036
4.04036502,-0.0147825237363577,-0.000189971178770065,0.049117311835289,-0.0883275270462036
4.04647064,-0.015066871419549,-0.000189971178770065,0.049117311835289,-0.0883275270462036
4.05264386,-0.0152090452611446,-0.000189971178770065,0.0446052029728889,-0.0883275270462036
4.05938,-0.0152090452611446,-0.0250846892595291,0.0446052029728889,-0.179587304592133
4.06596248,-0.0152501296252012,-0.0250846892595291,0.0446052029728889,-0.179587304592133
4.07211342,-0.0153101347386837,-0.0250846892595291,0.0400502607226372,-0.179587304592133
4.07824816,-0.0153101347386837,-0.0250846892595291,0.0400502607226372,-0.179587304592133
4.08440324,-0.0160494223237038,-0.0250846892595291,0.0354511812329292,-0.179587304592133
4.09055396,-0.0160494223237038,-0.0250846892595291,0.0354511812329292,-0.179587304592133
4.09691784,-0.014599246904254,-0.0250846892595291,0.0308107882738113,-0.179587304592133
4.10520886,-0.0139547344297171,0.0250862166285515,0.0308107882738113,-0.275888293981552
4.11307116,-0.0135724255815148,0.0250862166285515,0.026132807135582,-0.275888293981552
4.12109632,-0.0135724255815148,0.0250862166285515,0.0214193239808083,-0.275888293981552
4.12892368,-0.0127131082117558,0.0250862166285515,0.0214193239808083,-0.275888293981552
4.13656058,-0.0122834397479892,0.0250862166285515,0.0166706889867783,-0.275888293981552
4.14444892,-0.0121191404759884,0.0250862166285515,0.0166706889867783,-0.275888293981552
4.15162528,-0.0121191404759884,0.0250862166285515,0.0166706889867783,-0.275888293981552
4.1583609,-0.0119359204545617,0.0403762795031071,0.0166706889867783,-0.282801985740662
4.16499838,-0.0118948360905051,0.0403762795031071,0.0166706889867783,-0.282801985740662
4.17116612,-0.0118948360905051,0.0403762795031071,0.0166706889867783,-0.282801985740662
4.17733538,-0.0118948360905051,0.0403762795031071,0.0118898525834084,-0.282801985740662
4.18351496,-0.0118537899106741,0.0403762795031071,0.0118898525834084,-0.282801985740662
4.1896851,-0.0118537899106741,0.0403762795031071,0.0118898525834084,-0.282801985740662
4.1960357,-0.0118537899106741,0.0403762795031071,0.0118898525834084,-0.282801985740662
4.20222076,-0.0118537899106741,0.0403762795031071,0.0118898525834084,-0.282801985740662
4.2089292,-0.0118537899106741,0.0016426108777523,0.0118898525834084,-0.0956167280673981
4.21508994,-0.0118537899106741,0.0016426108777523,0.0118898525834084,-0.0956167280673981
4.22127598,-0.0118537899106741,0.0016426108777523,0.0118898525834084,-0.0956167280673981
4.227408,-0.0118537899106741,0.0016426108777523,0.0118898525834084,-0.0956167280673981
4.2335815,-0.0118537899106741,0.0016426108777523,0.0118898525834084,-0.0956167280673981
4.24063828,-0.0118537899106741,0.0016426108777523,0.0118898525834084,-0.0956167280673981
4.2469742,-0.010868301615119,0.0016426108777523,0.0118898525834084,-0.0956167280673981
4.25313492,-0.0104165645316243,0.0016426108777523,0.0118898525834084,-0.0956167280673981
4.26119108,-0.0104165645316243,0.0287445075809956,0.0118898525834084,0
4.26907344,-0.0101342014968395,0.0287445075809956,0.0118898525834084,0
4.27668384,-0.0109812542796135,0.0287445075809956,0.0118898525834084,0
4.28462588,-0.011433563195169,0.0287445075809956,0.0118898525834084,0
4.29247778,-0.0116136549040675,0.0287445075809956,0.0118898525834084,0
4.30112768,-0.0116136549040675,0.0287445075809956,0.0118898525834084,0
4.30944506,-0.0117337228730321,-0.0263431668281555,0.0118898525834084,0
4.3173047,-0.0117937466129661,-0.0263431668281555,0.0118898525834084,0
4.32522986,-0.0118537899106741,-0.0263431668281555,0.0118898525834084,0
4.33322652,-0.0118537899106741,-0.0263431668281555,0.0118898525834084,0
4.34113066,-0.0118537899106741,-0.0263431668281555,0.0118898525834084,0
4.3492386,-0.0118537899106741,-0.0263431668281555,0.0118898525834084,0
4.35746388,-0.0128742977976799,-0.0228114984929562,0.0118898525834084,0
4.3660864,-0.013414554297924,-0.0228114984929562,0.0118898525834084,0
4.37412216,-0.0137147139757872,-0.0228114984929562,0.0118898525834084,0
4.38206036,-0.0137147139757872,-0.0228114984929562,0.0118898525834084,0
4.38992468,-0.0145329665392637,-0.0228114984929562,0.0118898525834084,0
4.39701778,-0.0149626163765788,-0.0228114984929562,0.0118898525834084,0
4.40323036,-0.0141064068302512,-0.0228114984929562,0.0118898525834084,0
4.40994754,-0.0141064068302512,-0.0246421806514263,0.0118898525834084,0
4.41605404,-0.0136482622474432,-0.0246421806514263,0.0118898525834084,0
4.42221956,-0.0145297618582845,-0.0246421806514263,0.0118898525834084,0
4.42836192,-0.0145297618582845,-0.0246421806514263,0.0118898525834084,0
4.43451778,-0.0148899462074041,-0.0246421806514263,0.0118898525834084,0
4.44126554,-0.0148899462074041,-0.0246421806514263,0.0118898525834084,0
4.44926526,-0.0151711273938417,-0.0246421806514263,0.0118898525834084,0
4.45749542,-0.0152311706915498,-0.0224952772259712,0.0118898525834084,0
4.46543788,-0.0135724833235145,-0.0224952772259712,0.0118898525834084,0
4.47325652,-0.0126625820994377,-0.0224952772259712,0.0166706889867783,0
4.48120852,-0.0126625820994377,-0.0224952772259712,0.0166706889867783,0
4.48913894,-0.0122581860050559,-0.0224952772259712,0.0166706889867783,0
4.49564878,-0.0131365200504661,-0.0224952772259712,0.0166706889867783,0
4.50203882,-0.0135156633332372,-0.0224952772259712,0.0166706889867783,0
4.50863714,-0.0135156633332372,0.0343101471662521,0.0166706889867783,0.0956167280673981
4.51494194,-0.0137557601556182,0.0343101471662521,0.0166706889867783,0.0956167280673981
4.521146,-0.0137557601556182,0.0343101471662521,0.0214193239808083,0.0956167280673981
4.5273245,-0.0138347623869777,0.0343101471662521,0.0214193239808083,0.0956167280673981
4.53352376,-0.0138948056846857,0.0343101471662521,0.0214193239808083,0.0956167280673981
4.5402875,-0.0138948056846857,0.0343101471662521,0.026132807135582,0.0956167280673981
4.54644136,-0.0139548107981682,0.0343101471662521,0.026132807135582,0.0956167280673981
4.5526184,-0.0139548107981682,0.0343101471662521,0.0308107882738113,0.0956167280673981
4.55936084,-0.0139548107981682,-0.00878294929862022,0.0308107882738113,0.282801985740662
4.5659285,-0.0146530149504542,-0.00878294929862022,0.0308107882738113,0.282801985740662
4.57211654,-0.0150226596742868,-0.00878294929862022,0.0354511812329292,0.282801985740662
4.578219,-0.0150226596742868,-0.00878294929862022,0.0354511812329292,0.282801985740662
4.58439956,-0.0151869198307395,-0.00878294929862022,0.0354511812329292,0.282801985740662
4.59059756,-0.0151869198307395,-0.00878294929862022,0.0354511812329292,0.282801985740662
4.5968673,-0.0152690699324012,-0.00878294929862022,0.0400502607226372,0.282801985740662
4.60313834,-0.0146119501441717,-0.00878294929862022,0.0400502607226372,0.282801985740662
4.60969026,-0.0146119501441717,-0.0131427869200706,0.0400502607226372,0.184789448976517
4.61595028,-0.0142833711579442,-0.0131427869200706,0.0400502607226372,0.184789448976517
4.62211508,-0.014817294664681,-0.0131427869200706,0.0400502607226372,0.184789448976517
4.62848352,-0.014817294664681,-0.0131427869200706,0.0400502607226372,0.184789448976517
4.63467862,-0.0150637244805694,-0.0131427869200706,0.0400502607226372,0.184789448976517
4.6411499,-0.0150637244805694,-0.0131427869200706,0.0400502607226372,0.184789448976517
4.64826886,-0.0152280041947961,-0.0131427869200706,0.0400502607226372,0.184789448976517
4.65644878,-0.0152690699324012,-0.0131423957645893,0.0400502607226372,0
4.66444552,-0.0153101347386837,-0.0131423957645893,0.0400502607226372,0
4.6730605,-0.0153512191027403,-0.0131423957645893,0.0400502607226372,0
4.6810204,-0.0153512191027403,-0.0131423957645893,0.0400502607226372,0
4.68863664,-0.0142706874758005,-0.0131423957645893,0.0400502607226372,0
4.69660392,-0.0148109439760447,-0.0131423957645893,0.0400502607226372,0
4.7050669,-0.0144128985702991,0.0171234272420406,0.0400502607226372,0
4.71315886,-0.0141633227467537,0.0171234272420406,0.0400502607226372,0
4.72119114,-0.0141633227467537,0.0171234272420406,0.0400502607226372,0
4.72918446,-0.014757270924747,0.0171234272420406,0.0400502607226372,0
4.73648986,-0.0150447655469179,0.0171234272420406,0.0400502607226372,0
4.74434648,-0.0152280041947961,0.0171234272420406,0.0400502607226372,0
4.75226786,-0.0152690699324012,0.0171234272420406,0.0400502607226372,0
4.76128348,-0.0152690699324012,-0.0171234272420406,0.0400502607226372,0
4.76916774,-0.0146119501441717,-0.0171234272420406,0.0400502607226372,0
4.77701906,-0.0142833711579442,-0.0171234272420406,0.0400502607226372,0
4.78494538,-0.014119110070169,-0.0171234272420406,0.0354511812329292,0
4.79258548,-0.0140369608998299,-0.0171234272420406,0.0354511812329292,0
4.80032998,-0.0140369608998299,-0.0171234272420406,0.0354511812329292,0
4.80857752,-0.0139958951622248,0.0254634954035282,0.0354511812329292,-0.0919815897941589
4.81488842,-0.0129153439775109,0.0254634954035282,0.0354511812329292,-0.0919815897941589
4.82265488,-0.0123940464109182,0.0254634954035282,0.0354511812329292,-0.0919815897941589
4.83112934,-0.0123940464109182,0.0254634954035282,0.0354511812329292,-0.0919815897941589
4.839222,-0.0120938876643777,0.0254634954035282,0.0354511812329292,-0.0919815897941589
4.8470899,-0.0119738392531872,0.0254634954035282,0.0354511812329292,-0.0919815897941589
4.8552435,-0.0129943462088704,0.0200309790670872,0.0354511812329292,0
4.86327566,-0.0134745789691806,0.0200309790670872,0.0354511812329292,0
4.87000426,-0.0134745789691806,0.0200309790670872,0.0354511812329292,0
4.8761655,-0.0137147139757872,0.0200309790670872,0.0354511812329292,0
4.88235586,-0.0138347623869777,0.0200309790670872,0.0354511812329292,0
4.8885017,-0.0138347623869777,0.0200309790670872,0.0354511812329292,0
4.89464662,-0.0138948056846857,0.0200309790670872,0.0354511812329292,0
4.9009529,-0.0138948056846857,0.0200309790670872,0.0354511812329292,0
4.90754294,-0.0138948056846857,-0.0180091895163059,0.0354511812329292,0
4.91387014,-0.0139548107981682,-0.0180091895163059,0.0354511812329292,0
4.92003322,-0.0139548107981682,-0.0180091895163059,0.0308107882738113,0
4.92617148,-0.0132566066458821,-0.0180091895163059,0.0308107882738113,0
4.93233216,-0.0129280472174287,-0.0180091895163059,0.0308107882738113,0
4.93865814,-0.0129280472174287,-0.0180091895163059,0.026132807135582,0
4.94513612,-0.0134209059178829,-0.0180091895163059,0.026132807135582,0
4.95128566,-0.0134209059178829,-0.0180091895163059,0.026132807135582,0
4.9579015,-0.0137083819136024,0.0037284754216671,0.0214193239808083,-0.186367481946945
4.96434968,-0.0138315968215466,0.0037284754216671,0.0214193239808083,-0.186367481946945
4.97055192,-0.0138315968215466,0.0037284754216671,0.0214193239808083,-0.186367481946945
4.97670632,-0.0138726802542806,0.0037284754216671,0.0166706889867783,-0.186367481946945
4.98307078,-0.0128332134336233,0.0037284754216671,0.0166706889867783,-0.186367481946945
4.98924956,-0.0128332134336233,0.0037284754216671,0.0166706889867783,-0.186367481946945
4.9953919,-0.0123940464109182,0.0037284754216671,0.0118898525834084,-0.186367481946945
5.0015613,-0.0123940464109182,0.0037284754216671,0.0118898525834084,-0.186367481946945
5.00831962,-0.0131744388490915,0.0106788612902164,0.0118898525834084,-0.284859091043472
5.0144575,-0.0135346222668886,0.0106788612902164,0.0118898525834084,-0.284859091043472
5.0206178,-0.0135346222668886,0.0106788612902164,0.0118898525834084,-0.284859091043472
5.02693356,-0.0144729232415557,0.0106788612902164,0.0118898525834084,-0.284859091043472
5.03309562,-0.0148615268990397,0.0106788612902164,0.00707890838384628,-0.284859091043472
5.03947732,-0.0148615268990397,0.0106788612902164,0.00707890838384628,-0.284859091043472
5.04561948,-0.015126914717257,0.0106788612902164,0.00707890838384628,-0.284859091043472
5.0532368,-0.0152690699324012,0.0106788612902164,0.00707890838384628,-0.284859091043472
5.06141774,-0.0152690699324012,-0.041892621666193,0.00707890838384628,-0.0962188839912415
5.06924234,-0.0153101347386837,-0.041892621666193,0.00707890838384628,-0.0962188839912415
5.07715126,-0.0153101347386837,-0.041892621666193,0.00707890838384628,-0.0962188839912415
5.08505812,-0.0153512191027403,-0.041892621666193,0.0118898525834084,-0.0962188839912415
5.09295748,-0.0153512191027403,-0.041892621666193,0.0118898525834084,-0.0962188839912415
5.10057042,-0.0153512191027403,-0.041892621666193,0.0118898525834084,-0.0962188839912415
5.10866186,-0.0142706874758005,0.0199676491320133,0.0118898525834084,0.0962188839912415
5.11658146,-0.0137904360890388,0.0199676491320133,0.0118898525834084,0.0962188839912415
5.12454414,-0.0145708462223411,0.0199676491320133,0.0118898525834084,0.0962188839912415
5.13310948,-0.0156291965395212,0.0199676491320133,0.0118898525834084,0.0962188839912415
5.14097462,-0.0156291965395212,0.0199676491320133,0.0118898525834084,0.0962188839912415
5.14714112,-0.0161978919059038,0.0199676491320133,0.0118898525834084,0.0962188839912415
5.15330586,-0.0164632797241211,0.0199676491320133,0.0118898525834084,0.0962188839912415
5.16002674,-0.0164632797241211,-0.0438518449664116,0.0166706889867783,0
5.16649286,-0.0166054535657167,-0.0438518449664116,0.0166706889867783,0
5.17266164,-0.0160083398222923,-0.0438518449664116,0.0166706889867783,0
5.17900398,-0.0160083398222923,-0.0438518449664116,0.0166706889867783,0
5.18514356,-0.0149815753102303,-0.0438518449664116,0.0166706889867783,0
5.19134344,-0.0149815753102303,-0.0438518449664116,0.0166706889867783,0
5.19749892,-0.014447670429945,-0.0438518449664116,0.0214193239808083,0
5.20367992,-0.0148994447663426,-0.0438518449664116,0.0214193239808083,0
5.21044196,-0.0148994447663426,0.0312766991555691,0.0214193239808083,0.190589427947998
5.21656028,-0.0151458736509085,0.0312766991555691,0.0214193239808083,0.190589427947998
5.22291438,-0.0152280041947961,0.0312766991555691,0.026132807135582,0.190589427947998
5.22911926,-0.0152280041947961,0.0312766991555691,0.026132807135582,0.190589427947998
5.23524672,-0.0153101347386837,0.0312766991555691,0.026132807135582,0.190589427947998
5.24167514,-0.0153101347386837,0.0312766991555691,0.026132807135582,0.190589427947998
5.24795996,-0.0163306426256895,0.0312766991555691,0.026132807135582,0.190589427947998
5.25452312,-0.0168519597500563,-0.0390502996742725,0.0308107882738113,0.187829285860062
5.2607024,-0.0168519597500563,-0.0390502996742725,0.0308107882738113,0.187829285860062
5.2673688,-0.0168297961354256,-0.0390502996742725,0.0308107882738113,0.187829285860062
5.27354624,-0.0177586562931538,-0.0390502996742725,0.0308107882738113,0.187829285860062
5.27991182,-0.0177586562931538,-0.0390502996742725,0.0308107882738113,0.187829285860062
5.28765636,-0.0176259987056255,-0.0390502996742725,0.0354511812329292,0.187829285860062
5.2954689,-0.016438065096736,-0.0390502996742725,0.0354511812329292,0.187829285860062
5.30330778,-0.0148741146549582,-0.0390502996742725,0.0354511812329292,0.187829285860062
5.31155466,-0.0148741146549582,0.0395569019019604,0.0354511812329292,0.0928078591823578
5.31941378,-0.0140526769682765,0.0395569019019604,0.0354511812329292,0.0928078591823578
5.32724262,-0.0136514278128743,0.0395569019019604,0.0354511812329292,0.0928078591823578
5.33515132,-0.0134302712976933,0.0395569019019604,0.0354511812329292,0.0928078591823578
5.3431477,-0.0143907545134425,0.0395569019019604,0.0354511812329292,0.0928078591823578
5.35113958,-0.0143907545134425,0.0395569019019604,0.0354511812329292,0.0928078591823578
5.35949216,-0.0148709872737527,0.0000625476241111755,0.0354511812329292,0
5.3672785,-0.0161316115409136,0.0000625476241111755,0.0354511812329292,0
5.3755986,-0.0167919341474772,0.0000625476241111755,0.0354511812329292,0
5.38196302,-0.0177902802824974,0.0000625476241111755,0.0354511812329292,0
5.38803802,-0.0177902802824974,0.0000625476241111755,0.0354511812329292,0
5.39423,-0.0175817869603634,0.0000625476241111755,0.0354511812329292,0
5.400363,-0.0175817869603634,0.0000625476241111755,0.0354511812329292,0
5.40707526,-0.0164759829640388,-0.0320999138057232,0.0354511812329292,0
5.41328952,-0.015913600102067,-0.0320999138057232,0.0354511812329292,0
5.41946586,-0.015913600102067,-0.0320999138057232,0.0354511812329292,0
5.42560154,-0.0156324002891779,-0.0320999138057232,0.0354511812329292,0
5.43195932,-0.0155123518779874,-0.0320999138057232,0.0354511812329292,0
5.43806272,-0.0155123518779874,-0.0320999138057232,0.0354511812329292,0
5.44635026,-0.0161094479262829,-0.0320999138057232,0.0354511812329292,0
5.454542,-0.0157208628952503,0.0151024013757706,0.0354511812329292,0
5.46248086,-0.015515498816967,0.0151024013757706,0.0354511812329292,0
5.4703954,-0.015515498816967,0.0151024013757706,0.0354511812329292,0
5.47826482,-0.0144128417596221,0.0151024013757706,0.0354511812329292,0
5.48699972,-0.0138315204530954,0.0151024013757706,0.0354511812329292,0
5.495118,-0.0146118924021721,0.0151024013757706,0.0354511812329292,0
5.50310126,-0.0156291965395212,0.0151024013757706,0.0354511812329292,0
5.51139862,-0.0156291965395212,0.00183332711458206,0.0354511812329292,0
5.51930816,-0.0162389557808638,0.00183332711458206,0.0354511812329292,0
5.52731494,-0.0157650765031576,0.00183332711458206,0.0354511812329292,0
5.53390448,-0.0155376056209207,0.00183332711458206,0.0354511812329292,0
5.54034306,-0.0155376056209207,0.00183332711458206,0.0354511812329292,0
5.54662518,-0.0154744340106845,0.00183332711458206,0.0354511812329292,0
5.552889,-0.0143528366461396,0.00183332711458206,0.0354511812329292,0
5.5594748,-0.0143528366461396,0.0255271978676319,0.0354511812329292,0
5.56608048,-0.0155502315610647,0.0255271978676319,0.0354511812329292,0
5.5722838,-0.0154807278886437,0.0255271978676319,0.0354511812329292,0
5.57842562,-0.0154807278886437,0.0255271978676319,0.0354511812329292,0
5.5845991,-0.015395431779325,0.0255271978676319,0.0354511812329292,0
5.59090938,-0.015395431779325,0.0255271978676319,0.0354511812329292,0
5.59702768,-0.0153733445331454,0.0255271978676319,0.0354511812329292,0
5.60322628,-0.0146340560168028,0.0255271978676319,0.0354511812329292,0
5.60987968,-0.0146340560168028,-0.00562438741326332,0.0354511812329292,0
5.61610418,-0.0143244555220008,-0.00562438741326332,0.0354511812329292,0
5.62228182,-0.0148583604022861,-0.00562438741326332,0.0354511812329292,0
5.62859088,-0.0148583604022861,-0.00562438741326332,0.0354511812329292,0
5.63491866,-0.0151047892868519,-0.00562438741326332,0.0308107882738113,0
5.64122456,-0.0151047892868519,-0.00562438741326332,0.0308107882738113,0
5.64952706,-0.01452980004251,-0.00562438741326332,0.0308107882738113,0
5.6579532,-0.0142423249781132,0.00783462077379227,0.0308107882738113,-0.0928078591823578
5.66566986,-0.0147762298583984,0.00783462077379227,0.0308107882738113,-0.0928078591823578
5.67342808,-0.0150637244805694,0.00783462077379227,0.026132807135582,-0.0928078591823578
5.68142852,-0.0150637244805694,0.00783462077379227,0.026132807135582,-0.0928078591823578
5.68941662,-0.0159262083470821,0.00783462077379227,0.026132807135582,-0.0928078591823578
5.69729556,-0.0156386941671371,0.00783462077379227,0.026132807135582,-0.0928078591823578
5.70625086,-0.0154744340106845,-0.0246421806514263,0.026132807135582,-0.0935596227645874
5.71427738,-0.0154333496466279,-0.0246421806514263,0.0214193239808083,-0.0935596227645874
5.72216058,-0.0154333496466279,-0.0246421806514263,0.0214193239808083,-0.0935596227645874
5.73010244,-0.0150099564343691,-0.0246421806514263,0.0214193239808083,-0.0935596227645874
5.73812298,-0.0148582840338349,-0.0246421806514263,0.0214193239808083,-0.0935596227645874
5.74609834,-0.0151047520339489,-0.0246421806514263,0.0214193239808083,-0.0935596227645874
5.75451834,-0.015177421271801,0.00594025477766991,0.0214193239808083,-0.0942696630954742
5.76133126,-0.015177421271801,0.00594025477766991,0.0214193239808083,-0.0942696630954742
5.76790664,-0.0152943423017859,0.00594025477766991,0.0214193239808083,-0.0942696630954742
5.7740866,-0.0153133012354374,0.00594025477766991,0.0214193239808083,-0.0942696630954742
5.7804066,-0.0153133012354374,0.00594025477766991,0.0214193239808083,-0.0942696630954742
5.78657098,-0.0160304643213749,0.00594025477766991,0.0214193239808083,-0.0942696630954742
5.79289024,-0.0164190474897623,0.00594025477766991,0.0214193239808083,-0.0942696630954742
5.79908462,-0.0164190474897623,0.00594025477766991,0.0214193239808083,-0.0942696630954742
5.80562502,-0.0165833290666342,-0.0281181558966637,0.0214193239808083,0
5.81196234,-0.0166654586791992,-0.0281181558966637,0.0214193239808083,0
5.81812368,-0.0166654586791992,-0.0281181558966637,0.0214193239808083,0
5.82426996,-0.0177270509302616,-0.0281181558966637,0.0214193239808083,0
5.8312475,-0.0177270509302616,-0.0281181558966637,0.0214193239808083,0
5.8391506,-0.0182072836905718,-0.0281181558966637,0.0214193239808083,0
5.84715534,-0.0185485072433949,-0.0281181558966637,0.0214193239808083,0
5.8562094,-0.0186685565859079,-0.0417045503854752,0.0214193239808083,0
5.86407266,-0.0187285989522934,-0.0417045503854752,0.0214193239808083,0
5.87205462,-0.0187285989522934,-0.0417045503854752,0.0214193239808083,0
5.8799622,-0.0187285989522934,-0.0417045503854752,0.0214193239808083,0
5.88792674,-0.0170699302107096,-0.0417045503854752,0.0214193239808083,0
5.89588716,-0.0161600112915039,-0.0417045503854752,0.0214193239808083,0
5.9036576,-0.0147351073101163,-0.0417045503854752,0.0214193239808083,0
5.91226952,-0.0139926532283425,0.0786689817905426,0.0214193239808083,0
5.9203758,-0.0139926532283425,0.0786689817905426,0.0214193239808083,0
5.92655324,-0.0142895886674523,0.0786689817905426,0.0214193239808083,0
5.93271532,-0.0144981006160378,0.0786689817905426,0.026132807135582,0
5.93904952,-0.0144981006160378,0.0786689817905426,0.026132807135582,0
5.94557726,-0.0145423123613,0.0786689817905426,0.026132807135582,0
5.9519493,-0.0146244429051876,0.0786689817905426,0.026132807135582,0
5.95852654,-0.0146244429051876,0.00221328809857368,0.0308107882738113,0.187829285860062
5.96519258,-0.01568603515625,0.00221328809857368,0.0308107882738113,0.187829285860062
5.97134016,-0.01568603515625,0.00221328809857368,0.0308107882738113,0.187829285860062
5.97753514,-0.0162073522806168,0.00221328809857368,0.0308107882738113,0.187829285860062
5.983688,-0.0165074914693832,0.00221328809857368,0.0308107882738113,0.187829285860062
5.99002976,-0.0165074914693832,0.00221328809857368,0.0308107882738113,0.187829285860062
5.9961902,-0.0166275408118963,0.00221328809857368,0.0308107882738113,0.187829285860062
6.0023828,-0.0166875831782818,0.00221328809857368,0.0308107882738113,0.187829285860062
6.00912432,-0.0166875831782818,-0.0412628054618835,0.0308107882738113,0
6.01531606,-0.0166875831782818,-0.0412628054618835,0.0308107882738113,0
6.02156072,-0.0166875831782818,-0.0412628054618835,0.0308107882738113,0
6.02770732,-0.0167476087808609,-0.0412628054618835,0.0308107882738113,0
6.0352175,-0.0167476087808609,-0.0412628054618835,0.0308107882738113,0
6.04312686,-0.0167476087808609,-0.0412628054618835,0.0308107882738113,0
6.05112848,-0.0167476087808609,-0.0412628054618835,0.0308107882738113,0
6.05946872,-0.0167476087808609,-0.00120051205158234,0.0308107882738113,0
6.0680677,-0.0170699302107096,-0.00120051205158234,0.0308107882738113,0
6.07603436,-0.0171805191785097,-0.00120051205158234,0.0308107882738113,0
6.08411658,-0.0169940944761038,-0.00120051205158234,0.0308107882738113,0
6.0921347,-0.0169940944761038,-0.00120051205158234,0.0308107882738113,0
6.1000859,-0.0168613810092211,-0.00120051205158234,0.0308107882738113,0
6.1083565,-0.0168045051395893,-0.00113792717456818,0.0308107882738113,0
6.11627476,-0.0167855266481638,-0.00113792717456818,0.0308107882738113,0
6.12433828,-0.0167665854096413,-0.00113792717456818,0.0308107882738113,0
6.131318,-0.0167665854096413,-0.00113792717456818,0.0308107882738113,0
6.13749568,-0.0167476087808609,-0.00113792717456818,0.0308107882738113,0
6.1441938,-0.0167476087808609,-0.00113792717456818,0.0308107882738113,0
6.1503962,-0.0167476087808609,-0.00113792717456818,0.0308107882738113,0
6.15708906,-0.0167476087808609,0.00113792717456818,0.0308107882738113,0
6.16359012,-0.0167476087808609,0.00113792717456818,0.0308107882738113,0
6.16989872,-0.0167476087808609,0.00113792717456818,0.0308107882738113,0
6.17604926,-0.0167476087808609,0.00113792717456818,0.0308107882738113,0
6.18225316,-0.0177681166678667,0.00113792717456818,0.0308107882738113,0
6.18834152,-0.0177681166678667,0.00113792717456818,0.0308107882738113,0
6.19453574,-0.017287865281105,0.00113792717456818,0.0308107882738113,0
6.20070326,-0.017287865281105,0.00113792717456818,0.0308107882738113,0
6.20743518,-0.0169877242296934,-0.00480230897665024,0.0308107882738113,0
6.2136159,-0.0168676748871803,-0.00480230897665024,0.0308107882738113,0
6.22057908,-0.0168676748871803,-0.00480230897665024,0.0308107882738113,0
6.22826462,-0.0168076325207949,-0.00480230897665024,0.0308107882738113,0
6.23615194,-0.0168076325207949,-0.00480230897665024,0.0308107882738113,0
6.24420916,-0.0167476087808609,-0.00480230897665024,0.0308107882738113,0
6.252198,-0.0167476087808609,-0.00480230897665024,0.0308107882738113,0
6.26045286,-0.0167476087808609,0.00480230897665024,0.0308107882738113,0
6.26826968,-0.0167476087808609,0.00480230897665024,0.0308107882738113,0
6.27630436,-0.0167476087808609,0.00480230897665024,0.0308107882738113,0
6.2843728,-0.0167476087808609,0.00480230897665024,0.0308107882738113,0
6.29237658,-0.0167476087808609,0.00480230897665024,0.0308107882738113,0
6.30091096,-0.0167476087808609,0.00480230897665024,0.0308107882738113,0
6.30914812,-0.0167476087808609,0,0.0308107882738113,0
6.31529378,-0.0167476087808609,0,0.0308107882738113,0
6.32150828,-0.0167476087808609,0,0.0308107882738113,0
6.32769486,-0.0167476087808609,0,0.0308107882738113,0
6.33403602,-0.0167476087808609,0,0.0308107882738113,0
6.34019926,-0.0167476087808609,0,0.0308107882738113,0
6.34671128,-0.0167476087808609,0,0.0308107882738113,0
6.35301422,-0.0167476087808609,0,0.0308107882738113,0
6.35959266,-0.0167476087808609,0,0.0308107882738113,0
6.36618564,-0.0167476087808609,0,0.0308107882738113,0
6.37233706,-0.0167476087808609,0,0.0308107882738113,0
6.37852434,-0.0167476087808609,0,0.0308107882738113,0
6.38467376,-0.0167476087808609,0,0.0308107882738113,0
6.3910533,-0.0167476087808609,0,0.0308107882738113,0
6.39721436,-0.0167476087808609,0,0.0308107882738113,0
6.40340278,-0.0167476087808609,0,0.0308107882738113,0
6.41012772,-0.0167476087808609,0,0.0308107882738113,0
6.41645772,-0.0167476087808609,0,0.0308107882738113,0
6.42270422,-0.0177681166678667,0,0.0308107882738113,0
6.42905882,-0.0177681166678667,0,0.0308107882738113,0
6.43519426,-0.0183083731681108,0,0.0308107882738113,0
6.44148966,-0.0183083731681108,0,0.0308107882738113,0
6.44765254,-0.017527999356389,0,0.0308107882738113,0
6.45435702,-0.017107792198658,-0.00720366835594177,0.0308107882738113,0
6.4605689,-0.017107792198658,-0.00720366835594177,0.0308107882738113,0
6.46714024,-0.0169277004897594,-0.00720366835594177,0.0308107882738113,0
6.47334428,-0.0168676748871803,-0.00720366835594177,0.0308107882738113,0
6.47955336,-0.0168676748871803,-0.00720366835594177,0.0308107882738113,0
6.48570478,-0.0168076325207949,-0.00720366835594177,0.0308107882738113,0
6.49203374,-0.0167476087808609,-0.00720366835594177,0.0308107882738113,0
6.49815732,-0.0167476087808609,-0.00720366835594177,0.0308107882738113,0
6.50489138,-0.0160494223237038,0.0211673974990845,0.0308107882738113,0
6.51105882,-0.0160494223237038,0.0211673974990845,0.0308107882738113,0
6.51722588,-0.0156797785311937,0.0211673974990845,0.0308107882738113,0
6.52346204,-0.015515498816967,0.0211673974990845,0.0308107882738113,0
6.5296466,-0.015515498816967,0.0211673974990845,0.0308107882738113,0
6.53593356,-0.0154333496466279,0.0211673974990845,0.0308107882738113,0
6.54225718,-0.0160904880613089,0.0211673974990845,0.0308107882738113,0
6.5509875,-0.0160904880613089,0.0211673974990845,0.0308107882738113,0
6.5592048,-0.0164190474897623,-0.00739250332117081,0.0308107882738113,0
6.56713894,-0.01760383695364,-0.00739250332117081,0.0308107882738113,0
6.57498668,-0.0182262416929007,-0.00739250332117081,0.0308107882738113,0
6.58263486,-0.0174869354814291,-0.00739250332117081,0.0308107882738113,0
6.59054126,-0.0174869354814291,-0.00739250332117081,0.0308107882738113,0
6.59833276,-0.017107792198658,-0.00739250332117081,0.0308107882738113,0
6.6066565,-0.0169277004897594,-0.0101730599999428,0.0308107882738113,0
6.61457414,-0.0168676748871803,-0.0101730599999428,0.0308107882738113,0
6.62243014,-0.0161094479262829,-0.0101730599999428,0.0308107882738113,0
6.6311811,-0.0161094479262829,-0.0101730599999428,0.0308107882738113,0
6.6391387,-0.0156797785311937,-0.0101730599999428,0.0308107882738113,0
6.64706272,-0.0165360067039728,-0.0101730599999428,0.0308107882738113,0
6.65518904,-0.0169941335916519,-0.00132866203784943,0.0308107882738113,0
6.66316738,-0.0168708804994822,-0.00132866203784943,0.0308107882738113,0
6.67112284,-0.0168708804994822,-0.00132866203784943,0.0308107882738113,0
6.67911496,-0.0167792327702045,-0.00132866203784943,0.0308107882738113,0
6.68705038,-0.0167634207755327,-0.00132866203784943,0.0308107882738113,0
6.6949956,-0.0167855266481638,-0.00132866203784943,0.0308107882738113,0
6.70258182,-0.0167665854096413,-0.00132866203784943,0.0308107882738113,0
6.71169122,-0.0167665854096413,0.00455096364021301,0.0308107882738113,0
6.71960048,-0.0167476087808609,0.00455096364021301,0.0308107882738113,0
6.72751838,-0.0177681166678667,0.00455096364021301,0.0308107882738113,0
6.7353243,-0.0183083731681108,0.00455096364021301,0.0308107882738113,0
6.74322486,-0.017527999356389,0.00455096364021301,0.0308107882738113,0
6.74950778,-0.017527999356389,0.00455096364021301,0.0308107882738113,0
6.756335,-0.017107792198658,-0.00682413578033447,0.0308107882738113,0
6.76247668,-0.0162295158952475,-0.00682413578033447,0.0308107882738113,0
6.76909276,-0.0162295158952475,-0.00682413578033447,0.0308107882738113,0
6.77523684,-0.0147193148732185,-0.00682413578033447,0.0308107882738113,0
6.7815743,-0.0147193148732185,-0.00682413578033447,0.0308107882738113,0
6.7877019,-0.015733452513814,-0.00682413578033447,0.0308107882738113,0
6.7940416,-0.01626106351614,-0.00682413578033447,0.0308107882738113,0
6.80019834,-0.01626106351614,-0.00682413578033447,0.0308107882738113,0
6.80669268,-0.0165043454617262,0.012068934738636,0.0308107882738113,0
6.81300198,-0.0166054535657167,0.012068934738636,0.0308107882738113,0
6.81916876,-0.0166054535657167,0.012068934738636,0.0308107882738113,0
6.82533628,-0.0167065430432558,0.012068934738636,0.0308107882738113,0
6.83153,-0.0167065430432558,0.012068934738636,0.0308107882738113,0
6.83767696,-0.0167476087808609,0.012068934738636,0.0308107882738113,0
6.84414006,-0.0167476087808609,0.012068934738636,0.0308107882738113,0
6.8503387,-0.0167476087808609,0.012068934738636,0.0308107882738113,0
6.85703588,-0.0167476087808609,-0.00486526638269424,0.0308107882738113,0
6.86348432,-0.0167476087808609,-0.00486526638269424,0.0308107882738113,0
6.86969794,-0.0167476087808609,-0.00486526638269424,0.0308107882738113,0
6.87610042,-0.0167476087808609,-0.00486526638269424,0.0308107882738113,0
6.88227134,-0.0167476087808609,-0.00486526638269424,0.0308107882738113,0
6.88838334,-0.0167476087808609,-0.00486526638269424,0.0308107882738113,0
6.89456728,-0.0167476087808609,-0.00486526638269424,0.0308107882738113,0
6.90071068,-0.0167476087808609,-0.00486526638269424,0.0308107882738113,0
6.90744984,-0.0167476087808609,0,0.0308107882738113,0
6.913612,-0.0167476087808609,0,0.0308107882738113,0
6.91994872,-0.0167476087808609,0,0.0308107882738113,0
6.92612086,-0.0167476087808609,0,0.0308107882738113,0
6.93233084,-0.0167476087808609,0,0.0308107882738113,0
6.9398768,-0.0167476087808609,0,0.0308107882738113,0
6.9476018,-0.0160494223237038,0,0.0308107882738113,0
6.95601118,-0.0156797785311937,0.0213566049933434,0.0308107882738113,0
6.9645649,-0.015515498816967,0.0213566049933434,0.0308107882738113,0
6.9723437,-0.015515498816967,0.0213566049933434,0.0308107882738113,0
6.9802183,-0.0154333496466279,0.0213566049933434,0.0308107882738113,0
6.98818674,-0.0160904880613089,0.0213566049933434,0.0308107882738113,0
6.9960992,-0.0164190474897623,0.0213566049933434,0.0308107882738113,0
7.00440868,-0.0158851239830256,-0.00410690903663635,0.0308107882738113,0
7.01220034,-0.0156386941671371,-0.00410690903663635,0.0308107882738113,0
7.01993148,-0.0156386941671371,-0.00410690903663635,0.0308107882738113,0
7.02752222,-0.0154744340106845,-0.00410690903663635,0.0308107882738113,0
7.03538416,-0.0154333496466279,-0.00410690903663635,0.0308107882738113,0
7.043224,-0.0160904880613089,-0.00410690903663635,0.0308107882738113,0
7.0511216,-0.0160904880613089,-0.00410690903663635,0.0308107882738113,0
7.05939704,-0.0157208628952503,0.00328522175550461,0.0308107882738113,0
7.06716204,-0.0165360067039728,0.00328522175550461,0.0308107882738113,0
7.0749496,-0.0169341079890728,0.00328522175550461,0.0308107882738113,0
7.08245064,-0.0168708804994822,0.00328522175550461,0.0308107882738113,0
7.09009122,-0.0168708804994822,0.00328522175550461,0.0308107882738113,0
7.09762136,-0.0167792327702045,0.00328522175550461,0.0308107882738113,0
7.10564366,-0.0160652156919241,-0.00688705593347549,0.0308107882738113,0
7.11332688,-0.0157587621361017,-0.00688705593347549,0.0308107882738113,0
7.12093118,-0.0157587621361017,-0.00688705593347549,0.0308107882738113,0
7.12846348,-0.0158567801117897,-0.00688705593347549,0.0308107882738113,0
7.13626258,-0.0159262847155333,-0.00688705593347549,0.0308107882738113,0
7.14415286,-0.0156387705355883,-0.00688705593347549,0.0308107882738113,0
7.15202332,-0.0156387705355883,-0.00688705593347549,0.0308107882738113,0
7.1602628,-0.0161631777882576,-0.00195924192667007,0.0308107882738113,0
7.16803586,-0.0164759252220392,-0.00195924192667007,0.0308107882738113,0
7.17560716,-0.0166212469339371,-0.00195924192667007,0.0308107882738113,0
7.18325278,-0.0166844371706247,-0.00195924192667007,0.0308107882738113,0
7.19094434,-0.0166844371706247,-0.00195924192667007,0.0308107882738113,0
7.19837774,-0.0167065430432558,-0.00195924192667007,0.0308107882738113,0
7.20645762,-0.0167065430432558,-0.0108673050999641,0.0308107882738113,0
7.21413788,-0.0167476087808609,-0.0108673050999641,0.0308107882738113,0
7.22164818,-0.0167476087808609,-0.0108673050999641,0.0308107882738113,0
7.22927388,-0.0160494223237038,-0.0108673050999641,0.0308107882738113,0
7.23691218,-0.0156797785311937,-0.0108673050999641,0.0308107882738113,0
7.24446882,-0.015515498816967,-0.0108673050999641,0.0308107882738113,0
7.25157718,-0.015515498816967,-0.0108673050999641,0.0308107882738113,0
7.26038132,-0.0154333496466279,0.0254638679325581,0.0308107882738113,0
7.26811432,-0.0160904880613089,0.0254638679325581,0.0308107882738113,0
7.27564314,-0.0164190474897623,0.0254638679325581,0.0308107882738113,0
7.28330524,-0.0158851239830256,0.0254638679325581,0.0308107882738113,0
7.29025592,-0.0158851239830256,0.0254638679325581,0.0308107882738113,0
7.2979429,-0.0156386941671371,0.0254638679325581,0.0308107882738113,0
7.30587634,-0.0154744340106845,-0.000821687281131744,0.0308107882738113,0
7.31343914,-0.0154333496466279,-0.000821687281131744,0.0308107882738113,0
7.32105576,-0.0154333496466279,-0.000821687281131744,0.0308107882738113,0
7.32853514,-0.0160904880613089,-0.000821687281131744,0.0308107882738113,0
7.33639748,-0.0164190474897623,-0.000821687281131744,0.0308107882738113,0
7.34429426,-0.0165833290666342,-0.000821687281131744,0.0308107882738113,0
7.35216596,-0.0166654586791992,-0.000821687281131744,0.0308107882738113,0
7.3609532,-0.0166654586791992,-0.0238204933702946,0.0308107882738113,0
7.36792568,-0.0167065430432558,-0.0238204933702946,0.0308107882738113,0
7.37548288,-0.0167065430432558,-0.0238204933702946,0.0308107882738113,0
7.38324334,-0.0167476087808609,-0.0238204933702946,0.0308107882738113,0
7.39088566,-0.0167476087808609,-0.0238204933702946,0.0308107882738113,0
7.39833414,-0.0167476087808609,-0.0238204933702946,0.0308107882738113,0
7.40646854,-0.0160494223237038,0.0123207271099091,0.0308107882738113,0
7.41442162,-0.0156797785311937,0.0123207271099091,0.0308107882738113,0
7.42226648,-0.015515498816967,0.0123207271099091,0.0308107882738113,0
7.4300335,-0.015515498816967,0.0123207271099091,0.0308107882738113,0
7.43757686,-0.0154333496466279,0.0123207271099091,0.0308107882738113,0
7.44529656,-0.0160904880613089,0.0123207271099091,0.0308107882738113,0
7.45305218,-0.0157208628952503,0.0123207271099091,0.0308107882738113,0
7.46118972,-0.0157208628952503,0.00657118856906891,0.0308107882738113,0
7.46868498,-0.0155565645545721,0.00657118856906891,0.0308107882738113,0
7.47633358,-0.0154333496466279,0.00657118856906891,0.0308107882738113,0
7.4840719,-0.0171109959483147,0.00657118856906891,0.0308107882738113,0
7.4916336,-0.0171109959483147,0.00657118856906891,0.0308107882738113,0
7.49944842,-0.0179798118770123,0.00657118856906891,0.0308107882738113,0
7.50765878,-0.0166655350476503,-0.0188934430480003,0.0308107882738113,0
7.51538964,-0.0159988775849342,-0.0188934430480003,0.0308107882738113,0
7.52313526,-0.0173732377588749,-0.0188934430480003,0.0308107882738113,0
7.53065738,-0.0173732377588749,-0.0188934430480003,0.0308107882738113,0
7.53823226,-0.0180809404700994,-0.0188934430480003,0.0308107882738113,0
7.54591402,-0.0184853356331587,-0.0188934430480003,0.0308107882738113,0
7.55350398,-0.0185864251106977,-0.0188934430480003,0.0308107882738113,0
7.56156926,-0.0185864251106977,-0.0384178012609482,0.0308107882738113,0
7.569246,-0.017667006701231,-0.0384178012609482,0.0308107882738113,0
7.57703428,-0.0165296550840139,-0.0384178012609482,0.0308107882738113,0
7.58470004,-0.0159198958426714,-0.0384178012609482,0.0308107882738113,0
7.59251132,-0.0163337513804436,-0.0384178012609482,0.0308107882738113,0
7.6003836,-0.0163337513804436,-0.0384178012609482,0.0308107882738113,0
7.60857208,-0.015863036736846,0.0544677674770355,0.0308107882738113,0
7.61638624,-0.0156166078522801,0.0544677674770355,0.0308107882738113,0
