time2,pos2,vel2,ang2,angvel2
1.0389919,-0.133178681135178,0.489978194236755,-0.0173510611057281,0
1.04542658,-0.133178681135178,0.489978194236755,-0.0173510611057281,0
1.0520254,-0.126767441630363,0.78282356262207,-0.0173510611057281,0
1.05874402,-0.124472253024578,0.78282356262207,-0.0173510611057281,0
1.0649114,-0.124472253024578,0.78282356262207,-0.0173510611057281,0
1.07110464,-0.123328857123852,0.78282356262207,-0.0173510611057281,0
1.07739642,-0.122759103775024,0.78282356262207,-0.0173510611057281,0
1.08357944,-0.122759103775024,0.78282356262207,-0.0173510611057281,0
1.0919894,-0.122470341622829,0.78282356262207,-0.0173510611057281,0
1.10014132,-0.122263796627522,0.090072900056839,-0.0173510611057281,0
1.10811826,-0.122224941849709,0.090072900056839,-0.0173510611057281,0
1.1160229,-0.122224941849709,0.090072900056839,-0.0173510611057281,0
1.12389428,-0.122072793543339,0.090072900056839,-0.022297777235508,0
1.1317918,-0.122127190232277,0.090072900056839,-0.022297777235508,0
1.1397527,-0.122158266603947,0.090072900056839,-0.027260459959507,0
1.14791796,-0.122169926762581,0.090072900056839,-0.0322351232171059,0
1.15607806,-0.122169926762581,0.00187739729881287,-0.0372195690870285,-0.297681242227554
1.1646177,-0.119591772556305,0.00187739729881287,-0.0422143340110779,-0.297681242227554
1.1726447,-0.118354469537735,0.00187739729881287,-0.0472144931554794,-0.297681242227554
1.18053374,-0.120154082775116,0.00187739729881287,-0.0522178485989571,-0.297681242227554
1.18860324,-0.121205151081085,0.00187739729881287,-0.0522178485989571,-0.297681242227554
1.19660262,-0.121205151081085,0.00187739729881287,-0.0522178485989571,-0.297681242227554
1.2048093,-0.12165504693985,0.0102975964546204,-0.05722401663661,-0.399654507637024
1.21270692,-0.121721856296062,0.0102975964546204,-0.0522178485989571,-0.399654507637024
1.22076958,-0.121823504567146,0.0102975964546204,-0.0472144931554794,-0.399654507637024
1.22691234,-0.121874637901783,0.0102975964546204,-0.0422143340110779,-0.399654507637024
1.23302902,-0.121874637901783,0.0102975964546204,-0.0372195690870285,-0.399654507637024
1.23939408,-0.11924596875906,0.0102975964546204,-0.0322351232171059,-0.399654507637024
1.24600398,-0.11924596875906,0.0102975964546204,-0.027260459959507,-0.399654507637024
1.2527706,-0.117826327681541,0.0765743851661682,-0.0173510611057281,0.598401427268982
1.2606896,-0.11726401001215,0.0765743851661682,-0.00751330703496933,0.598401427268982
1.268578,-0.116980917751789,0.0765743851661682,0.0022408626973629,0.598401427268982
1.27644174,-0.116980917751789,0.0765743851661682,0.0166706889867783,0.598401427268982
1.28435792,-0.119540989398956,0.0765743851661682,0.026132807135582,0.598401427268982
1.29193144,-0.121023073792458,0.0765743851661682,0.0400502607226372,0.598401427268982
1.3001454,-0.1192587018013,-0.0286474823951721,0.0535845682024956,1.42830181121826
1.30699754,-0.118588142096996,-0.0286474823951721,0.0623677521944046,1.42830181121826
1.31313668,-0.118588142096996,-0.0286474823951721,0.0709425434470177,1.42830181121826
1.31952354,-0.118227869272232,-0.0286474823951721,0.0792922899127007,1.42830181121826
1.32574054,-0.118227869272232,-0.0286474823951721,0.0874038413167,1.42830181121826
1.33183198,-0.118402980268002,-0.0286474823951721,0.095261462032795,1.42830181121826
1.33800376,-0.118609182536602,-0.0286474823951721,0.102853409945965,1.42830181121826
1.3446791,-0.118609182536602,-0.0286474823951721,0.110163561999798,1.42830181121826
1.35136348,-0.118838682770729,0.00840038061141968,0.120575450360775,1.36127638816834
1.35780728,-0.119161173701286,0.00840038061141968,0.123892478644848,1.36127638816834
1.36400962,-0.119161173701286,0.00840038061141968,0.130286991596222,1.36127638816834
1.37012864,-0.119386531412601,0.00840038061141968,0.133361667394638,1.36127638816834
1.3764769,-0.119635201990604,0.00840038061141968,0.136352300643921,1.36127638816834
1.38263182,-0.119635201990604,0.00840038061141968,0.139258593320847,1.36127638816834
1.38882744,-0.119821697473526,0.00840038061141968,0.142079293727875,1.36127638816834
1.39500134,-0.119821697473526,0.00840038061141968,0.144812107086182,1.36127638816834
1.4017516,-0.119918830692768,-0.0216029584407806,0.147455871105194,0.605494797229767
1.40791232,-0.120031505823135,-0.0216029584407806,0.147455871105194,0.605494797229767
1.41405982,-0.120031505823135,-0.0216029584407806,0.15000993013382,0.605494797229767
1.42045216,-0.120085909962654,-0.0216029584407806,0.15000993013382,0.605494797229767
1.42663944,-0.120116986334324,-0.0216029584407806,0.15000993013382,0.605494797229767
1.43276192,-0.120116986334324,-0.0216029584407806,0.15000993013382,0.605494797229767
1.43893706,-0.12276616692543,-0.0216029584407806,0.15000993013382,0.605494797229767
1.44538214,-0.12276616692543,-0.0216029584407806,0.15000993013382,0.605494797229767
1.45192028,-0.124104216694832,-0.083707720041275,0.15000993013382,0.0510811805725098
1.4584975,-0.124697610735893,-0.083707720041275,0.147455871105194,0.0510811805725098
1.46468284,-0.124697610735893,-0.083707720041275,0.147455871105194,0.0510811805725098
1.47084282,-0.122222751379013,-0.083707720041275,0.147455871105194,0.0510811805725098
1.47700262,-0.120775640010834,-0.083707720041275,0.147455871105194,0.0510811805725098
1.48314542,-0.120775640010834,-0.083707720041275,0.147455871105194,0.0510811805725098
1.489506,-0.120007127523422,-0.083707720041275,0.147455871105194,0.0510811805725098
1.4979967,-0.117542937397957,-0.083707720041275,0.147455871105194,0.0510811805725098
1.50638306,-0.117542937397957,0.1312255859375,0.147455871105194,-0.0510811805725098
1.51405774,-0.116358518600464,0.1312255859375,0.15000993013382,-0.0510811805725098
1.52181534,-0.115591280162334,0.1312255859375,0.15000993013382,-0.0510811805725098
1.52962114,-0.116707935929298,0.1312255859375,0.152474075555801,-0.0510811805725098
1.53765188,-0.117025196552277,0.1312255859375,0.154845774173737,-0.0510811805725098
1.54584006,-0.117025196552277,0.1312255859375,0.154845774173737,-0.0510811805725098
1.55482384,-0.119550101459026,-0.0401432812213898,0.157124131917953,0.193365216255188
1.56278776,-0.118265651166439,-0.0401432812213898,0.159308910369873,0.193365216255188
1.5707161,-0.117338106036186,-0.0401432812213898,0.161398738622665,0.193365216255188
1.57861376,-0.1168332695961,-0.0401432812213898,0.161398738622665,0.193365216255188
1.58603444,-0.1168332695961,-0.0401432812213898,0.163392722606659,0.193365216255188
1.59378728,-0.116301231086254,-0.0401432812213898,0.163392722606659,0.193365216255188
1.60201002,-0.115757539868355,0.0758512318134308,0.165289610624313,0.163309574127197
1.60988996,-0.115435048937798,0.0758512318134308,0.165289610624313,0.163309574127197
1.61772028,-0.11347109824419,0.0758512318134308,0.165289610624313,0.163309574127197
1.62571568,-0.11347109824419,0.0758512318134308,0.167089253664017,0.163309574127197
1.63253532,-0.112198352813721,0.0758512318134308,0.167089253664017,0.163309574127197
1.6401366,-0.11121042072773,0.0758512318134308,0.167089253664017,0.163309574127197
1.64797972,-0.11045553535223,0.0758512318134308,0.168790876865387,0.163309574127197
1.65651126,-0.109776325523853,0.106040090322495,0.168790876865387,0.0700253248214722
1.6630315,-0.109776325523853,0.106040090322495,0.168790876865387,0.0700253248214722
1.66918222,-0.10917279869318,0.106040090322495,0.168790876865387,0.0700253248214722
1.6755375,-0.10917279869318,0.106040090322495,0.168790876865387,0.0700253248214722
1.6816463,-0.106878280639648,0.106040090322495,0.168790876865387,0.0700253248214722
1.68780822,-0.105181120336056,0.106040090322495,0.168790876865387,0.0700253248214722
1.69534854,-0.105181120336056,0.106040090322495,0.168790876865387,0.0700253248214722
1.70350652,-0.101146519184113,0.18618032336235,0.168790876865387,0
1.71115848,-0.0992078557610512,0.18618032336235,0.168790876865387,0
1.7189906,-0.0978222116827965,0.18618032336235,0.168790876865387,0
1.72694694,-0.096940889954567,0.18618032336235,0.168790876865387,0
1.73495764,-0.096940889954567,0.18618032336235,0.167089253664017,0
1.74194592,-0.0960830971598625,0.18618032336235,0.167089253664017,0
1.7487921,-0.0954715833067894,0.113498717546463,0.167089253664017,-0.0340324640274048
1.75498126,-0.0954715833067894,0.113498717546463,0.165289610624313,-0.0340324640274048
1.76155966,-0.0928022637963295,0.113498717546463,0.163392722606659,-0.0340324640274048
1.76772114,-0.0912820398807526,0.113498717546463,0.163392722606659,-0.0340324640274048
1.77392264,-0.0912820398807526,0.113498717546463,0.161398738622665,-0.0340324640274048
1.78005578,-0.0901261866092682,0.113498717546463,0.157124131917953,-0.0340324640274048
1.78637064,-0.0899091735482216,0.113498717546463,0.154845774173737,-0.0340324640274048
1.79257288,-0.0890991389751434,0.113498717546463,0.15000993013382,-0.0340324640274048
1.79911402,-0.0858999341726303,0.191432982683182,0.147455871105194,-0.392667651176453
1.80546664,-0.0858999341726303,0.191432982683182,0.142079293727875,-0.392667651176453
1.81158358,-0.0836651250720024,0.191432982683182,0.136352300643921,-0.392667651176453
1.81782148,-0.0804006010293961,0.191432982683182,0.130286991596222,-0.392667651176453
1.8240488,-0.0804006010293961,0.191432982683182,0.123892478644848,-0.392667651176453
1.83017904,-0.0771092996001244,0.191432982683182,0.11718112975359,-0.392667651176453
1.8365453,-0.0745870769023895,0.191432982683182,0.106544010341167,-0.392667651176453
1.84281334,-0.0745870769023895,0.191432982683182,0.0990906283259392,-0.392667651176453
1.84949616,-0.072548121213913,0.267036259174347,0.0874038413167,-1.12182128429413
1.85569536,-0.072548121213913,0.267036259174347,0.0792922899127007,-1.12182128429413
1.86213758,-0.0697958022356033,0.267036259174347,0.0666814595460892,-1.12182128429413
1.86859848,-0.0678445026278496,0.267036259174347,0.0580009445548058,-1.12182128429413
1.87483596,-0.0678445026278496,0.267036259174347,0.049117311835289,-1.12182128429413
1.88240192,-0.0650162622332573,0.267036259174347,0.0354511812329292,-1.12182128429413
1.89035388,-0.0617063529789448,0.267036259174347,0.0214193239808083,-1.12182128429413
1.8981238,-0.0592646785080433,0.267036259174347,0.00707890838384628,-1.12182128429413
1.90664654,-0.0544377788901329,0.265668839216232,-0.00751330703496933,-1.68571794033051
1.9145917,-0.0544377788901329,0.265668839216232,-0.0173510611057281,-1.68571794033051
1.9225926,-0.0514762699604034,0.265668839216232,-0.027260459959507,-1.68571794033051
1.93068308,-0.0498555190861225,0.265668839216232,-0.0372195690870285,-1.68571794033051
1.93858608,-0.0479582026600838,0.265668839216232,-0.0472144931554794,-1.68571794033051
1.94638474,-0.0479582026600838,0.265668839216232,-0.0522178485989571,-1.68571794033051
1.95545928,-0.046333733946085,0.258618891239166,-0.0622307993471622,-1.28605842590332
1.96318922,-0.0441213995218277,0.258618891239166,-0.0672332644462585,-1.28605842590332
1.97099546,-0.0416932106018066,0.258618891239166,-0.0722310245037079,-1.28605842590332
1.97877492,-0.0390407182276249,0.258618891239166,-0.0772227942943573,-1.28605842590332
1.9866335,-0.0390407182276249,0.258618891239166,-0.0772227942943573,-1.28605842590332
1.99458016,-0.035790216177702,0.258618891239166,-0.0772227942943573,-1.28605842590332
2.00273398,-0.0323971956968308,0.278730750083923,-0.0772227942943573,-0.399975538253784
2.01073918,-0.0294767562299967,0.278730750083923,-0.0772227942943573,-0.399975538253784
2.01759026,-0.0263436511158943,0.278730750083923,-0.0772227942943573,-0.399975538253784
2.02376872,-0.0263436511158943,0.278730750083923,-0.0772227942943573,-0.399975538253784
2.02996588,-0.0234088320285082,0.278730750083923,-0.0772227942943573,-0.399975538253784
2.03688296,-0.0210250858217478,0.278730750083923,-0.0772227942943573,-0.399975538253784
2.0448159,-0.0210250858217478,0.278730750083923,-0.0772227942943573,-0.399975538253784
2.0537484,-0.0195975117385387,0.255993664264679,-0.0722310245037079,0
2.06170142,-0.0183741189539433,0.255993664264679,-0.0722310245037079,0
2.06954008,-0.0164155587553978,0.255993664264679,-0.0722310245037079,0
2.07734316,-0.0149084851145744,0.255993664264679,-0.0722310245037079,0
2.08494582,-0.0149084851145744,0.255993664264679,-0.0722310245037079,0
2.09108544,-0.0128260608762503,0.255993664264679,-0.0722310245037079,0
2.09743882,-0.0111130718141794,0.255993664264679,-0.0772227942943573,0
2.1039882,-0.0111130718141794,0.169688791036606,-0.0772227942943573,0
2.11016812,-0.00933868438005447,0.169688791036606,-0.0772227942943573,0
2.11651668,-0.00788509380072355,0.169688791036606,-0.0822063758969307,0
2.12264258,-0.00788509380072355,0.169688791036606,-0.0822063758969307,0
2.12888968,-0.00584640493616462,0.169688791036606,-0.0871777683496475,0
2.1350253,-0.00584640493616462,0.169688791036606,-0.0871777683496475,0
2.1411805,-0.00429199216887355,0.169688791036606,-0.0921347737312317,0
2.14789042,-0.00230880733579397,0.169688791036606,-0.0970770418643951,0
2.15460306,-0.00230880733579397,0.176085293292999,-0.102001488208771,-0.397084951400757
2.16106216,-0.0013417435111478,0.176085293292999,-0.106905922293663,-0.397084951400757
2.16739508,-0.000136165617732331,0.176085293292999,-0.106905922293663,-0.397084951400757
2.1735904,-0.000136165617732331,0.176085293292999,-0.111787334084511,-0.397084951400757
2.17973084,0.00187725061550736,0.176085293292999,-0.116645328700542,-0.397084951400757
2.1859088,0.00187725061550736,0.176085293292999,-0.121476896107197,-0.397084951400757
2.19201478,0.00434928899630904,0.176085293292999,-0.126279890537262,-0.397084951400757
2.19819,0.0062058256007731,0.176085293292999,-0.131051361560822,-0.397084951400757
2.20488664,0.0062058256007731,0.170292660593987,-0.131051361560822,-0.679486393928528
2.21106464,0.00789419189095497,0.170292660593987,-0.135790914297104,-0.679486393928528
2.21767424,0.00946186110377312,0.170292660593987,-0.140497326850891,-0.679486393928528
2.2239109,0.00946186110377312,0.170292660593987,-0.140497326850891,-0.679486393928528
2.23012586,0.0107360072433949,0.170292660593987,-0.145164266228676,-0.679486393928528
2.23649348,0.0124381640926003,0.170292660593987,-0.145164266228676,-0.679486393928528
2.24272786,0.0124381640926003,0.170292660593987,-0.149793058633804,-0.679486393928528
2.24944484,0.0132761001586914,0.141405493021011,-0.149793058633804,-0.374833941459656
2.25565906,0.0132761001586914,0.141405493021011,-0.1543800085783,-0.374833941459656
2.26207752,0.0143784331157804,0.141405493021011,-0.1543800085783,-0.374833941459656
2.26841742,0.0160662848502398,0.141405493021011,-0.1543800085783,-0.374833941459656
2.27643024,0.0173703581094742,0.141405493021011,-0.1543800085783,-0.374833941459656
2.28407568,0.0173703581094742,0.141405493021011,-0.1543800085783,-0.374833941459656
2.29198092,0.0180223844945431,0.141405493021011,-0.1543800085783,-0.374833941459656
2.3001817,0.0187819674611092,0.110117346048355,-0.1543800085783,-0.0917389988899231
2.308014,0.0195556059479713,0.110117346048355,-0.149793058633804,-0.0917389988899231
2.31597004,0.0195556059479713,0.110117346048355,-0.149793058633804,-0.0917389988899231
2.32465822,0.0203453246504068,0.110117346048355,-0.149793058633804,-0.0917389988899231
2.33267788,0.0211837198585272,0.110117346048355,-0.149793058633804,-0.0917389988899231
2.3406699,0.0220296289771795,0.110117346048355,-0.149793058633804,-0.0917389988899231
2.34902822,0.0226778797805309,0.0779182463884354,-0.149793058633804,0.0917389988899231
2.35699226,0.023531723767519,0.0779182463884354,-0.149793058633804,0.0917389988899231
2.36360694,0.023531723767519,0.0779182463884354,-0.149793058633804,0.0917389988899231
2.36973042,0.0238957218825817,0.0779182463884354,-0.149793058633804,0.0917389988899231
2.37592554,0.0238957218825817,0.0779182463884354,-0.149793058633804,0.0917389988899231
2.38205956,0.0241406243294477,0.0779182463884354,-0.149793058633804,0.0917389988899231
2.38836432,0.0242120940238237,0.0779182463884354,-0.149793058633804,0.0917389988899231
2.39452726,0.0242120940238237,0.0779182463884354,-0.149793058633804,0.0917389988899231
2.40106514,0.0242988206446171,0.032418817281723,-0.149793058633804,0
2.40738332,0.0247275922447443,0.032418817281723,-0.149793058633804,0
2.4154141,0.0247275922447443,0.032418817281723,-0.149793058633804,0
2.4230421,0.024941997602582,0.032418817281723,-0.149793058633804,0
2.43084096,0.02503727003932,0.032418817281723,-0.149793058633804,0
2.43872722,0.0255136862397194,0.032418817281723,-0.149793058633804,0
2.44668428,0.0255136862397194,0.032418817281723,-0.149793058633804,0
2.45493346,0.0257280915975571,0.0285854190587997,-0.145164266228676,0.0925758481025696
2.46281544,0.0258471872657537,0.0285854190587997,-0.145164266228676,0.0925758481025696
2.47072406,0.0259186550974846,0.0285854190587997,-0.140497326850891,0.0925758481025696
2.47877828,0.0259424783289433,0.0285854190587997,-0.135790914297104,0.0925758481025696
2.48669218,0.0259424783289433,0.0285854190587997,-0.135790914297104,0.0925758481025696
2.49460376,0.0259424783289433,0.0285854190587997,-0.131051361560822,0.0925758481025696
2.50237448,0.0266306307166815,0.0180507823824883,-0.126279890537262,0.377687513828278
2.50857086,0.0269194412976503,0.0180507823824883,-0.121476896107197,0.377687513828278
2.51473652,0.0269194412976503,0.0180507823824883,-0.116645328700542,0.377687513828278
2.5208852,0.0260693747550249,0.0180507823824883,-0.111787334084511,0.377687513828278
2.52702296,0.0255814362317324,0.0180507823824883,-0.106905922293663,0.377687513828278
2.53317508,0.0255814362317324,0.0180507823824883,-0.102001488208771,0.377687513828278
2.54065602,0.0249639321118593,0.0180507823824883,-0.0970770418643951,0.377687513828278
2.5489889,0.0246628187596798,-0.0393562391400337,-0.0921347737312317,0.682902336120605
2.55694466,0.0245046429336071,-0.0393562391400337,-0.0822063758969307,0.682902336120605
2.56356832,0.0245046429336071,-0.0393562391400337,-0.0772227942943573,0.682902336120605
2.56967182,0.0243702884763479,-0.0393562391400337,-0.0722310245037079,0.682902336120605
2.57588364,0.0243702884763479,-0.0393562391400337,-0.0672332644462585,0.682902336120605
2.58202048,0.0239414982497692,-0.0393562391400337,-0.0622307993471622,0.682902336120605
2.5883803,0.0226632114499807,-0.0393562391400337,-0.05722401663661,0.682902336120605
2.5945431,0.0226632114499807,-0.0393562391400337,-0.0522178485989571,0.682902336120605
2.60108142,0.0223545841872692,-0.0461646914482117,-0.0472144931554794,0.898405611515045
2.60738044,0.0212914273142815,-0.0461646914482117,-0.0422143340110779,0.898405611515045
2.61352568,0.0212914273142815,-0.0461646914482117,-0.0372195690870285,0.898405611515045
2.6196885,0.0208103563636541,-0.0461646914482117,-0.0322351232171059,0.898405611515045
2.62589168,0.0208103563636541,-0.0461646914482117,-0.0322351232171059,0.898405611515045
2.63203732,0.0205796621739864,-0.0461646914482117,-0.027260459959507,0.898405611515045
2.63856796,0.0196192935109138,-0.0461646914482117,-0.022297777235508,0.898405611515045
2.64502906,0.0196192935109138,-0.0461646914482117,-0.022297777235508,0.898405611515045
2.65188416,0.0187149997800589,-0.072791688144207,-0.0173510611057281,0.597268640995026
2.65851162,0.0175180062651634,-0.072791688144207,-0.0173510611057281,0.597268640995026
2.66660842,0.0169726554304361,-0.072791688144207,-0.0124224834144115,0.597268640995026
2.6744959,0.0169726554304361,-0.072791688144207,-0.0124224834144115,0.597268640995026
2.68241894,0.0166800692677498,-0.072791688144207,-0.0124224834144115,0.597268640995026
2.68999844,0.0165470894426107,-0.072791688144207,-0.0124224834144115,0.597268640995026
2.69783566,0.0153238102793694,-0.072791688144207,-0.0124224834144115,0.597268640995026
2.70607126,0.0153238102793694,-0.0678237900137901,-0.0173510611057281,0.0985715538263321
2.7139767,0.0142721366137266,-0.0678237900137901,-0.0173510611057281,0.0985715538263321
2.72201394,0.0137263871729374,-0.0678237900137901,-0.0173510611057281,0.0985715538263321
2.73062208,0.0132633587345481,-0.0678237900137901,-0.0173510611057281,0.0985715538263321
2.7385896,0.0125850681215525,-0.0678237900137901,-0.0173510611057281,0.0985715538263321
2.74652832,0.0125850681215525,-0.0678237900137901,-0.0173510611057281,0.0985715538263321
2.7534535,0.0117726139724255,-0.0710239261388779,-0.0173510611057281,-0.0985715538263321
2.75986196,0.0113331601023674,-0.0710239261388779,-0.0173510611057281,-0.0985715538263321
2.76599196,0.0113331601023674,-0.0710239261388779,-0.0173510611057281,-0.0985715538263321
2.77219064,0.0111600114032626,-0.0710239261388779,-0.0173510611057281,-0.0985715538263321
2.77850652,0.0110800173133612,-0.0710239261388779,-0.0124224834144115,-0.0985715538263321
2.78472678,0.0110800173133612,-0.0710239261388779,-0.0124224834144115,-0.0985715538263321
2.79084984,0.0109868617728353,-0.0710239261388779,-0.0124224834144115,-0.0985715538263321
2.79701342,0.0103100966662169,-0.0710239261388779,-0.0124224834144115,-0.0985715538263321
2.80372598,0.0103100966662169,-0.0292503461241722,-0.0124224834144115,0.0985715538263321
2.80991096,0.0092151639983058,-0.0292503461241722,-0.0124224834144115,0.0985715538263321
2.81611486,0.0092151639983058,-0.0292503461241722,-0.00751330703496933,0.0985715538263321
2.82238056,0.00797687564045191,-0.0292503461241722,-0.00751330703496933,0.0985715538263321
2.82857072,0.00735805509611964,-0.0292503461241722,-0.00751330703496933,0.0985715538263321
2.83477058,0.00735805509611964,-0.0292503461241722,-0.00262391939759254,0.0985715538263321
2.8409526,0.00632484443485737,-0.0292503461241722,-0.00262391939759254,0.0985715538263321
2.84735294,0.00513072963804007,-0.0292503461241722,0.0022408626973629,0.0985715538263321
2.85395946,0.00513072963804007,-0.103587336838245,0.00707890838384628,0.293266922235489
2.86053824,0.00455436715856195,-0.103587336838245,0.00707890838384628,0.293266922235489
2.8668222,0.00356307975016534,-0.103587336838245,0.0118898525834084,0.293266922235489
2.87296462,0.00356307975016534,-0.103587336838245,0.0166706889867783,0.293266922235489
2.87912324,0.00302638998255134,-0.103587336838245,0.0214193239808083,0.293266922235489
2.88546974,0.00302638998255134,-0.103587336838245,0.0214193239808083,0.293266922235489
2.8915961,0.00208036415278912,-0.103587336838245,0.026132807135582,0.293266922235489
2.89778494,0.00158668518997729,-0.103587336838245,0.0308107882738113,0.293266922235489
2.90449794,0.00158668518997729,-0.0708808898925781,0.0308107882738113,0.571398496627808
2.91075966,0.0000608825685048942,-0.0708808898925781,0.0354511812329292,0.571398496627808
2.9169172,-0.000661125173792243,-0.0708808898925781,0.0400502607226372,0.571398496627808
2.92308964,-0.000661125173792243,-0.0708808898925781,0.0400502607226372,0.571398496627808
2.93065858,-0.00102237705141306,-0.0708808898925781,0.0446052029728889,0.571398496627808
2.9384651,-0.00119375227950513,-0.0708808898925781,0.049117311835289,0.571398496627808
2.94609074,-0.00119375227950513,-0.0708808898925781,0.0535845682024956,0.571398496627808
2.9550611,-0.00182373041752726,-0.0682083144783974,0.0535845682024956,0.455475598573685
2.96283756,-0.00281572341918945,-0.0682083144783974,0.0580009445548058,0.455475598573685
2.97071968,-0.00381618505343795,-0.0682083144783974,0.0580009445548058,0.455475598573685
2.97878332,-0.00431179068982601,-0.0682083144783974,0.0623677521944046,0.455475598573685
2.98660756,-0.00431179068982601,-0.0682083144783974,0.0623677521944046,0.455475598573685
2.99458226,-0.00529170967638493,-0.0682083144783974,0.0623677521944046,0.455475598573685
3.00278886,-0.00571125047281384,-0.0777503997087479,0.0623677521944046,0.175663679838181
3.01069716,-0.00597152719274163,-0.0777503997087479,0.0623677521944046,0.175663679838181
3.01858508,-0.00661075580865145,-0.0777503997087479,0.0623677521944046,0.175663679838181
3.024799,-0.00661075580865145,-0.0777503997087479,0.0623677521944046,0.175663679838181
3.03091164,-0.00692573562264442,-0.0777503997087479,0.0623677521944046,0.175663679838181
3.03711828,-0.00827537570148706,-0.0777503997087479,0.0623677521944046,0.175663679838181
3.04370744,-0.00827537570148706,-0.0777503997087479,0.0623677521944046,0.175663679838181
3.05138302,-0.00964370742440224,-0.078649140894413,0.0623677521944046,0
3.05916226,-0.00967124942690134,-0.078649140894413,0.0623677521944046,0
3.0670162,-0.00965274777263403,-0.078649140894413,0.0623677521944046,0
3.07496326,-0.00965274777263403,-0.078649140894413,0.0623677521944046,0
3.08276658,-0.010255622677505,-0.078649140894413,0.0623677521944046,0
3.09059402,-0.0105005456134677,-0.078649140894413,0.0623677521944046,0
3.09898484,-0.0106535721570253,-0.020197294652462,0.0623677521944046,0
3.10695376,-0.0114908218383789,-0.020197294652462,0.0623677521944046,0
3.11556654,-0.0114908218383789,-0.020197294652462,0.0623677521944046,0
3.1236637,-0.011373863555491,-0.020197294652462,0.0623677521944046,0
3.13151544,-0.0126748848706484,-0.020197294652462,0.0623677521944046,0
3.13903452,-0.013294086791575,-0.020197294652462,0.0623677521944046,0
3.14571224,-0.013294086791575,-0.020197294652462,0.0623677521944046,0
3.1523972,-0.0136349871754646,-0.0596283003687859,0.0623677521944046,0
3.15885252,-0.0137588307261467,-0.0596283003687859,0.0623677521944046,0
3.16502988,-0.0137588307261467,-0.0596283003687859,0.0623677521944046,0
3.17114466,-0.0138520430773497,-0.0596283003687859,0.0623677521944046,0
3.17747132,-0.0136107252910733,-0.0596283003687859,0.0623677521944046,0
3.18364226,-0.0136107252910733,-0.0596283003687859,0.0623677521944046,0
3.18978148,-0.0134827615693212,-0.0596283003687859,0.0623677521944046,0
3.19591886,-0.0134827615693212,-0.0596283003687859,0.0623677521944046,0
3.20258338,-0.0134494015946984,0.00371171161532402,0.0623677521944046,0
3.20871726,-0.0134173966944218,0.00371171161532402,0.0623677521944046,0
3.2148614,-0.0134173966944218,0.00371171161532402,0.0623677521944046,0
3.22147036,-0.0134014133363962,0.00371171161532402,0.0623677521944046,0
3.2276357,-0.0128809353336692,0.00371171161532402,0.0623677521944046,0
3.23383074,-0.0128809353336692,0.00371171161532402,0.0623677521944046,0
3.24001556,-0.0133818052709103,0.00371171161532402,0.0623677521944046,0
3.24649482,-0.0136788561940193,0.00371171161532402,0.0623677521944046,0
3.2530506,-0.0136788561940193,-0.00458909198641777,0.0623677521944046,0
3.2597072,-0.0138040538877249,-0.00458909198641777,0.0623677521944046,0
3.26585378,-0.0138040538877249,-0.00458909198641777,0.0623677521944046,0
3.27197608,-0.0138666722923517,-0.00458909198641777,0.0623677521944046,0
3.27817424,-0.013641357421875,-0.00458909198641777,0.0623677521944046,0
3.28448614,-0.013641357421875,-0.00458909198641777,0.0623677521944046,0
3.2906231,-0.0135133741423488,-0.00458909198641777,0.0623677521944046,0
3.29681316,-0.0134494015946984,-0.00458909198641777,0.0623677521944046,0
3.30519042,-0.0134494015946984,0.00458909198641777,0.0623677521944046,0
3.31290142,-0.0134173966944218,0.00458909198641777,0.0623677521944046,0
3.32100428,-0.0134014133363962,0.00458909198641777,0.0623677521944046,0
3.3288458,-0.0133547969162464,0.00458909198641777,0.0623677521944046,0
3.33736206,-0.0133854104205966,0.00458909198641777,0.0623677521944046,0
3.34509348,-0.0133854104205966,0.00458909198641777,0.0623677521944046,0
3.35365848,-0.0133854104205966,0.00127982348203659,0.0623677521944046,0
3.36151448,-0.0133854104205966,0.00127982348203659,0.0623677521944046,0
3.36942708,-0.0133854104205966,0.00127982348203659,0.0580009445548058,0
3.3773539,-0.0133854104205966,0.00127982348203659,0.0580009445548058,0
3.38503692,-0.0133854104205966,0.00127982348203659,0.0580009445548058,0
3.3926455,-0.0133854104205966,0.00127982348203659,0.0535845682024956,0
3.39938398,-0.0133854104205966,0,0.0535845682024956,-0.175663679838181
3.40556422,-0.0133854104205966,0,0.049117311835289,-0.175663679838181
3.41164808,-0.0120725249871612,0,0.049117311835289,-0.175663679838181
3.41783482,-0.0109036257490516,0,0.0446052029728889,-0.175663679838181
3.42400208,-0.0109036257490516,0,0.0446052029728889,-0.175663679838181
3.43017602,-0.0103031536564231,0,0.0400502607226372,-0.175663679838181
3.43649698,-0.0107730105519295,0,0.0400502607226372,-0.175663679838181
3.44471332,-0.0107730105519295,0,0.0354511812329292,-0.175663679838181
3.45298072,-0.0110264206305146,0.0471797958016396,0.0354511812329292,-0.362667739391327
3.46157216,-0.0111264418810606,0.0471797958016396,0.0308107882738113,-0.362667739391327
3.46953068,-0.0103874206542969,0.0471797958016396,0.026132807135582,-0.362667739391327
3.47747178,-0.0100213242694736,0.0471797958016396,0.026132807135582,-0.362667739391327
3.48538526,-0.0100213242694736,0.0471797958016396,0.0214193239808083,-0.362667739391327
3.49300976,-0.00923675578087568,0.0471797958016396,0.0214193239808083,-0.362667739391327
3.50138744,-0.00893104542046785,0.0419075042009354,0.0166706889867783,-0.375609844923019
3.50938348,-0.00807060208171606,0.0419075042009354,0.0166706889867783,-0.375609844923019
3.51712932,-0.00769084924831986,0.0419075042009354,0.0166706889867783,-0.375609844923019
3.5250072,-0.00769084924831986,0.0419075042009354,0.0118898525834084,-0.375609844923019
3.5328912,-0.00743059162050486,0.0419075042009354,0.0118898525834084,-0.375609844923019
3.54088482,-0.00735094072297215,0.0419075042009354,0.0118898525834084,-0.375609844923019
3.54816664,-0.0067607881501317,0.0419075042009354,0.00707890838384628,-0.375609844923019
3.55490168,-0.0067607881501317,0.043405145406723,0.00707890838384628,-0.19183561205864
3.5614578,-0.00651618978008628,0.043405145406723,0.00707890838384628,-0.19183561205864
3.5676641,-0.00632350938394666,0.043405145406723,0.00707890838384628,-0.19183561205864
3.57384492,-0.00632350938394666,0.043405145406723,0.0022408626973629,-0.19183561205864
3.57997388,-0.00678211217746139,0.043405145406723,0.0022408626973629,-0.19183561205864
3.58611616,-0.00678211217746139,0.043405145406723,0.0022408626973629,-0.19183561205864
3.59237234,-0.0065069580450654,0.043405145406723,0.0022408626973629,-0.19183561205864
3.5989521,-0.00635408423841,0.00813407823443413,0.0022408626973629,-0.0967609137296677
3.60512492,-0.00635408423841,0.00813407823443413,0.0022408626973629,-0.0967609137296677
3.61144494,-0.00626235967501998,0.00813407823443413,0.0022408626973629,-0.0967609137296677
3.61760832,-0.00623180391266942,0.00813407823443413,0.0022408626973629,-0.0967609137296677
3.6237727,-0.00623180391266942,0.00813407823443413,0.0022408626973629,-0.0967609137296677
3.62991228,-0.00623180391266942,0.00813407823443413,0.0022408626973629,-0.0967609137296677
3.63606782,-0.00623180391266942,0.00813407823443413,0.0022408626973629,-0.0967609137296677
3.64254982,-0.0062012099660933,0.00813407823443413,0.0022408626973629,-0.0967609137296677
3.64942856,-0.0062012099660933,0.00305748544633389,0.0022408626973629,0
3.65564068,-0.0062012099660933,0.00305748544633389,0.0022408626973629,0
3.66205842,-0.0062012099660933,0.00305748544633389,0.0022408626973629,0
3.66837038,-0.0062012099660933,0.00305748544633389,0.0022408626973629,0
3.6751249,-0.0062012099660933,0.00305748544633389,0.0022408626973629,0
3.6829505,-0.0062012099660933,0.00305748544633389,0.0022408626973629,0
3.6908727,-0.00552421575412154,0.00305748544633389,0.0022408626973629,0
3.6999405,-0.00588262546807528,0.00637168996036053,0.0022408626973629,0
3.70783274,-0.0060419081710279,0.00637168996036053,0.0022408626973629,0
3.7156631,-0.0060419081710279,0.00637168996036053,0.0022408626973629,0
3.72369698,-0.0061215590685606,0.00637168996036053,0.0022408626973629,0
3.73167868,-0.00616138475015759,0.00637168996036053,0.0022408626973629,0
3.73959688,-0.00616138475015759,0.00637168996036053,0.0022408626973629,0
3.74761684,-0.0062012099660933,0.00637168996036053,0.0022408626973629,0
3.7565061,-0.0062012099660933,-0.00637168996036053,0.0022408626973629,0
3.76464238,-0.0062012099660933,-0.00637168996036053,0.0022408626973629,0
3.7710536,-0.0062012099660933,-0.00637168996036053,0.0022408626973629,0
3.7773911,-0.0062012099660933,-0.00637168996036053,0.0022408626973629,0
3.78355006,-0.0062012099660933,-0.00637168996036053,0.0022408626973629,0
3.78971072,-0.0062012099660933,-0.00637168996036053,0.0022408626973629,0
3.79587224,-0.0062012099660933,-0.00637168996036053,0.0022408626973629,0
3.8025922,-0.0062012099660933,0,0.0022408626973629,0
3.80874406,-0.0062012099660933,0,0.0022408626973629,0
3.81490518,-0.0062012099660933,0,0.0022408626973629,0
3.82110034,-0.0062012099660933,0,0.0022408626973629,0
3.82737464,-0.0062012099660933,0,0.0022408626973629,0
3.8335798,-0.0062012099660933,0,0.0022408626973629,0
3.83973462,-0.0062012099660933,0,0.0022408626973629,0
3.84712,-0.0062012099660933,0,0.0022408626973629,0
3.85559212,-0.00672096246853471,-0.0103950500488281,0.0022408626973629,0
3.86354704,-0.00699615478515625,-0.0103950500488281,0.0022408626973629,0
3.87148398,-0.00763820670545101,-0.0103950500488281,0.0022408626973629,0
3.8791009,-0.00729749677702785,-0.0103950500488281,0.0022408626973629,0
3.88687046,-0.00712253572419286,-0.0103950500488281,0.0022408626973629,0
3.89485642,-0.00712253572419286,-0.0103950500488281,0.0022408626973629,0
3.90379124,-0.00770137785002589,-0.0196083076298237,0.0022408626973629,0
3.91178846,-0.00804130546748638,-0.0196083076298237,0.0022408626973629,0
3.91970052,-0.00831802375614643,-0.0196083076298237,0.0022408626973629,0
3.92765214,-0.0084410859271884,-0.0196083076298237,0.0022408626973629,0
3.93554542,-0.0084410859271884,-0.0196083076298237,0.0022408626973629,0
3.9416701,-0.00906822178512812,-0.0196083076298237,0.0022408626973629,0
3.94874486,-0.0086543271318078,-0.0190589856356382,0.0022408626973629,0
3.95502306,-0.0086543271318078,-0.0190589856356382,0.00707890838384628,0
3.96157296,-0.00849784817546606,-0.0190589856356382,0.00707890838384628,0
3.96775214,-0.00840896647423506,-0.0190589856356382,0.00707890838384628,0
3.97392134,-0.00840896647423506,-0.0190589856356382,0.00707890838384628,0
3.98004586,-0.00903690326958895,-0.0190589856356382,0.00707890838384628,0
3.98641022,-0.00934623740613461,-0.0190589856356382,0.00707890838384628,0
3.99253968,-0.00934623740613461,-0.0190589856356382,0.00707890838384628,0
3.99908392,-0.00950551964342594,-0.0170238502323627,0.00707890838384628,0.0967609137296677
4.00540852,-0.00950551964342594,-0.0170238502323627,0.00707890838384628,0.0967609137296677
4.01152862,-0.00958517100661993,-0.0170238502323627,0.00707890838384628,0.0967609137296677
4.01771566,-0.00962499622255564,-0.0170238502323627,0.00707890838384628,0.0967609137296677
4.02384708,-0.00962499622255564,-0.0170238502323627,0.00707890838384628,0.0967609137296677
4.0299868,-0.00966480281203985,-0.0170238502323627,0.00707890838384628,0.0967609137296677
4.03615388,-0.00966480281203985,-0.0170238502323627,0.00707890838384628,0.0967609137296677
4.04246542,-0.00966480281203985,-0.0170238502323627,0.00707890838384628,0.0967609137296677
4.0493597,-0.0104408264160156,-0.0187061354517937,0.00707890838384628,0
4.05566318,-0.0104408264160156,-0.0187061354517937,0.00707890838384628,0
4.06209334,-0.0100213242694736,-0.0187061354517937,0.00707890838384628,0
4.06842034,-0.00983486138284206,-0.0187061354517937,0.00707890838384628,0
4.0746058,-0.00983486138284206,-0.0187061354517937,0.00707890838384628,0
4.08072186,-0.0105340573936701,-0.0187061354517937,0.00707890838384628,0
4.08689764,-0.0109069440513849,-0.0187061354517937,0.00707890838384628,0
4.0930179,-0.0109069440513849,-0.0187061354517937,0.00707890838384628,0
4.09977764,-0.0110467914491892,-0.0121193006634712,0.0118898525834084,0.0962188839912415
4.10593668,-0.0110467914491892,-0.0121193006634712,0.0118898525834084,0.0962188839912415
4.11209688,-0.0111400224268436,-0.0121193006634712,0.0118898525834084,0.0962188839912415
4.11841828,-0.0111866379156709,-0.0121193006634712,0.0166706889867783,0.0962188839912415
4.12463702,-0.0111866379156709,-0.0121193006634712,0.0166706889867783,0.0962188839912415
4.13074236,-0.0118239978328347,-0.0121193006634712,0.0166706889867783,0.0962188839912415
4.13688842,-0.0120689198374748,-0.0121193006634712,0.0214193239808083,0.0962188839912415
4.14401022,-0.0120689198374748,-0.0121193006634712,0.0214193239808083,0.0962188839912415
4.15236322,-0.0122220041230321,-0.0235042534768581,0.026132807135582,0.284859091043472
4.159983,-0.0128037072718143,-0.0235042534768581,0.026132807135582,0.284859091043472
4.16783402,-0.0130792614072561,-0.0235042534768581,0.0308107882738113,0.284859091043472
4.17583924,-0.0130792614072561,-0.0235042534768581,0.0354511812329292,0.284859091043472
4.18372436,-0.0132323261350393,-0.0235042534768581,0.0354511812329292,0.284859091043472
4.19164408,-0.0133241843432188,-0.0235042534768581,0.0400502607226372,0.284859091043472
4.20059406,-0.0133547969162464,-0.0226558558642864,0.0400502607226372,0.278349071741104
4.20851044,-0.0133547969162464,-0.0226558558642864,0.0446052029728889,0.278349071741104
4.21643118,-0.0133547969162464,-0.0226558558642864,0.0446052029728889,0.278349071741104
4.22406404,-0.014177817851305,-0.0226558558642864,0.0446052029728889,0.278349071741104
4.23191306,-0.0140302469953895,-0.0226558558642864,0.049117311835289,0.278349071741104
4.23973674,-0.0145082287490368,-0.0226558558642864,0.049117311835289,0.278349071741104
4.24768448,-0.0147545430809259,-0.0226558558642864,0.049117311835289,0.278349071741104
4.25598094,-0.0147545430809259,-0.0279949232935905,0.0535845682024956,0.181341022253037
4.26389054,-0.0153828430920839,-0.0279949232935905,0.0535845682024956,0.181341022253037
4.2717257,-0.0156583972275257,-0.0279949232935905,0.0535845682024956,0.181341022253037
4.27962234,-0.0158580970019102,-0.0279949232935905,0.0535845682024956,0.181341022253037
4.28774008,-0.0159499365836382,-0.0279949232935905,0.0535845682024956,0.181341022253037
4.2957551,-0.0159499365836382,-0.0279949232935905,0.0535845682024956,0.181341022253037
4.30470256,-0.0159805677831173,-0.0245204940438271,0.049117311835289,0.0893451273441315
4.31263936,-0.0159805677831173,-0.0245204940438271,0.049117311835289,0.0893451273441315
4.3206285,-0.0160111617296934,-0.0245204940438271,0.049117311835289,0.0893451273441315
4.32861648,-0.0160111617296934,-0.0245204940438271,0.049117311835289,0.0893451273441315
4.33483782,-0.0160111617296934,-0.0245204940438271,0.049117311835289,0.0893451273441315
4.34206016,-0.0152187729254365,-0.0245204940438271,0.049117311835289,0.0893451273441315
4.35102694,-0.0147992512211204,0.0236263312399387,0.049117311835289,-0.0893451273441315
4.35866222,-0.0146128078922629,0.0236263312399387,0.049117311835289,-0.0893451273441315
4.3648181,-0.0146128078922629,0.0236263312399387,0.049117311835289,-0.0893451273441315
4.37096398,-0.0145195769146085,0.0236263312399387,0.049117311835289,-0.0893451273441315
4.3771487,-0.0139525029808283,0.0236263312399387,0.049117311835289,-0.0893451273441315
4.38346146,-0.0139525029808283,0.0236263312399387,0.049117311835289,-0.0893451273441315
4.38962706,-0.0136769488453865,0.0236263312399387,0.049117311835289,-0.0893451273441315
4.39581474,-0.0136769488453865,0.0236263312399387,0.049117311835289,-0.0893451273441315
4.40246856,-0.0135078812018037,0.0258274003863335,0.049117311835289,0
4.40860756,-0.0134466364979744,0.0258274003863335,0.049117311835289,0
4.41479766,-0.0134466364979744,0.0258274003863335,0.049117311835289,0
4.42094692,-0.0134160229936242,0.0258274003863335,0.049117311835289,0
4.42711774,-0.0134160229936242,0.0258274003863335,0.049117311835289,0
4.43343002,-0.0134160229936242,0.0258274003863335,0.049117311835289,0
4.43956316,-0.0125930020585656,0.0258274003863335,0.049117311835289,0
4.44576188,-0.0125930020585656,0.0258274003863335,0.049117311835289,0
4.45281246,-0.0122201154008508,0.0257553160190582,0.049117311835289,0
4.45950016,-0.0127794649451971,0.0257553160190582,0.049117311835289,0
4.46568346,-0.0127794649451971,0.0257553160190582,0.049117311835289,0
4.4718671,-0.0131057361140847,0.0257553160190582,0.0446052029728889,0
4.47804672,-0.0132455825805664,0.0257553160190582,0.0446052029728889,0
4.48438042,-0.0132455825805664,0.0257553160190582,0.0446052029728889,0
4.49053966,-0.0132921980693936,0.0257553160190582,0.0446052029728889,0
4.49670944,-0.0133388135582209,0.0257553160190582,0.0400502607226372,0
4.50339244,-0.0133388135582209,-0.0223739631474018,0.0400502607226372,-0.181341022253037
4.50949424,-0.0133854104205966,-0.0223739631474018,0.0400502607226372,-0.181341022253037
4.51569496,-0.0133854104205966,-0.0223739631474018,0.0354511812329292,-0.181341022253037
4.52415722,-0.0133854104205966,-0.0223739631474018,0.0354511812329292,-0.181341022253037
4.53200866,-0.0128649333491921,-0.0223739631474018,0.0308107882738113,-0.181341022253037
4.53996906,-0.0126200104132295,-0.0223739631474018,0.026132807135582,-0.181341022253037
4.54776972,-0.0116745186969638,-0.0223739631474018,0.0214193239808083,-0.181341022253037
4.55597074,-0.0116745186969638,0.0332858972251415,0.0214193239808083,-0.372618734836578
4.56385532,-0.0106732938438654,0.0332858972251415,0.0166706889867783,-0.372618734836578
4.57190928,-0.0102113150060177,0.0332858972251415,0.0118898525834084,-0.372618734836578
4.58046564,-0.00994075741618872,0.0332858972251415,0.00707890838384628,-0.372618734836578
4.58856676,-0.00977504719048738,0.0332858972251415,0.00707890838384628,-0.372618734836578
4.59639464,-0.00977504719048738,0.0332858972251415,0.0022408626973629,-0.372618734836578
4.60464268,-0.00973522197455168,0.0387859344482422,0.0022408626973629,-0.383569210767746
4.61191576,-0.00970462802797556,0.0387859344482422,0.0022408626973629,-0.383569210767746
4.61807716,-0.00966480281203985,0.0387859344482422,-0.00262391939759254,-0.383569210767746
4.62442434,-0.00966480281203985,0.0387859344482422,-0.00262391939759254,-0.383569210767746
4.63243882,-0.00966480281203985,0.0387859344482422,-0.00262391939759254,-0.383569210767746
4.64014914,-0.00898780860006809,0.0387859344482422,-0.00262391939759254,-0.383569210767746
4.64795472,-0.00814947113394737,0.0387859344482422,-0.00262391939759254,-0.383569210767746
4.65658804,-0.00767518999055028,0.0317150168120861,-0.00262391939759254,-0.0972956418991089
4.66466394,-0.00767518999055028,0.0317150168120861,-0.00262391939759254,-0.0972956418991089
4.67260306,-0.00744266528636217,0.0317150168120861,-0.00262391939759254,-0.0972956418991089
4.68054244,-0.00789203681051731,0.0317150168120861,-0.00262391939759254,-0.0972956418991089
4.68811192,-0.00810604076832533,0.0317150168120861,-0.00262391939759254,-0.0972956418991089
4.69601352,-0.00810604076832533,0.0317150168120861,-0.00262391939759254,-0.0972956418991089
4.70507032,-0.00818851497024298,-0.000780876725912094,-0.00262391939759254,0
4.7128316,-0.00824966467916965,-0.000780876725912094,-0.00262391939759254,0
4.72042134,-0.00895725283771753,-0.000780876725912094,-0.00262391939759254,0
4.72659772,-0.00934623740613461,-0.000780876725912094,-0.00262391939759254,0
4.7327662,-0.00934623740613461,-0.000780876725912094,-0.00262391939759254,0
4.73890448,-0.00882852543145418,-0.000780876725912094,-0.00262391939759254,0
4.74506088,-0.00882852543145418,-0.000780876725912094,-0.00262391939759254,0
4.7521612,-0.00854976661503315,-0.00722503289580345,-0.00262391939759254,0
4.75883992,-0.00787994358688593,-0.00722503289580345,-0.00262391939759254,0
4.76506548,-0.00787994358688593,-0.00722503289580345,-0.00262391939759254,0
4.77136618,-0.00759553909301758,-0.00722503289580345,-0.00262391939759254,0
4.77755862,-0.00740283960476518,-0.00722503289580345,-0.00262391939759254,0
4.783731,-0.00740283960476518,-0.00722503289580345,-0.00262391939759254,0
4.78983024,-0.00730186467990279,-0.00722503289580345,-0.00262391939759254,0
4.79602008,-0.00730186467990279,-0.00722503289580345,-0.00262391939759254,0
4.80275104,-0.00782163627445698,0.0145626068115234,-0.00262391939759254,0
4.80890086,-0.00806621555238962,0.0145626068115234,-0.00262391939759254,0
4.81509506,-0.00806621555238962,0.0145626068115234,-0.00262391939759254,0
4.82138996,-0.00818851497024298,0.0145626068115234,-0.00262391939759254,0
4.82755216,-0.00824966467916965,0.0145626068115234,-0.00262391939759254,0
4.83374988,-0.00824966467916965,0.0145626068115234,-0.00262391939759254,0
4.8398732,-0.00828025862574577,0.0145626068115234,-0.00262391939759254,0
4.84661602,-0.00828025862574577,0.0145626068115234,-0.00262391939759254,0
4.85341632,-0.00828025862574577,-0.00917244702577591,-0.00262391939759254,0
4.8598666,-0.00898780860006809,-0.00917244702577591,-0.00262391939759254,0
4.8660844,-0.00898780860006809,-0.00917244702577591,-0.00262391939759254,0
4.87269482,-0.00934623740613461,-0.00917244702577591,-0.00262391939759254,0
4.88070456,-0.00950551964342594,-0.00917244702577591,-0.00262391939759254,0
4.88859326,-0.00958517100661993,-0.00917244702577591,-0.00262391939759254,0
4.8965724,-0.00962499622255564,-0.00917244702577591,-0.00262391939759254,0
4.90491242,-0.00962499622255564,-0.0268947519361973,0.0022408626973629,0
4.91277208,-0.00962499622255564,-0.0268947519361973,0.0022408626973629,0
4.92060446,-0.00966480281203985,-0.0268947519361973,0.0022408626973629,0
4.92939372,-0.00966480281203985,-0.0268947519361973,0.0022408626973629,0
4.9370772,-0.00966480281203985,-0.0268947519361973,0.0022408626973629,0
4.9449955,-0.00966480281203985,-0.0268947519361973,0.0022408626973629,0
4.9534451,-0.010255565866828,-0.0126113928854465,0.0022408626973629,0.0972956418991089
4.96112868,-0.0105004878714681,-0.0126113928854465,0.00707890838384628,0.0972956418991089
4.96890158,-0.0106535721570253,-0.0126113928854465,0.00707890838384628,0.0972956418991089
4.97508212,-0.0106535721570253,-0.0126113928854465,0.00707890838384628,0.0972956418991089
4.98119426,-0.0101943397894502,-0.0126113928854465,0.0118898525834084,0.0972956418991089
4.9875647,-0.00994358025491238,-0.0126113928854465,0.0118898525834084,0.0972956418991089
4.99375542,-0.00994358025491238,-0.0126113928854465,0.0118898525834084,0.0972956418991089
5.00043918,-0.010378036648035,-0.00244941562414169,0.0166706889867783,0.288596510887146
5.0066395,-0.0113377384841442,-0.00244941562414169,0.0166706889867783,0.288596510887146
5.01275582,-0.0113377384841442,-0.00244941562414169,0.0214193239808083,0.288596510887146
5.02068262,-0.0118331145495176,-0.00244941562414169,0.0214193239808083,0.288596510887146
5.02861744,-0.0120967868715525,-0.00244941562414169,0.026132807135582,0.288596510887146
5.03663902,-0.0117001533508301,-0.00244941562414169,0.026132807135582,0.288596510887146
5.04449476,-0.0117001533508301,-0.00244941562414169,0.0308107882738113,0.288596510887146
5.05258162,-0.0120223239064217,-0.0328857451677322,0.0308107882738113,0.282801985740662
5.06142768,-0.0121753886342049,-0.0328857451677322,0.0308107882738113,0.282801985740662
5.0691737,-0.0122832302004099,-0.0328857451677322,0.0354511812329292,0.282801985740662
5.07691876,-0.0122832302004099,-0.0328857451677322,0.0354511812329292,0.282801985740662
5.0848157,-0.012834319844842,-0.0328857451677322,0.0354511812329292,0.282801985740662
5.09272522,-0.0131098553538322,-0.0328857451677322,0.0354511812329292,0.282801985740662
5.10100434,-0.0137528041377664,-0.034609604626894,0.0354511812329292,0.0928078591823578
5.10813258,-0.0140895843505859,-0.034609604626894,0.0354511812329292,0.0928078591823578
5.1143994,-0.0140895843505859,-0.034609604626894,0.0354511812329292,0.0928078591823578
5.12058188,-0.0137528041377664,-0.034609604626894,0.0354511812329292,0.0928078591823578
5.12676128,-0.0135691072791815,-0.034609604626894,0.0354511812329292,0.0928078591823578
5.13285696,-0.0135691072791815,-0.034609604626894,0.0354511812329292,0.0928078591823578
5.13904842,-0.013477249071002,-0.034609604626894,0.0354511812329292,0.0928078591823578
5.14536082,-0.013477249071002,-0.034609604626894,0.0354511812329292,0.0928078591823578
5.15244106,-0.0139365009963512,-0.00367393717169762,0.0354511812329292,0
5.15890638,-0.0141814230009913,-0.00367393717169762,0.0354511812329292,0
5.16512948,-0.0141814230009913,-0.00367393717169762,0.0354511812329292,0
5.17142484,-0.013783416710794,-0.00367393717169762,0.0354511812329292,0
5.17758962,-0.0143921282142401,-0.00367393717169762,0.0354511812329292,0
5.18370274,-0.0143921282142401,-0.00367393717169762,0.0354511812329292,0
5.18983924,-0.0141220856457949,-0.00367393717169762,0.0354511812329292,0
5.19600606,-0.0141220856457949,-0.00367393717169762,0.0354511812329292,0
5.20273678,-0.0140489963814616,-0.00224990770220757,0.0354511812329292,0
5.20889256,-0.0139891430735588,-0.00224990770220757,0.0354511812329292,0
5.21503026,-0.0139891430735588,-0.00224990770220757,0.0354511812329292,0
5.2216459,-0.0139745138585567,-0.00224990770220757,0.0354511812329292,0
5.2278359,-0.013913287781179,-0.00224990770220757,0.0354511812329292,0
5.2340175,-0.013913287781179,-0.00224990770220757,0.0354511812329292,0
5.2420056,-0.0139599032700062,-0.00224990770220757,0.0354511812329292,0
5.25014734,-0.0139292906969786,0.00239411368966103,0.0354511812329292,0
5.25786986,-0.0139292906969786,0.00239411368966103,0.0354511812329292,0
5.26402598,-0.0139292906969786,0.00239411368966103,0.0354511812329292,0
5.2703636,-0.0139292906969786,0.00239411368966103,0.0354511812329292,0
5.27654886,-0.0136573407799006,0.00239411368966103,0.0354511812329292,0
5.28269324,-0.0136573407799006,0.00239411368966103,0.0354511812329292,0
5.28886016,-0.0135133741423488,0.00239411368966103,0.0354511812329292,0
5.2950259,-0.0135133741423488,0.00239411368966103,0.0354511812329292,0
5.30178464,-0.0134494015946984,0.0095977820456028,0.0354511812329292,0
5.30793808,-0.0134173966944218,0.0095977820456028,0.0354511812329292,0
5.314129,-0.0134173966944218,0.0095977820456028,0.0354511812329292,0
5.32045752,-0.0134014133363962,0.0095977820456028,0.0354511812329292,0
5.3266255,-0.0134014133363962,0.0095977820456028,0.0354511812329292,0
5.3350489,-0.0134014133363962,0.0095977820456028,0.0354511812329292,0
5.34281074,-0.0133854104205966,0.0095977820456028,0.0354511812329292,0
5.35110842,-0.0133854104205966,0.00127982348203659,0.0354511812329292,0
5.35906874,-0.0133854104205966,0.00127982348203659,0.0354511812329292,0
5.36690756,-0.0133854104205966,0.00127982348203659,0.0354511812329292,0
5.37478528,-0.0133854104205966,0.00127982348203659,0.0354511812329292,0
5.38270216,-0.0133854104205966,0.00127982348203659,0.0354511812329292,0
5.39064242,-0.0139058874920011,0.00127982348203659,0.0354511812329292,0
5.3998392,-0.0136303333565593,-0.00489845871925354,0.0354511812329292,0
5.40769582,-0.0135078812018037,-0.00489845871925354,0.0354511812329292,0
5.41567808,-0.0135078812018037,-0.00489845871925354,0.0354511812329292,0
5.42358966,-0.0134466364979744,-0.00489845871925354,0.0354511812329292,0
5.4314214,-0.0134160229936242,-0.00489845871925354,0.0354511812329292,0
5.43915028,-0.0134160229936242,-0.00489845871925354,0.0354511812329292,0
5.44686858,-0.0134160229936242,-0.00489845871925354,0.0354511812329292,0
5.45498922,-0.0133854104205966,0.00489845871925354,0.0354511812329292,0
5.46291456,-0.0133854104205966,0.00489845871925354,0.0354511812329292,0
5.47082102,-0.0133854104205966,0.00489845871925354,0.0354511812329292,0
5.47878304,-0.0125930020585656,0.00489845871925354,0.0354511812329292,0
5.48672628,-0.0122201154008508,0.00489845871925354,0.0354511812329292,0
5.49482888,-0.0122201154008508,0.00489845871925354,0.0354511812329292,0
5.50300386,-0.0114665795117617,0.0383766181766987,0.0354511812329292,0
5.51106742,-0.0111284255981445,0.0383766181766987,0.0354511812329292,0
5.51740514,-0.0109290890395641,0.0383766181766987,0.0354511812329292,0
5.52354888,-0.0109290890395641,0.0383766181766987,0.0354511812329292,0
5.52966068,-0.0108678434044123,0.0383766181766987,0.0354511812329292,0
5.53582362,-0.0108678434044123,0.0383766181766987,0.0354511812329292,0
5.5419721,-0.0115826800465584,0.0383766181766987,0.0354511812329292,0
5.54814764,-0.0120021821931005,0.0383766181766987,0.0354511812329292,0
5.55542654,-0.0120021821931005,-0.0107120536267757,0.0354511812329292,0
5.56185796,-0.0108451461419463,-0.0107120536267757,0.0354511812329292,0
5.56801874,-0.0102739334106445,-0.0107120536267757,0.0354511812329292,0
5.57438996,-0.0102739334106445,-0.0107120536267757,0.0354511812329292,0
5.58054332,-0.00994754768908024,-0.0107120536267757,0.0354511812329292,0
5.58674658,-0.00982130039483309,-0.0107120536267757,0.0308107882738113,0
5.59287032,-0.00982130039483309,-0.0107120536267757,0.0308107882738113,0
5.59962144,-0.00973522197455168,0.0453392043709755,0.0308107882738113,-0.0928078591823578
5.60576198,-0.00973522197455168,0.0453392043709755,0.026132807135582,-0.0928078591823578
5.61188886,-0.00970462802797556,0.0453392043709755,0.026132807135582,-0.0928078591823578
5.61804858,-0.00966480281203985,0.0453392043709755,0.026132807135582,-0.0928078591823578
5.62442234,-0.00966480281203985,0.0453392043709755,0.0214193239808083,-0.0928078591823578
5.6305509,-0.00966480281203985,0.0453392043709755,0.0214193239808083,-0.0928078591823578
5.63692798,-0.00966480281203985,0.0453392043709755,0.0214193239808083,-0.0928078591823578
5.643048,-0.00966480281203985,0.0453392043709755,0.0166706889867783,-0.0928078591823578
5.64978362,-0.00966480281203985,0.00140838325023651,0.0166706889867783,-0.282801985740662
5.65609046,-0.00966480281203985,0.00140838325023651,0.0166706889867783,-0.282801985740662
5.6639241,-0.00966480281203985,0.00140838325023651,0.0118898525834084,-0.282801985740662
5.670059,-0.00966480281203985,0.00140838325023651,0.0118898525834084,-0.282801985740662
5.676485,-0.00914505030959845,0.00140838325023651,0.0118898525834084,-0.282801985740662
5.68263838,-0.00914505030959845,0.00140838325023651,0.00707890838384628,-0.282801985740662
5.6888395,-0.00886989571154118,0.00140838325023651,0.00707890838384628,-0.282801985740662
5.69498962,-0.00886989571154118,0.00140838325023651,0.0022408626973629,-0.282801985740662
5.70170886,-0.00926734879612923,0.00794908031821251,0.0022408626973629,-0.288596510887146
5.71012856,-0.0087738037109375,0.00794908031821251,0.0022408626973629,-0.288596510887146
5.71788624,-0.00925449375063181,0.00794908031821251,-0.00262391939759254,-0.288596510887146
5.72601344,-0.00925449375063181,0.00794908031821251,-0.00262391939759254,-0.288596510887146
5.73384756,-0.00892459880560637,0.00794908031821251,-0.00262391939759254,-0.288596510887146
5.7416831,-0.00808265712112188,0.00794908031821251,-0.00262391939759254,-0.288596510887146
5.7499669,-0.00764179229736328,0.0325111299753189,-0.00262391939759254,-0.0972956418991089
5.75797966,-0.0074611664749682,0.0325111299753189,-0.00262391939759254,-0.0972956418991089
5.765834,-0.0074611664749682,0.0325111299753189,-0.00262391939759254,-0.0972956418991089
5.77393536,-0.00735094072297215,0.0325111299753189,-0.00262391939759254,-0.0972956418991089
5.78178552,-0.00783088710159063,0.0325111299753189,-0.00262391939759254,-0.0972956418991089
5.78961752,-0.00803565979003906,0.0325111299753189,-0.00262391939759254,-0.0972956418991089
5.7976447,-0.00818851497024298,0.0325111299753189,-0.00262391939759254,-0.0972956418991089
5.80436048,-0.00818851497024298,-0.0109344534575939,-0.00262391939759254,0
5.81051664,-0.00892665889114141,-0.0109344534575939,-0.00262391939759254,0
5.8189535,-0.00931564345955849,-0.0109344534575939,-0.00262391939759254,0
5.82670492,-0.00931564345955849,-0.0109344534575939,-0.00262391939759254,0
5.83471026,-0.00947494525462389,-0.0109344534575939,-0.00262391939759254,0
5.842514,-0.00958517100661993,-0.0109344534575939,-0.00262391939759254,0
5.85076182,-0.00894798245280981,-0.0151893496513367,-0.00262391939759254,0
5.85872926,-0.0093064121901989,-0.0151893496513367,-0.00262391939759254,0
5.86679044,-0.00946569442749023,-0.0151893496513367,-0.00262391939759254,0
5.87486158,-0.00946569442749023,-0.0151893496513367,-0.00262391939759254,0
5.88274104,-0.00958517100661993,-0.0151893496513367,-0.00262391939759254,0
5.89072034,-0.00962499622255564,-0.0151893496513367,-0.00262391939759254,0
5.8996908,-0.00962499622255564,-0.0135402753949165,-0.00262391939759254,0
5.90581976,-0.00962499622255564,-0.0135402753949165,-0.00262391939759254,0
5.91205708,-0.00966480281203985,-0.0135402753949165,-0.00262391939759254,0
5.91837942,-0.00966480281203985,-0.0135402753949165,-0.00262391939759254,0
5.92459696,-0.00966480281203985,-0.0135402753949165,-0.00262391939759254,0
5.93074888,-0.00966480281203985,-0.0135402753949165,-0.00262391939759254,0
5.93688072,-0.00966480281203985,-0.0135402753949165,-0.00262391939759254,0
5.94302086,-0.00966480281203985,-0.0135402753949165,0.0022408626973629,0
5.9497359,-0.00966480281203985,-0.000796131789684296,0.0022408626973629,0.0972956418991089
5.95651734,-0.00966480281203985,-0.000796131789684296,0.0022408626973629,0.0972956418991089
5.96298452,-0.00966480281203985,-0.000796131789684296,0.0022408626973629,0.0972956418991089
5.9691386,-0.00966480281203985,-0.000796131789684296,0.0022408626973629,0.0972956418991089
5.97547222,-0.00966480281203985,-0.000796131789684296,0.00707890838384628,0.0972956418991089
5.9816947,-0.0104408264160156,-0.000796131789684296,0.00707890838384628,0.0972956418991089
5.98783746,-0.0108137130737305,-0.000796131789684296,0.00707890838384628,0.0972956418991089
5.99401208,-0.0108137130737305,-0.000796131789684296,0.00707890838384628,0.0972956418991089
6.00072092,-0.0116375545039773,-0.0394550338387489,0.00707890838384628,0.0967609137296677
6.00689208,-0.0119757084175944,-0.0394550338387489,0.0118898525834084,0.0967609137296677
6.01299626,-0.0119757084175944,-0.0394550338387489,0.0118898525834084,0.0967609137296677
6.0191587,-0.0121753886342049,-0.0394550338387489,0.0118898525834084,0.0967609137296677
6.02552708,-0.0121753886342049,-0.0394550338387489,0.0118898525834084,0.0967609137296677
6.03165456,-0.0122366333380342,-0.0394550338387489,0.0118898525834084,0.0967609137296677
6.03783502,-0.012834319844842,-0.0394550338387489,0.0166706889867783,0.0967609137296677
6.04399026,-0.012834319844842,-0.0394550338387489,0.0166706889867783,0.0967609137296677
6.05071334,-0.0131098553538322,-0.0294460169970989,0.0166706889867783,0.19183561205864
6.05706156,-0.0132323261350393,-0.0294460169970989,0.0166706889867783,0.19183561205864
6.06368622,-0.0132323261350393,-0.0294460169970989,0.0214193239808083,0.19183561205864
6.06981484,-0.0133241843432188,-0.0294460169970989,0.0214193239808083,0.19183561205864
6.07603598,-0.0133241843432188,-0.0294460169970989,0.0214193239808083,0.19183561205864
6.08464482,-0.0133547969162464,-0.0294460169970989,0.0214193239808083,0.19183561205864
6.09254774,-0.0133547969162464,-0.0294460169970989,0.026132807135582,0.19183561205864
6.10094784,-0.0139058874920011,-0.0159206427633762,0.026132807135582,0.189242362976074
6.10876138,-0.0141508104279637,-0.0159206427633762,0.026132807135582,0.189242362976074
6.11664548,-0.0143038937821984,-0.0159206427633762,0.0308107882738113,0.189242362976074
6.12466916,-0.0143038937821984,-0.0159206427633762,0.0308107882738113,0.189242362976074
6.13254108,-0.0143651198595762,-0.0159206427633762,0.0308107882738113,0.189242362976074
6.14041464,-0.0151881407946348,-0.0159206427633762,0.0354511812329292,0.189242362976074
6.14809602,-0.0155610470101237,-0.0159206427633762,0.0354511812329292,0.189242362976074
6.15616988,-0.0155610470101237,-0.0331031903624535,0.0354511812329292,0.186367481946945
6.16403676,-0.015824718400836,-0.0331031903624535,0.0354511812329292,0.186367481946945
6.17257166,-0.0159179493784904,-0.0331031903624535,0.0400502607226372,0.186367481946945
6.18054476,-0.0159645453095436,-0.0331031903624535,0.0400502607226372,0.186367481946945
6.1884932,-0.0159645453095436,-0.0331031903624535,0.0400502607226372,0.186367481946945
6.1946498,-0.0159645453095436,-0.0331031903624535,0.0400502607226372,0.186367481946945
6.20115614,-0.0168035887181759,-0.0248508341610432,0.0400502607226372,0.0919815897941589
6.20975052,-0.0171764753758907,-0.0248508341610432,0.0400502607226372,0.0919815897941589
6.21758874,-0.017409535124898,-0.0248508341610432,0.0446052029728889,0.0919815897941589
6.2257141,-0.017409535124898,-0.0248508341610432,0.0446052029728889,0.0919815897941589
6.23362146,-0.0175027661025524,-0.0248508341610432,0.0446052029728889,0.0919815897941589
6.24148336,-0.0175493806600571,-0.0248508341610432,0.0446052029728889,0.0919815897941589
6.25043536,-0.0175493806600571,-0.0149158388376236,0.0446052029728889,0.0910988450050354
6.25845694,-0.0175959784537554,-0.0149158388376236,0.0446052029728889,0.0910988450050354
6.2663935,-0.0175959784537554,-0.0149158388376236,0.0446052029728889,0.0910988450050354
6.27416614,-0.0175959784537554,-0.0149158388376236,0.0446052029728889,0.0910988450050354
6.28202534,-0.0175959784537554,-0.0149158388376236,0.0446052029728889,0.0910988450050354
6.28971178,-0.0175959784537554,-0.0149158388376236,0.0446052029728889,0.0910988450050354
6.29589074,-0.0175959784537554,-0.0149158388376236,0.0446052029728889,0.0910988450050354
6.30258622,-0.0175959784537554,-0.000931955873966217,0.0446052029728889,0
6.30875674,-0.0175959784537554,-0.000931955873966217,0.0446052029728889,0
6.31493326,-0.0175959784537554,-0.000931955873966217,0.0446052029728889,0
6.32110482,-0.0175959784537554,-0.000931955873966217,0.0446052029728889,0
6.32743674,-0.0175959784537554,-0.000931955873966217,0.0446052029728889,0
6.3336016,-0.0175959784537554,-0.000931955873966217,0.0446052029728889,0
6.33970888,-0.0175959784537554,-0.000931955873966217,0.0446052029728889,0
6.34587686,-0.0175959784537554,-0.000931955873966217,0.0446052029728889,0
6.35276772,-0.0175959784537554,0,0.0446052029728889,0
6.35955404,-0.0175959784537554,0,0.0446052029728889,0
6.36568766,-0.0175959784537554,0,0.0446052029728889,0
6.3718747,-0.0175959784537554,0,0.0446052029728889,0
6.37803124,-0.0168035887181759,0,0.0446052029728889,0
6.38444956,-0.0168035887181759,0,0.0446052029728889,0
6.39058424,-0.0163840670138597,0,0.0446052029728889,0
6.39674506,-0.0161976236850023,0,0.0446052029728889,0
6.40343064,-0.0161976236850023,0.027967095375061,0.0446052029728889,0
6.40958026,-0.0161043927073479,0.027967095375061,0.0446052029728889,0
6.4157276,-0.0161043927073479,0.027967095375061,0.0446052029728889,0
6.42185766,-0.0160577781498432,0.027967095375061,0.0446052029728889,0
6.42801354,-0.0160577781498432,0.027967095375061,0.0446052029728889,0
6.43419272,-0.0160577781498432,0.027967095375061,0.0446052029728889,0
6.4404761,-0.014698295854032,0.027967095375061,0.0446052029728889,0
6.44663336,-0.0140498541295528,0.027967095375061,0.0446052029728889,0
6.45345852,-0.0140498541295528,0.0429553911089897,0.0446052029728889,0
6.45988132,-0.0129019161686301,0.0429553911089897,0.0446052029728889,0
6.46603724,-0.0129019161686301,0.0429553911089897,0.0446052029728889,0
6.47236186,-0.0123745538294315,0.0429553911089897,0.0446052029728889,0
6.47854072,-0.0133771514520049,0.0429553911089897,0.0446052029728889,0
6.48478106,-0.0133771514520049,0.0429553911089897,0.0446052029728889,0
6.4908802,-0.0139017486944795,0.0429553911089897,0.0446052029728889,0
6.49703508,-0.0136435888707638,0.0429553911089897,0.0446052029728889,0
6.50370872,-0.0136435888707638,0.00812530517578125,0.0446052029728889,0
6.50985284,-0.0135531239211559,0.00812530517578125,0.0446052029728889,0
6.5159865,-0.0135531239211559,0.00812530517578125,0.0446052029728889,0
6.5221715,-0.0134306522086263,0.00812530517578125,0.0400502607226372,0
6.52851044,-0.0134466364979744,0.00812530517578125,0.0400502607226372,0
6.53470192,-0.0134466364979744,0.00812530517578125,0.0400502607226372,0
6.54084874,-0.0134160229936242,0.00812530517578125,0.0400502607226372,0
6.54807368,-0.0133854104205966,0.00812530517578125,0.0354511812329292,0
6.55691186,-0.0133854104205966,0.00516356900334358,0.0354511812329292,-0.183080434799194
6.56473798,-0.0133854104205966,0.00516356900334358,0.0308107882738113,-0.183080434799194
6.57265154,-0.0133854104205966,0.00516356900334358,0.0308107882738113,-0.183080434799194
6.58053808,-0.0125930020585656,0.00516356900334358,0.026132807135582,-0.183080434799194
6.58837856,-0.0116530228406191,0.00516356900334358,0.026132807135582,-0.183080434799194
6.59615512,-0.0116530228406191,0.00516356900334358,0.0214193239808083,-0.183080434799194
6.6045707,-0.0120140453800559,0.0274273008108139,0.0166706889867783,-0.280637145042419
6.61238444,-0.0121872518211603,0.0274273008108139,0.0166706889867783,-0.280637145042419
6.6203551,-0.0117453765124083,0.0274273008108139,0.0118898525834084,-0.280637145042419
6.62795778,-0.0115164564922452,0.0274273008108139,0.0118898525834084,-0.280637145042419
6.63580068,-0.0115164564922452,0.0274273008108139,0.00707890838384628,-0.280637145042419
6.6437821,-0.0105933379381895,0.0274273008108139,0.00707890838384628,-0.280637145042419
6.6520228,-0.010100974701345,0.0382614135742188,0.0022408626973629,-0.383569210767746
6.6599889,-0.00987468753010035,0.0382614135742188,0.0022408626973629,-0.383569210767746
6.66783612,-0.00924602523446083,0.0382614135742188,0.0022408626973629,-0.383569210767746
6.67642702,-0.00924602523446083,0.0382614135742188,0.0022408626973629,-0.383569210767746
6.68442938,-0.00890045147389174,0.0382614135742188,0.0022408626973629,-0.383569210767746
6.69213536,-0.00874759629368782,0.0382614135742188,0.0022408626973629,-0.383569210767746
6.70061158,-0.00920620001852512,0.0178954936563969,0.0022408626973629,0
6.7086952,-0.00942020397633314,0.0178954936563969,0.0022408626973629,0
6.71666754,-0.0095425033941865,0.0178954936563969,0.0022408626973629,0
6.7248419,-0.0095425033941865,0.0178954936563969,0.0022408626973629,0
6.73103662,-0.00960365310311317,0.0178954936563969,0.0022408626973629,0
6.73736046,-0.00963424704968929,0.0178954936563969,0.0022408626973629,0
6.7435462,-0.00963424704968929,0.0178954936563969,0.0022408626973629,0
6.75004374,-0.00966480281203985,-0.00917205587029457,0.0022408626973629,0
6.75678342,-0.00898780860006809,-0.00917205587029457,0.0022408626973629,0
6.76317422,-0.00898780860006809,-0.00917205587029457,0.0022408626973629,0
6.7694919,-0.00866924319416285,-0.00917205587029457,0.0022408626973629,0
6.77567762,-0.00866924319416285,-0.00917205587029457,0.0022408626973629,0
6.7818569,-0.00791976973414421,-0.00917205587029457,0.0022408626973629,0
6.78806862,-0.00759553909301758,-0.00917205587029457,0.0022408626973629,0
6.79435032,-0.00759553909301758,-0.00917205587029457,0.0022408626973629,0
6.8009121,-0.00688308710232377,0.0556343123316765,0.0022408626973629,0
6.80706942,-0.00657733902335167,0.0556343123316765,0.0022408626973629,0
6.81338942,-0.00657733902335167,0.0556343123316765,0.0022408626973629,0
6.81953478,-0.00687385536730289,0.0556343123316765,0.0022408626973629,0
6.82574644,-0.00687385536730289,0.0556343123316765,0.0022408626973629,0
6.8318679,-0.00705728540197015,0.0556343123316765,0.0022408626973629,0
6.83801278,-0.00837633106857538,0.0556343123316765,0.0022408626973629,0
6.84418588,-0.00837633106857538,0.0556343123316765,0.0022408626973629,0
6.85089686,-0.00904048886150122,-0.0431480333209038,0.0022408626973629,0
6.85759264,-0.00867565162479877,-0.0431480333209038,0.0022408626973629,0
6.86379548,-0.00867565162479877,-0.0431480333209038,0.0022408626973629,0
6.87001676,-0.00845802295953035,-0.0431480333209038,0.0022408626973629,0
6.8763527,-0.00845802295953035,-0.0431480333209038,0.0022408626973629,0
6.88249744,-0.00907670985907316,-0.0431480333209038,0.0022408626973629,0
6.88871844,-0.00883571617305279,-0.0431480333209038,0.0022408626973629,0
6.89490968,-0.00883571617305279,-0.0431480333209038,0.0022408626973629,0
6.90159124,-0.00871984474360943,0.00641288235783577,0.0022408626973629,0
6.90780008,-0.00863737147301435,0.00641288235783577,0.0022408626973629,0
6.91406256,-0.00863737147301435,0.00641288235783577,0.0022408626973629,0
6.92018932,-0.00916637387126684,0.00641288235783577,0.0022408626973629,0
6.92654538,-0.00942020397633314,0.00641288235783577,0.0022408626973629,0
6.93261984,-0.00942020397633314,0.00641288235783577,0.0022408626973629,0
6.94056012,-0.0095425033941865,0.00641288235783577,0.0022408626973629,0
6.94883362,-0.00960365310311317,-0.0176761671900749,0.0022408626973629,0
6.95757254,-0.00963424704968929,-0.0176761671900749,0.0022408626973629,0
6.96555474,-0.00963424704968929,-0.0176761671900749,0.00707890838384628,0
6.97345972,-0.00966480281203985,-0.0176761671900749,0.00707890838384628,0
6.98113444,-0.00966480281203985,-0.0176761671900749,0.00707890838384628,0
6.98743198,-0.00966480281203985,-0.0176761671900749,0.00707890838384628,0
6.99368222,-0.00966480281203985,-0.0176761671900749,0.00707890838384628,0
7.00034812,-0.00966480281203985,-0.00122299417853355,0.00707890838384628,0.0967609137296677
7.00656788,-0.00966480281203985,-0.00122299417853355,0.00707890838384628,0.0967609137296677
7.01269162,-0.00966480281203985,-0.00122299417853355,0.00707890838384628,0.0967609137296677
7.0188823,-0.010255565866828,-0.00122299417853355,0.00707890838384628,0.0967609137296677
7.0250855,-0.010255565866828,-0.00122299417853355,0.00707890838384628,0.0967609137296677
7.03305688,-0.0105004878714681,-0.00122299417853355,0.00707890838384628,0.0967609137296677
7.0409051,-0.0106535721570253,-0.00122299417853355,0.00707890838384628,0.0967609137296677
7.04913358,-0.0107148168608546,-0.0210002809762955,0.00707890838384628,0
7.05703942,-0.0107454303652048,-0.0210002809762955,0.00707890838384628,0
7.06481724,-0.0107454303652048,-0.0210002809762955,0.00707890838384628,0
7.0729119,-0.0115214344114065,-0.0210002809762955,0.00707890838384628,0
7.08085652,-0.011924953199923,-0.0210002809762955,0.00707890838384628,0
7.08957764,-0.0121580120176077,-0.0210002809762955,0.00707890838384628,0
7.09764228,-0.0130436513572931,-0.0210002809762955,0.00707890838384628,0
7.10603058,-0.0130436513572931,-0.0465766899287701,0.00707890838384628,0
7.11391174,-0.0134631730616093,-0.0465766899287701,0.00707890838384628,0
7.1218827,-0.0134242819622159,-0.0465766899287701,0.00707890838384628,0
7.12992128,-0.0133895492181182,-0.0465766899287701,0.00707890838384628,0
7.13719016,-0.0134027861058712,-0.0465766899287701,0.00707890838384628,0
7.1457634,-0.0134027861058712,-0.0465766899287701,0.00707890838384628,0
7.15472146,-0.0134173966944218,-0.00747490674257278,0.0118898525834084,0.0962188839912415
7.1626458,-0.0134014133363962,-0.00747490674257278,0.0118898525834084,0.0962188839912415
7.1705461,-0.0133547969162464,-0.00747490674257278,0.0166706889867783,0.0962188839912415
7.17840706,-0.0133854104205966,-0.00747490674257278,0.0166706889867783,0.0962188839912415
7.18536262,-0.0133854104205966,-0.00747490674257278,0.0214193239808083,0.0962188839912415
7.19156472,-0.0133854104205966,-0.00747490674257278,0.0214193239808083,0.0962188839912415
7.19774852,-0.0133854104205966,-0.00747490674257278,0.026132807135582,0.0962188839912415
7.20445786,-0.0133854104205966,0.000639725476503372,0.0308107882738113,0.284859091043472
7.21056154,-0.0133854104205966,0.000639725476503372,0.0308107882738113,0.284859091043472
7.21701072,-0.0133854104205966,0.000639725476503372,0.0354511812329292,0.284859091043472
7.22314374,-0.0133854104205966,0.000639725476503372,0.0400502607226372,0.284859091043472
7.22947804,-0.0133854104205966,0.000639725476503372,0.0400502607226372,0.284859091043472
7.23564924,-0.0133854104205966,0.000639725476503372,0.0446052029728889,0.284859091043472
7.24178342,-0.0139058874920011,0.000639725476503372,0.049117311835289,0.284859091043472
7.24792584,-0.0141508104279637,0.000639725476503372,0.0535845682024956,0.284859091043472
7.25488706,-0.0141508104279637,-0.0153080001473427,0.0535845682024956,0.54903519153595
7.2616062,-0.0150963021442294,-0.0153080001473427,0.0580009445548058,0.54903519153595
7.26778594,-0.0155770489946008,-0.0153080001473427,0.0580009445548058,0.54903519153595
7.27396634,-0.0155770489946008,-0.0153080001473427,0.0623677521944046,0.54903519153595
7.28164214,-0.0171069912612438,-0.0153080001473427,0.0623677521944046,0.54903519153595
7.2895314,-0.0178486630320549,-0.0153080001473427,0.0623677521944046,0.54903519153595
7.29753726,-0.0169379040598869,-0.0153080001473427,0.0623677521944046,0.54903519153595
7.3057808,-0.0169379040598869,-0.055741872638464,0.0623677521944046,0.175663679838181
7.31366524,-0.0164745338261127,-0.055741872638464,0.0623677521944046,0.175663679838181
7.32159156,-0.0162428673356771,-0.055741872638464,0.0623677521944046,0.175663679838181
7.32846374,-0.0161190219223499,-0.055741872638464,0.0623677521944046,0.175663679838181
7.3346288,-0.0161190219223499,-0.055741872638464,0.0623677521944046,0.175663679838181
7.34076542,-0.0174012761563063,-0.055741872638464,0.0580009445548058,0.175663679838181
7.34689554,-0.0180191043764353,-0.055741872638464,0.0580009445548058,0.175663679838181
7.3536029,-0.0180191043764353,-0.0216240063309669,0.0580009445548058,-0.0873361527919769
7.3606111,-0.0178075414150953,-0.0216240063309669,0.0535845682024956,-0.0873361527919769
7.36678276,-0.0176864620298147,-0.0216240063309669,0.0535845682024956,-0.0873361527919769
7.37292018,-0.0176864620298147,-0.0216240063309669,0.0535845682024956,-0.0873361527919769
7.3791282,-0.0181616973131895,-0.0216240063309669,0.0535845682024956,-0.0873361527919769
7.38771894,-0.0183760076761246,-0.0216240063309669,0.049117311835289,-0.0873361527919769
7.39561802,-0.0183760076761246,-0.0216240063309669,0.049117311835289,-0.0873361527919769
7.4039538,-0.0177526846528053,0.00532839447259903,0.049117311835289,-0.177672654390335
7.41177876,-0.0173637773841619,0.00532839447259903,0.049117311835289,-0.177672654390335
7.41945988,-0.0158950798213482,0.00532839447259903,0.049117311835289,-0.177672654390335
7.4271255,-0.0151840206235647,0.00532839447259903,0.049117311835289,-0.177672654390335
7.43502574,-0.0151840206235647,0.00532839447259903,0.0446052029728889,-0.177672654390335
7.44280532,-0.0147818755358458,0.00532839447259903,0.0446052029728889,-0.177672654390335
7.45086842,-0.0146274184808135,0.0625053197145462,0.0446052029728889,-0.0902421772480011
7.45946264,-0.0139831164851785,0.0625053197145462,0.0446052029728889,-0.0902421772480011
7.46707138,-0.0137075809761882,0.0625053197145462,0.0446052029728889,-0.0902421772480011
7.4749427,-0.0137075809761882,0.0625053197145462,0.0446052029728889,-0.0902421772480011
7.48187202,-0.0135384937748313,0.0625053197145462,0.0446052029728889,-0.0902421772480011
7.48964526,-0.0134466364979744,0.0625053197145462,0.0446052029728889,-0.0902421772480011
7.49716594,-0.0134160229936242,0.0625053197145462,0.0446052029728889,-0.0902421772480011
7.50589446,-0.0134160229936242,0.0242279097437859,0.0446052029728889,0
7.51284886,-0.0134160229936242,0.0242279097437859,0.0446052029728889,0
7.52059478,-0.0131134800612926,0.0242279097437859,0.0446052029728889,0
7.5280572,-0.0130161289125681,0.0242279097437859,0.0446052029728889,0
7.53573964,-0.0130161289125681,0.0242279097437859,0.0446052029728889,0
7.54352576,-0.0131774712353945,0.0242279097437859,0.0446052029728889,0
7.55164186,-0.0132894329726696,0.00253180041909218,0.0446052029728889,0
7.55948144,-0.0133374212309718,0.00253180041909218,0.0400502607226372,0
7.5671427,-0.0133534241467714,0.00253180041909218,0.0400502607226372,0
7.57495408,-0.0133534241467714,0.00253180041909218,0.0354511812329292,0
7.5825406,-0.012848949059844,0.00253180041909218,0.0354511812329292,0
7.59008092,-0.0126200104132295,0.00253180041909218,0.0308107882738113,0
7.59770292,-0.0119464490562677,0.00253180041909218,0.0308107882738113,0
7.60575638,-0.0119464490562677,0.0268596783280373,0.026132807135582,-0.275888293981552
7.6131955,-0.0121607594192028,0.0268596783280373,0.0214193239808083,-0.275888293981552
7.6207789,-0.0119806863367558,0.0268596783280373,0.0166706889867783,-0.275888293981552
7.62852482,-0.0113468552008271,0.0268596783280373,0.0166706889867783,-0.275888293981552
7.63600276,-0.0113468552008271,0.0268596783280373,0.0118898525834084,-0.275888293981552
7.6436313,-0.0110379410907626,0.0268596783280373,0.00707890838384628,-0.275888293981552
7.65161496,-0.010914116166532,0.020646657794714,0.0022408626973629,-0.474637597799301
7.65960096,-0.0097970012575388,0.020646657794714,-0.00262391939759254,-0.474637597799301
7.66751144,-0.00921571720391512,0.020646657794714,-0.00262391939759254,-0.474637597799301
7.67518694,-0.00921571720391512,0.020646657794714,-0.00751330703496933,-0.474637597799301
7.6828468,-0.00890689808875322,0.020646657794714,-0.0124224834144115,-0.474637597799301
7.69044076,-0.00805850978940725,0.020646657794714,-0.0124224834144115,-0.474637597799301
7.69798138,-0.00766952522099018,0.020646657794714,-0.0124224834144115,-0.474637597799301
7.70605792,-0.00766952522099018,0.0648918151855469,-0.0173510611057281,-0.390027821063995
7.71377262,-0.00747041683644056,0.0648918151855469,-0.0173510611057281,-0.390027821063995
7.7215715,-0.00680061336606741,0.0648918151855469,-0.022297777235508,-0.390027821063995
7.72937194,-0.00651618978008628,0.0648918151855469,-0.022297777235508,-0.390027821063995
7.73715172,-0.0056863403879106,0.0648918151855469,-0.022297777235508,-0.390027821063995
7.74493284,-0.0056863403879106,0.0648918151855469,-0.022297777235508,-0.390027821063995
7.75289466,-0.00526678096503019,0.0480548851191998,-0.022297777235508,-0.197505876421928
7.76067668,-0.00503707863390446,0.0480548851191998,-0.022297777235508,-0.197505876421928
7.7681906,-0.00495742820203304,0.0480548851191998,-0.0173510611057281,-0.197505876421928
7.7759173,-0.00495742820203304,0.0480548851191998,-0.0173510611057281,-0.197505876421928
7.78359798,-0.00488704675808549,0.0480548851191998,-0.0173510611057281,-0.197505876421928
7.79113592,-0.00488704675808549,0.0480548851191998,-0.0173510611057281,-0.197505876421928
7.79939552,-0.00484722154214978,0.00839118845760822,-0.0173510611057281,0.0989343225955963
7.80706532,-0.00484722154214978,0.00839118845760822,-0.0173510611057281,0.0989343225955963
7.81493186,-0.00484722154214978,0.00839118845760822,-0.0173510611057281,0.0989343225955963
7.8225486,-0.00552421575412154,0.00839118845760822,-0.0173510611057281,0.0989343225955963
7.83010636,-0.00588262546807528,0.00839118845760822,-0.0173510611057281,0.0989343225955963
7.83784818,-0.0060419081710279,0.00839118845760822,-0.0173510611057281,0.0989343225955963
7.84558502,-0.0060419081710279,0.00839118845760822,-0.0173510611057281,0.0989343225955963
7.85369752,-0.0061215590685606,-0.0254867505282164,-0.0173510611057281,0
7.8614469,-0.00683837896212935,-0.0254867505282164,-0.0173510611057281,0
7.86910648,-0.00703956605866551,-0.0254867505282164,-0.0173510611057281,0
7.87690574,-0.00715543748810887,-0.0254867505282164,-0.0173510611057281,0
7.88473496,-0.00715543748810887,-0.0254867505282164,-0.0173510611057281,0
7.89256262,-0.00719806691631675,-0.0254867505282164,-0.0173510611057281,0
7.9006714,-0.00602264422923326,0.00197829678654671,-0.0173510611057281,0
7.90838274,-0.00593940727412701,0.00197829678654671,-0.0173510611057281,0
7.91592264,-0.00593940727412701,0.00197829678654671,-0.0173510611057281,0
7.92359964,-0.0058931540697813,0.00197829678654671,-0.0173510611057281,0
7.93109768,-0.00590522773563862,0.00197829678654671,-0.0173510611057281,0
7.93880174,-0.00709274271503091,0.00197829678654671,-0.0173510611057281,0
7.94659612,-0.00709274271503091,0.00197829678654671,-0.0173510611057281,0
7.95468462,-0.00771705619990826,-0.0338882394134998,-0.0173510611057281,0
7.96260996,-0.00799865741282701,-0.0338882394134998,-0.0173510611057281,0
7.97064958,-0.00817001331597567,-0.0338882394134998,-0.0173510611057281,0
7.97846424,-0.00891742669045925,-0.0338882394134998,-0.0173510611057281,0
7.98635606,-0.00891742669045925,-0.0338882394134998,-0.0173510611057281,0
7.99403826,-0.00927581824362278,-0.0338882394134998,-0.0173510611057281,0
8.00293434,-0.00950551964342594,-0.0357692688703537,-0.0124224834144115,0.0985715538263321
8.01003834,-0.00958517100661993,-0.0357692688703537,-0.0124224834144115,0.0985715538263321
