Sample,X(ms) [18.06.2017 19:25:59 271 UTC],"M_ball_position"[%MD40],"M_ball_velocity"[%MD56],"M_beam_angle"[%MD24],"M_beam_angular_velocity"[%MD48],"M_ball_present"[%M4.4]
93,700.988180,0.0353376008570194,1.69550919532776,-0.0173510611057281,0,0
94,709.526580,0.0398262590169907,1.69550919532776,-0.0173510611057281,0,0
95,717.451840,0.0146719738841057,1.69550919532776,-0.0173510611057281,0,0
96,725.621620,0.0146719738841057,1.69550919532776,-0.0173510611057281,0,0
97,733.531700,-0.0144388964399695,1.69550919532776,-0.0173510611057281,0,0
98,741.565500,-0.0415520295500755,1.69550919532776,-0.0173510611057281,0,0
99,749.787900,-0.0653108209371567,-2.01296830177307,-0.0173510611057281,0,0
100,757.807320,-0.0862747207283974,-2.01296830177307,-0.0173510611057281,0,0
101,765.841820,-0.0862747207283974,-2.01296830177307,-0.0173510611057281,0,0
102,773.879240,-0.0741536170244217,-2.01296830177307,-0.0173510611057281,0,0
103,782.378340,-0.0240281671285629,-2.01296830177307,-0.0173510611057281,0,0
104,790.078820,0.00103454594500363,-2.01296830177307,-0.0173510611057281,0,0
105,798.100000,-0.005588264670223,-2.01296830177307,-0.0173510611057281,0,0
106,806.443920,-0.005588264670223,1.19445109367371,-0.0173510611057281,0,0
107,813.918540,-0.030530147254467,1.19445109367371,-0.0173510611057281,0,0
108,820.044980,-0.0676223784685135,1.19445109367371,-0.0173510611057281,0,0
109,826.413360,-0.107509516179562,1.19445109367371,-0.0173510611057281,0,0
110,832.535380,-0.107509516179562,1.19445109367371,-0.0173510611057281,0,0
111,838.758800,-0.126744344830513,1.19445109367371,-0.0173510611057281,0,0
112,845.435400,-0.126744344830513,1.19445109367371,-0.0173510611057281,0,0
113,852.116540,-0.174222111701965,-3.37267684936523,-0.0173510611057281,0,0
114,858.851060,-0.209361344575882,-3.37267684936523,-0.0173510611057281,0,0
115,865.026340,-0.209361344575882,-3.37267684936523,-0.0173510611057281,0,0
116,871.451560,-0.218263447284698,-3.37267684936523,-0.0173510611057281,0,0
117,877.665140,-0.220095559954643,-3.37267684936523,-0.0173510611057281,0,0
118,883.831400,-0.220095559954643,-3.37267684936523,-0.0173510611057281,0,0
119,890.005760,-0.216429844498634,-3.37267684936523,-0.0173510611057281,0,0
120,896.188860,-0.216429844498634,-3.37267684936523,-0.0173510611057281,0,0
121,904.989920,-0.211663812398911,-0.748834013938904,-0.0173510611057281,0,0
122,912.788180,-0.209996610879898,-0.748834013938904,-0.0173510611057281,0,0
123,920.815500,-0.206192761659622,-0.748834013938904,-0.0173510611057281,0,0
124,928.731740,-0.201425909996033,-0.748834013938904,-0.0173510611057281,0,0
125,936.595420,-0.196063995361328,-0.748834013938904,-0.0173510611057281,0,0
126,944.737120,-0.196063995361328,-0.748834013938904,-0.0173510611057281,0,0
127,951.364880,-0.190407529473305,0.425125658512115,-0.0173510611057281,0,0
128,957.828120,-0.187886029481888,0.425125658512115,-0.0173510611057281,0,0
129,964.044920,-0.187886029481888,0.425125658512115,-0.0173510611057281,0,0
130,970.426700,-0.183284938335419,0.425125658512115,-0.0173510611057281,0,0
131,976.598720,-0.178031116724014,0.425125658512115,-0.0173510611057281,0,0
132,982.694100,-0.178031116724014,0.425125658512115,-0.0173510611057281,0,0
133,988.862580,-0.172089651226997,0.425125658512115,-0.0173510611057281,0,0
134,995.071240,-0.172089651226997,0.425125658512115,-0.0173510611057281,0,0
135,1001.810980,-0.165908619761467,0.489978194236755,-0.0173510611057281,0,0
136,1007.993720,-0.156223282217979,0.489978194236755,-0.0173510611057281,0,0
137,1014.379040,-0.156223282217979,0.489978194236755,-0.0173510611057281,0,0
138,1020.520240,-0.144727513194084,0.489978194236755,-0.0173510611057281,0,0
139,1026.670980,-0.139236703515053,0.489978194236755,-0.0173510611057281,0,0
140,1032.802440,-0.139236703515053,0.489978194236755,-0.0173510611057281,0,0
141,1038.991900,-0.133178681135178,0.489978194236755,-0.0173510611057281,0,1
142,1045.426580,-0.133178681135178,0.489978194236755,-0.0173510611057281,0,1
143,1052.025400,-0.126767441630363,0.78282356262207,-0.0173510611057281,0,1
144,1058.744020,-0.124472253024578,0.78282356262207,-0.0173510611057281,0,1
145,1064.911400,-0.124472253024578,0.78282356262207,-0.0173510611057281,0,1
146,1071.104640,-0.123328857123852,0.78282356262207,-0.0173510611057281,0,1
147,1077.396420,-0.122759103775024,0.78282356262207,-0.0173510611057281,0,1
148,1083.579440,-0.122759103775024,0.78282356262207,-0.0173510611057281,0,1
149,1091.989400,-0.122470341622829,0.78282356262207,-0.0173510611057281,0,1
150,1100.141320,-0.122263796627522,0.090072900056839,-0.0173510611057281,0,1
151,1108.118260,-0.122224941849709,0.090072900056839,-0.0173510611057281,0,1
152,1116.022900,-0.122224941849709,0.090072900056839,-0.0173510611057281,0,1
153,1123.894280,-0.122072793543339,0.090072900056839,-0.022297777235508,0,1
154,1131.791800,-0.122127190232277,0.090072900056839,-0.022297777235508,0,1
155,1139.752700,-0.122158266603947,0.090072900056839,-0.027260459959507,0,1
156,1147.917960,-0.122169926762581,0.090072900056839,-0.0322351232171059,0,1
157,1156.078060,-0.122169926762581,0.00187739729881287,-0.0372195690870285,-0.297681242227554,1
158,1164.617700,-0.119591772556305,0.00187739729881287,-0.0422143340110779,-0.297681242227554,1
159,1172.644700,-0.118354469537735,0.00187739729881287,-0.0472144931554794,-0.297681242227554,1
160,1180.533740,-0.120154082775116,0.00187739729881287,-0.0522178485989571,-0.297681242227554,1
161,1188.603240,-0.121205151081085,0.00187739729881287,-0.0522178485989571,-0.297681242227554,1
162,1196.602620,-0.121205151081085,0.00187739729881287,-0.0522178485989571,-0.297681242227554,1
163,1204.809300,-0.12165504693985,0.0102975964546204,-0.05722401663661,-0.399654507637024,1
164,1212.706920,-0.121721856296062,0.0102975964546204,-0.0522178485989571,-0.399654507637024,1
165,1220.769580,-0.121823504567146,0.0102975964546204,-0.0472144931554794,-0.399654507637024,1
166,1226.912340,-0.121874637901783,0.0102975964546204,-0.0422143340110779,-0.399654507637024,1
167,1233.029020,-0.121874637901783,0.0102975964546204,-0.0372195690870285,-0.399654507637024,1
168,1239.394080,-0.11924596875906,0.0102975964546204,-0.0322351232171059,-0.399654507637024,1
169,1246.003980,-0.11924596875906,0.0102975964546204,-0.027260459959507,-0.399654507637024,1
170,1252.770600,-0.117826327681541,0.0765743851661682,-0.0173510611057281,0.598401427268982,1
171,1260.689600,-0.11726401001215,0.0765743851661682,-0.00751330703496933,0.598401427268982,1
172,1268.578000,-0.116980917751789,0.0765743851661682,0.0022408626973629,0.598401427268982,1
173,1276.441740,-0.116980917751789,0.0765743851661682,0.0166706889867783,0.598401427268982,1
174,1284.357920,-0.119540989398956,0.0765743851661682,0.026132807135582,0.598401427268982,1
175,1291.931440,-0.121023073792458,0.0765743851661682,0.0400502607226372,0.598401427268982,1
176,1300.145400,-0.1192587018013,-0.0286474823951721,0.0535845682024956,1.42830181121826,1
177,1306.997540,-0.118588142096996,-0.0286474823951721,0.0623677521944046,1.42830181121826,1
178,1313.136680,-0.118588142096996,-0.0286474823951721,0.0709425434470177,1.42830181121826,1
179,1319.523540,-0.118227869272232,-0.0286474823951721,0.0792922899127007,1.42830181121826,1
180,1325.740540,-0.118227869272232,-0.0286474823951721,0.0874038413167,1.42830181121826,1
181,1331.831980,-0.118402980268002,-0.0286474823951721,0.095261462032795,1.42830181121826,1
182,1338.003760,-0.118609182536602,-0.0286474823951721,0.102853409945965,1.42830181121826,1
183,1344.679100,-0.118609182536602,-0.0286474823951721,0.110163561999798,1.42830181121826,1
184,1351.363480,-0.118838682770729,0.00840038061141968,0.120575450360775,1.36127638816834,1
185,1357.807280,-0.119161173701286,0.00840038061141968,0.123892478644848,1.36127638816834,1
186,1364.009620,-0.119161173701286,0.00840038061141968,0.130286991596222,1.36127638816834,1
187,1370.128640,-0.119386531412601,0.00840038061141968,0.133361667394638,1.36127638816834,1
188,1376.476900,-0.119635201990604,0.00840038061141968,0.136352300643921,1.36127638816834,1
189,1382.631820,-0.119635201990604,0.00840038061141968,0.139258593320847,1.36127638816834,1
190,1388.827440,-0.119821697473526,0.00840038061141968,0.142079293727875,1.36127638816834,1
191,1395.001340,-0.119821697473526,0.00840038061141968,0.144812107086182,1.36127638816834,1
192,1401.751600,-0.119918830692768,-0.0216029584407806,0.147455871105194,0.605494797229767,1
193,1407.912320,-0.120031505823135,-0.0216029584407806,0.147455871105194,0.605494797229767,1
194,1414.059820,-0.120031505823135,-0.0216029584407806,0.15000993013382,0.605494797229767,1
195,1420.452160,-0.120085909962654,-0.0216029584407806,0.15000993013382,0.605494797229767,1
196,1426.639440,-0.120116986334324,-0.0216029584407806,0.15000993013382,0.605494797229767,1
197,1432.761920,-0.120116986334324,-0.0216029584407806,0.15000993013382,0.605494797229767,1
198,1438.937060,-0.12276616692543,-0.0216029584407806,0.15000993013382,0.605494797229767,1
199,1445.382140,-0.12276616692543,-0.0216029584407806,0.15000993013382,0.605494797229767,1
200,1451.920280,-0.124104216694832,-0.083707720041275,0.15000993013382,0.0510811805725098,1
201,1458.497500,-0.124697610735893,-0.083707720041275,0.147455871105194,0.0510811805725098,1
202,1464.682840,-0.124697610735893,-0.083707720041275,0.147455871105194,0.0510811805725098,1
203,1470.842820,-0.122222751379013,-0.083707720041275,0.147455871105194,0.0510811805725098,1
204,1477.002620,-0.120775640010834,-0.083707720041275,0.147455871105194,0.0510811805725098,1
205,1483.145420,-0.120775640010834,-0.083707720041275,0.147455871105194,0.0510811805725098,1
206,1489.506000,-0.120007127523422,-0.083707720041275,0.147455871105194,0.0510811805725098,1
207,1497.996700,-0.117542937397957,-0.083707720041275,0.147455871105194,0.0510811805725098,1
208,1506.383060,-0.117542937397957,0.1312255859375,0.147455871105194,-0.0510811805725098,1
209,1514.057740,-0.116358518600464,0.1312255859375,0.15000993013382,-0.0510811805725098,1
210,1521.815340,-0.115591280162334,0.1312255859375,0.15000993013382,-0.0510811805725098,1
211,1529.621140,-0.116707935929298,0.1312255859375,0.152474075555801,-0.0510811805725098,1
212,1537.651880,-0.117025196552277,0.1312255859375,0.154845774173737,-0.0510811805725098,1
213,1545.840060,-0.117025196552277,0.1312255859375,0.154845774173737,-0.0510811805725098,1
214,1554.823840,-0.119550101459026,-0.0401432812213898,0.157124131917953,0.193365216255188,1
215,1562.787760,-0.118265651166439,-0.0401432812213898,0.159308910369873,0.193365216255188,1
216,1570.716100,-0.117338106036186,-0.0401432812213898,0.161398738622665,0.193365216255188,1
217,1578.613760,-0.1168332695961,-0.0401432812213898,0.161398738622665,0.193365216255188,1
218,1586.034440,-0.1168332695961,-0.0401432812213898,0.163392722606659,0.193365216255188,1
219,1593.787280,-0.116301231086254,-0.0401432812213898,0.163392722606659,0.193365216255188,1
220,1602.010020,-0.115757539868355,0.0758512318134308,0.165289610624313,0.163309574127197,1
221,1609.889960,-0.115435048937798,0.0758512318134308,0.165289610624313,0.163309574127197,1
222,1617.720280,-0.11347109824419,0.0758512318134308,0.165289610624313,0.163309574127197,1
223,1625.715680,-0.11347109824419,0.0758512318134308,0.167089253664017,0.163309574127197,1
224,1632.535320,-0.112198352813721,0.0758512318134308,0.167089253664017,0.163309574127197,1
225,1640.136600,-0.11121042072773,0.0758512318134308,0.167089253664017,0.163309574127197,1
226,1647.979720,-0.11045553535223,0.0758512318134308,0.168790876865387,0.163309574127197,1
227,1656.511260,-0.109776325523853,0.106040090322495,0.168790876865387,0.0700253248214722,1
228,1663.031500,-0.109776325523853,0.106040090322495,0.168790876865387,0.0700253248214722,1
229,1669.182220,-0.10917279869318,0.106040090322495,0.168790876865387,0.0700253248214722,1
230,1675.537500,-0.10917279869318,0.106040090322495,0.168790876865387,0.0700253248214722,1
231,1681.646300,-0.106878280639648,0.106040090322495,0.168790876865387,0.0700253248214722,1
232,1687.808220,-0.105181120336056,0.106040090322495,0.168790876865387,0.0700253248214722,1
233,1695.348540,-0.105181120336056,0.106040090322495,0.168790876865387,0.0700253248214722,1
234,1703.506520,-0.101146519184113,0.18618032336235,0.168790876865387,0,1
235,1711.158480,-0.0992078557610512,0.18618032336235,0.168790876865387,0,1
236,1718.990600,-0.0978222116827965,0.18618032336235,0.168790876865387,0,1
237,1726.946940,-0.096940889954567,0.18618032336235,0.168790876865387,0,1
238,1734.957640,-0.096940889954567,0.18618032336235,0.167089253664017,0,1
239,1741.945920,-0.0960830971598625,0.18618032336235,0.167089253664017,0,1
240,1748.792100,-0.0954715833067894,0.113498717546463,0.167089253664017,-0.0340324640274048,1
241,1754.981260,-0.0954715833067894,0.113498717546463,0.165289610624313,-0.0340324640274048,1
242,1761.559660,-0.0928022637963295,0.113498717546463,0.163392722606659,-0.0340324640274048,1
243,1767.721140,-0.0912820398807526,0.113498717546463,0.163392722606659,-0.0340324640274048,1
244,1773.922640,-0.0912820398807526,0.113498717546463,0.161398738622665,-0.0340324640274048,1
245,1780.055780,-0.0901261866092682,0.113498717546463,0.157124131917953,-0.0340324640274048,1
246,1786.370640,-0.0899091735482216,0.113498717546463,0.154845774173737,-0.0340324640274048,1
247,1792.572880,-0.0890991389751434,0.113498717546463,0.15000993013382,-0.0340324640274048,1
248,1799.114020,-0.0858999341726303,0.191432982683182,0.147455871105194,-0.392667651176453,1
249,1805.466640,-0.0858999341726303,0.191432982683182,0.142079293727875,-0.392667651176453,1
250,1811.583580,-0.0836651250720024,0.191432982683182,0.136352300643921,-0.392667651176453,1
251,1817.821480,-0.0804006010293961,0.191432982683182,0.130286991596222,-0.392667651176453,1
252,1824.048800,-0.0804006010293961,0.191432982683182,0.123892478644848,-0.392667651176453,1
253,1830.179040,-0.0771092996001244,0.191432982683182,0.11718112975359,-0.392667651176453,1
254,1836.545300,-0.0745870769023895,0.191432982683182,0.106544010341167,-0.392667651176453,1
255,1842.813340,-0.0745870769023895,0.191432982683182,0.0990906283259392,-0.392667651176453,1
256,1849.496160,-0.072548121213913,0.267036259174347,0.0874038413167,-1.12182128429413,1
257,1855.695360,-0.072548121213913,0.267036259174347,0.0792922899127007,-1.12182128429413,1
258,1862.137580,-0.0697958022356033,0.267036259174347,0.0666814595460892,-1.12182128429413,1
259,1868.598480,-0.0678445026278496,0.267036259174347,0.0580009445548058,-1.12182128429413,1
260,1874.835960,-0.0678445026278496,0.267036259174347,0.049117311835289,-1.12182128429413,1
261,1882.401920,-0.0650162622332573,0.267036259174347,0.0354511812329292,-1.12182128429413,1
262,1890.353880,-0.0617063529789448,0.267036259174347,0.0214193239808083,-1.12182128429413,1
263,1898.123800,-0.0592646785080433,0.267036259174347,0.00707890838384628,-1.12182128429413,1
264,1906.646540,-0.0544377788901329,0.265668839216232,-0.00751330703496933,-1.68571794033051,1
265,1914.591700,-0.0544377788901329,0.265668839216232,-0.0173510611057281,-1.68571794033051,1
266,1922.592600,-0.0514762699604034,0.265668839216232,-0.027260459959507,-1.68571794033051,1
267,1930.683080,-0.0498555190861225,0.265668839216232,-0.0372195690870285,-1.68571794033051,1
268,1938.586080,-0.0479582026600838,0.265668839216232,-0.0472144931554794,-1.68571794033051,1
269,1946.384740,-0.0479582026600838,0.265668839216232,-0.0522178485989571,-1.68571794033051,1
270,1955.459280,-0.046333733946085,0.258618891239166,-0.0622307993471622,-1.28605842590332,1
271,1963.189220,-0.0441213995218277,0.258618891239166,-0.0672332644462585,-1.28605842590332,1
272,1970.995460,-0.0416932106018066,0.258618891239166,-0.0722310245037079,-1.28605842590332,1
273,1978.774920,-0.0390407182276249,0.258618891239166,-0.0772227942943573,-1.28605842590332,1
274,1986.633500,-0.0390407182276249,0.258618891239166,-0.0772227942943573,-1.28605842590332,1
275,1994.580160,-0.035790216177702,0.258618891239166,-0.0772227942943573,-1.28605842590332,1
276,2002.733980,-0.0323971956968308,0.278730750083923,-0.0772227942943573,-0.399975538253784,1
277,2010.739180,-0.0294767562299967,0.278730750083923,-0.0772227942943573,-0.399975538253784,1
278,2017.590260,-0.0263436511158943,0.278730750083923,-0.0772227942943573,-0.399975538253784,1
279,2023.768720,-0.0263436511158943,0.278730750083923,-0.0772227942943573,-0.399975538253784,1
280,2029.965880,-0.0234088320285082,0.278730750083923,-0.0772227942943573,-0.399975538253784,1
281,2036.882960,-0.0210250858217478,0.278730750083923,-0.0772227942943573,-0.399975538253784,1
282,2044.815900,-0.0210250858217478,0.278730750083923,-0.0772227942943573,-0.399975538253784,1
283,2053.748400,-0.0195975117385387,0.255993664264679,-0.0722310245037079,0,1
284,2061.701420,-0.0183741189539433,0.255993664264679,-0.0722310245037079,0,1
285,2069.540080,-0.0164155587553978,0.255993664264679,-0.0722310245037079,0,1
286,2077.343160,-0.0149084851145744,0.255993664264679,-0.0722310245037079,0,1
287,2084.945820,-0.0149084851145744,0.255993664264679,-0.0722310245037079,0,1
288,2091.085440,-0.0128260608762503,0.255993664264679,-0.0722310245037079,0,1
289,2097.438820,-0.0111130718141794,0.255993664264679,-0.0772227942943573,0,1
290,2103.988200,-0.0111130718141794,0.169688791036606,-0.0772227942943573,0,1
291,2110.168120,-0.00933868438005447,0.169688791036606,-0.0772227942943573,0,1
292,2116.516680,-0.00788509380072355,0.169688791036606,-0.0822063758969307,0,1
293,2122.642580,-0.00788509380072355,0.169688791036606,-0.0822063758969307,0,1
294,2128.889680,-0.00584640493616462,0.169688791036606,-0.0871777683496475,0,1
295,2135.025300,-0.00584640493616462,0.169688791036606,-0.0871777683496475,0,1
296,2141.180500,-0.00429199216887355,0.169688791036606,-0.0921347737312317,0,1
297,2147.890420,-0.00230880733579397,0.169688791036606,-0.0970770418643951,0,1
298,2154.603060,-0.00230880733579397,0.176085293292999,-0.102001488208771,-0.397084951400757,1
299,2161.062160,-0.0013417435111478,0.176085293292999,-0.106905922293663,-0.397084951400757,1
300,2167.395080,-0.000136165617732331,0.176085293292999,-0.106905922293663,-0.397084951400757,1
301,2173.590400,-0.000136165617732331,0.176085293292999,-0.111787334084511,-0.397084951400757,1
302,2179.730840,0.00187725061550736,0.176085293292999,-0.116645328700542,-0.397084951400757,1
303,2185.908800,0.00187725061550736,0.176085293292999,-0.121476896107197,-0.397084951400757,1
304,2192.014780,0.00434928899630904,0.176085293292999,-0.126279890537262,-0.397084951400757,1
305,2198.190000,0.0062058256007731,0.176085293292999,-0.131051361560822,-0.397084951400757,1
306,2204.886640,0.0062058256007731,0.170292660593987,-0.131051361560822,-0.679486393928528,1
307,2211.064640,0.00789419189095497,0.170292660593987,-0.135790914297104,-0.679486393928528,1
308,2217.674240,0.00946186110377312,0.170292660593987,-0.140497326850891,-0.679486393928528,1
309,2223.910900,0.00946186110377312,0.170292660593987,-0.140497326850891,-0.679486393928528,1
310,2230.125860,0.0107360072433949,0.170292660593987,-0.145164266228676,-0.679486393928528,1
311,2236.493480,0.0124381640926003,0.170292660593987,-0.145164266228676,-0.679486393928528,1
312,2242.727860,0.0124381640926003,0.170292660593987,-0.149793058633804,-0.679486393928528,1
313,2249.444840,0.0132761001586914,0.141405493021011,-0.149793058633804,-0.374833941459656,1
314,2255.659060,0.0132761001586914,0.141405493021011,-0.1543800085783,-0.374833941459656,1
315,2262.077520,0.0143784331157804,0.141405493021011,-0.1543800085783,-0.374833941459656,1
316,2268.417420,0.0160662848502398,0.141405493021011,-0.1543800085783,-0.374833941459656,1
317,2276.430240,0.0173703581094742,0.141405493021011,-0.1543800085783,-0.374833941459656,1
318,2284.075680,0.0173703581094742,0.141405493021011,-0.1543800085783,-0.374833941459656,1
319,2291.980920,0.0180223844945431,0.141405493021011,-0.1543800085783,-0.374833941459656,1
320,2300.181700,0.0187819674611092,0.110117346048355,-0.1543800085783,-0.0917389988899231,1
321,2308.014000,0.0195556059479713,0.110117346048355,-0.149793058633804,-0.0917389988899231,1
322,2315.970040,0.0195556059479713,0.110117346048355,-0.149793058633804,-0.0917389988899231,1
323,2324.658220,0.0203453246504068,0.110117346048355,-0.149793058633804,-0.0917389988899231,1
324,2332.677880,0.0211837198585272,0.110117346048355,-0.149793058633804,-0.0917389988899231,1
325,2340.669900,0.0220296289771795,0.110117346048355,-0.149793058633804,-0.0917389988899231,1
326,2349.028220,0.0226778797805309,0.0779182463884354,-0.149793058633804,0.0917389988899231,1
327,2356.992260,0.023531723767519,0.0779182463884354,-0.149793058633804,0.0917389988899231,1
328,2363.606940,0.023531723767519,0.0779182463884354,-0.149793058633804,0.0917389988899231,1
329,2369.730420,0.0238957218825817,0.0779182463884354,-0.149793058633804,0.0917389988899231,1
330,2375.925540,0.0238957218825817,0.0779182463884354,-0.149793058633804,0.0917389988899231,1
331,2382.059560,0.0241406243294477,0.0779182463884354,-0.149793058633804,0.0917389988899231,1
332,2388.364320,0.0242120940238237,0.0779182463884354,-0.149793058633804,0.0917389988899231,1
333,2394.527260,0.0242120940238237,0.0779182463884354,-0.149793058633804,0.0917389988899231,1
334,2401.065140,0.0242988206446171,0.032418817281723,-0.149793058633804,0,1
335,2407.383320,0.0247275922447443,0.032418817281723,-0.149793058633804,0,1
336,2415.414100,0.0247275922447443,0.032418817281723,-0.149793058633804,0,1
337,2423.042100,0.024941997602582,0.032418817281723,-0.149793058633804,0,1
338,2430.840960,0.02503727003932,0.032418817281723,-0.149793058633804,0,1
339,2438.727220,0.0255136862397194,0.032418817281723,-0.149793058633804,0,1
340,2446.684280,0.0255136862397194,0.032418817281723,-0.149793058633804,0,1
341,2454.933460,0.0257280915975571,0.0285854190587997,-0.145164266228676,0.0925758481025696,1
342,2462.815440,0.0258471872657537,0.0285854190587997,-0.145164266228676,0.0925758481025696,1
343,2470.724060,0.0259186550974846,0.0285854190587997,-0.140497326850891,0.0925758481025696,1
344,2478.778280,0.0259424783289433,0.0285854190587997,-0.135790914297104,0.0925758481025696,1
345,2486.692180,0.0259424783289433,0.0285854190587997,-0.135790914297104,0.0925758481025696,1
346,2494.603760,0.0259424783289433,0.0285854190587997,-0.131051361560822,0.0925758481025696,1
347,2502.374480,0.0266306307166815,0.0180507823824883,-0.126279890537262,0.377687513828278,1
348,2508.570860,0.0269194412976503,0.0180507823824883,-0.121476896107197,0.377687513828278,1
349,2514.736520,0.0269194412976503,0.0180507823824883,-0.116645328700542,0.377687513828278,1
350,2520.885200,0.0260693747550249,0.0180507823824883,-0.111787334084511,0.377687513828278,1
351,2527.022960,0.0255814362317324,0.0180507823824883,-0.106905922293663,0.377687513828278,1
352,2533.175080,0.0255814362317324,0.0180507823824883,-0.102001488208771,0.377687513828278,1
353,2540.656020,0.0249639321118593,0.0180507823824883,-0.0970770418643951,0.377687513828278,1
354,2548.988900,0.0246628187596798,-0.0393562391400337,-0.0921347737312317,0.682902336120605,1
355,2556.944660,0.0245046429336071,-0.0393562391400337,-0.0822063758969307,0.682902336120605,1
356,2563.568320,0.0245046429336071,-0.0393562391400337,-0.0772227942943573,0.682902336120605,1
357,2569.671820,0.0243702884763479,-0.0393562391400337,-0.0722310245037079,0.682902336120605,1
358,2575.883640,0.0243702884763479,-0.0393562391400337,-0.0672332644462585,0.682902336120605,1
359,2582.020480,0.0239414982497692,-0.0393562391400337,-0.0622307993471622,0.682902336120605,1
360,2588.380300,0.0226632114499807,-0.0393562391400337,-0.05722401663661,0.682902336120605,1
361,2594.543100,0.0226632114499807,-0.0393562391400337,-0.0522178485989571,0.682902336120605,1
362,2601.081420,0.0223545841872692,-0.0461646914482117,-0.0472144931554794,0.898405611515045,1
363,2607.380440,0.0212914273142815,-0.0461646914482117,-0.0422143340110779,0.898405611515045,1
364,2613.525680,0.0212914273142815,-0.0461646914482117,-0.0372195690870285,0.898405611515045,1
365,2619.688500,0.0208103563636541,-0.0461646914482117,-0.0322351232171059,0.898405611515045,1
366,2625.891680,0.0208103563636541,-0.0461646914482117,-0.0322351232171059,0.898405611515045,1
367,2632.037320,0.0205796621739864,-0.0461646914482117,-0.027260459959507,0.898405611515045,1
368,2638.567960,0.0196192935109138,-0.0461646914482117,-0.022297777235508,0.898405611515045,1
369,2645.029060,0.0196192935109138,-0.0461646914482117,-0.022297777235508,0.898405611515045,1
370,2651.884160,0.0187149997800589,-0.072791688144207,-0.0173510611057281,0.597268640995026,1
371,2658.511620,0.0175180062651634,-0.072791688144207,-0.0173510611057281,0.597268640995026,1
372,2666.608420,0.0169726554304361,-0.072791688144207,-0.0124224834144115,0.597268640995026,1
373,2674.495900,0.0169726554304361,-0.072791688144207,-0.0124224834144115,0.597268640995026,1
374,2682.418940,0.0166800692677498,-0.072791688144207,-0.0124224834144115,0.597268640995026,1
375,2689.998440,0.0165470894426107,-0.072791688144207,-0.0124224834144115,0.597268640995026,1
376,2697.835660,0.0153238102793694,-0.072791688144207,-0.0124224834144115,0.597268640995026,1
377,2706.071260,0.0153238102793694,-0.0678237900137901,-0.0173510611057281,0.0985715538263321,1
378,2713.976700,0.0142721366137266,-0.0678237900137901,-0.0173510611057281,0.0985715538263321,1
379,2722.013940,0.0137263871729374,-0.0678237900137901,-0.0173510611057281,0.0985715538263321,1
380,2730.622080,0.0132633587345481,-0.0678237900137901,-0.0173510611057281,0.0985715538263321,1
381,2738.589600,0.0125850681215525,-0.0678237900137901,-0.0173510611057281,0.0985715538263321,1
382,2746.528320,0.0125850681215525,-0.0678237900137901,-0.0173510611057281,0.0985715538263321,1
383,2753.453500,0.0117726139724255,-0.0710239261388779,-0.0173510611057281,-0.0985715538263321,1
384,2759.861960,0.0113331601023674,-0.0710239261388779,-0.0173510611057281,-0.0985715538263321,1
385,2765.991960,0.0113331601023674,-0.0710239261388779,-0.0173510611057281,-0.0985715538263321,1
386,2772.190640,0.0111600114032626,-0.0710239261388779,-0.0173510611057281,-0.0985715538263321,1
387,2778.506520,0.0110800173133612,-0.0710239261388779,-0.0124224834144115,-0.0985715538263321,1
388,2784.726780,0.0110800173133612,-0.0710239261388779,-0.0124224834144115,-0.0985715538263321,1
389,2790.849840,0.0109868617728353,-0.0710239261388779,-0.0124224834144115,-0.0985715538263321,1
390,2797.013420,0.0103100966662169,-0.0710239261388779,-0.0124224834144115,-0.0985715538263321,1
391,2803.725980,0.0103100966662169,-0.0292503461241722,-0.0124224834144115,0.0985715538263321,1
392,2809.910960,0.0092151639983058,-0.0292503461241722,-0.0124224834144115,0.0985715538263321,1
393,2816.114860,0.0092151639983058,-0.0292503461241722,-0.00751330703496933,0.0985715538263321,1
394,2822.380560,0.00797687564045191,-0.0292503461241722,-0.00751330703496933,0.0985715538263321,1
395,2828.570720,0.00735805509611964,-0.0292503461241722,-0.00751330703496933,0.0985715538263321,1
396,2834.770580,0.00735805509611964,-0.0292503461241722,-0.00262391939759254,0.0985715538263321,1
397,2840.952600,0.00632484443485737,-0.0292503461241722,-0.00262391939759254,0.0985715538263321,1
398,2847.352940,0.00513072963804007,-0.0292503461241722,0.0022408626973629,0.0985715538263321,1
399,2853.959460,0.00513072963804007,-0.103587336838245,0.00707890838384628,0.293266922235489,1
400,2860.538240,0.00455436715856195,-0.103587336838245,0.00707890838384628,0.293266922235489,1
401,2866.822200,0.00356307975016534,-0.103587336838245,0.0118898525834084,0.293266922235489,1
402,2872.964620,0.00356307975016534,-0.103587336838245,0.0166706889867783,0.293266922235489,1
403,2879.123240,0.00302638998255134,-0.103587336838245,0.0214193239808083,0.293266922235489,1
404,2885.469740,0.00302638998255134,-0.103587336838245,0.0214193239808083,0.293266922235489,1
405,2891.596100,0.00208036415278912,-0.103587336838245,0.026132807135582,0.293266922235489,1
406,2897.784940,0.00158668518997729,-0.103587336838245,0.0308107882738113,0.293266922235489,1
407,2904.497940,0.00158668518997729,-0.0708808898925781,0.0308107882738113,0.571398496627808,1
408,2910.759660,6.08825685048942E-05,-0.0708808898925781,0.0354511812329292,0.571398496627808,1
409,2916.917200,-0.000661125173792243,-0.0708808898925781,0.0400502607226372,0.571398496627808,1
410,2923.089640,-0.000661125173792243,-0.0708808898925781,0.0400502607226372,0.571398496627808,1
411,2930.658580,-0.00102237705141306,-0.0708808898925781,0.0446052029728889,0.571398496627808,1
412,2938.465100,-0.00119375227950513,-0.0708808898925781,0.049117311835289,0.571398496627808,1
413,2946.090740,-0.00119375227950513,-0.0708808898925781,0.0535845682024956,0.571398496627808,1
414,2955.061100,-0.00182373041752726,-0.0682083144783974,0.0535845682024956,0.455475598573685,1
415,2962.837560,-0.00281572341918945,-0.0682083144783974,0.0580009445548058,0.455475598573685,1
416,2970.719680,-0.00381618505343795,-0.0682083144783974,0.0580009445548058,0.455475598573685,1
417,2978.783320,-0.00431179068982601,-0.0682083144783974,0.0623677521944046,0.455475598573685,1
418,2986.607560,-0.00431179068982601,-0.0682083144783974,0.0623677521944046,0.455475598573685,1
419,2994.582260,-0.00529170967638493,-0.0682083144783974,0.0623677521944046,0.455475598573685,1
420,3002.788860,-0.00571125047281384,-0.0777503997087479,0.0623677521944046,0.175663679838181,1
421,3010.697160,-0.00597152719274163,-0.0777503997087479,0.0623677521944046,0.175663679838181,1
422,3018.585080,-0.00661075580865145,-0.0777503997087479,0.0623677521944046,0.175663679838181,1
423,3024.799000,-0.00661075580865145,-0.0777503997087479,0.0623677521944046,0.175663679838181,1
424,3030.911640,-0.00692573562264442,-0.0777503997087479,0.0623677521944046,0.175663679838181,1
425,3037.118280,-0.00827537570148706,-0.0777503997087479,0.0623677521944046,0.175663679838181,1
426,3043.707440,-0.00827537570148706,-0.0777503997087479,0.0623677521944046,0.175663679838181,1
427,3051.383020,-0.00964370742440224,-0.078649140894413,0.0623677521944046,0,1
428,3059.162260,-0.00967124942690134,-0.078649140894413,0.0623677521944046,0,1
429,3067.016200,-0.00965274777263403,-0.078649140894413,0.0623677521944046,0,1
430,3074.963260,-0.00965274777263403,-0.078649140894413,0.0623677521944046,0,1
431,3082.766580,-0.010255622677505,-0.078649140894413,0.0623677521944046,0,1
432,3090.594020,-0.0105005456134677,-0.078649140894413,0.0623677521944046,0,1
433,3098.984840,-0.0106535721570253,-0.020197294652462,0.0623677521944046,0,1
434,3106.953760,-0.0114908218383789,-0.020197294652462,0.0623677521944046,0,1
435,3115.566540,-0.0114908218383789,-0.020197294652462,0.0623677521944046,0,1
436,3123.663700,-0.011373863555491,-0.020197294652462,0.0623677521944046,0,1
437,3131.515440,-0.0126748848706484,-0.020197294652462,0.0623677521944046,0,1
438,3139.034520,-0.013294086791575,-0.020197294652462,0.0623677521944046,0,1
439,3145.712240,-0.013294086791575,-0.020197294652462,0.0623677521944046,0,1
440,3152.397200,-0.0136349871754646,-0.0596283003687859,0.0623677521944046,0,1
441,3158.852520,-0.0137588307261467,-0.0596283003687859,0.0623677521944046,0,1
442,3165.029880,-0.0137588307261467,-0.0596283003687859,0.0623677521944046,0,1
443,3171.144660,-0.0138520430773497,-0.0596283003687859,0.0623677521944046,0,1
444,3177.471320,-0.0136107252910733,-0.0596283003687859,0.0623677521944046,0,1
445,3183.642260,-0.0136107252910733,-0.0596283003687859,0.0623677521944046,0,1
446,3189.781480,-0.0134827615693212,-0.0596283003687859,0.0623677521944046,0,1
447,3195.918860,-0.0134827615693212,-0.0596283003687859,0.0623677521944046,0,1
448,3202.583380,-0.0134494015946984,0.00371171161532402,0.0623677521944046,0,1
449,3208.717260,-0.0134173966944218,0.00371171161532402,0.0623677521944046,0,1
450,3214.861400,-0.0134173966944218,0.00371171161532402,0.0623677521944046,0,1
451,3221.470360,-0.0134014133363962,0.00371171161532402,0.0623677521944046,0,1
452,3227.635700,-0.0128809353336692,0.00371171161532402,0.0623677521944046,0,1
453,3233.830740,-0.0128809353336692,0.00371171161532402,0.0623677521944046,0,1
454,3240.015560,-0.0133818052709103,0.00371171161532402,0.0623677521944046,0,1
455,3246.494820,-0.0136788561940193,0.00371171161532402,0.0623677521944046,0,1
456,3253.050600,-0.0136788561940193,-0.00458909198641777,0.0623677521944046,0,1
457,3259.707200,-0.0138040538877249,-0.00458909198641777,0.0623677521944046,0,1
458,3265.853780,-0.0138040538877249,-0.00458909198641777,0.0623677521944046,0,1
459,3271.976080,-0.0138666722923517,-0.00458909198641777,0.0623677521944046,0,1
460,3278.174240,-0.013641357421875,-0.00458909198641777,0.0623677521944046,0,1
461,3284.486140,-0.013641357421875,-0.00458909198641777,0.0623677521944046,0,1
462,3290.623100,-0.0135133741423488,-0.00458909198641777,0.0623677521944046,0,1
463,3296.813160,-0.0134494015946984,-0.00458909198641777,0.0623677521944046,0,1
464,3305.190420,-0.0134494015946984,0.00458909198641777,0.0623677521944046,0,1
465,3312.901420,-0.0134173966944218,0.00458909198641777,0.0623677521944046,0,1
466,3321.004280,-0.0134014133363962,0.00458909198641777,0.0623677521944046,0,1
467,3328.845800,-0.0133547969162464,0.00458909198641777,0.0623677521944046,0,1
468,3337.362060,-0.0133854104205966,0.00458909198641777,0.0623677521944046,0,1
469,3345.093480,-0.0133854104205966,0.00458909198641777,0.0623677521944046,0,1
470,3353.658480,-0.0133854104205966,0.00127982348203659,0.0623677521944046,0,1
471,3361.514480,-0.0133854104205966,0.00127982348203659,0.0623677521944046,0,1
472,3369.427080,-0.0133854104205966,0.00127982348203659,0.0580009445548058,0,1
473,3377.353900,-0.0133854104205966,0.00127982348203659,0.0580009445548058,0,1
474,3385.036920,-0.0133854104205966,0.00127982348203659,0.0580009445548058,0,1
475,3392.645500,-0.0133854104205966,0.00127982348203659,0.0535845682024956,0,1
476,3399.383980,-0.0133854104205966,0,0.0535845682024956,-0.175663679838181,1
477,3405.564220,-0.0133854104205966,0,0.049117311835289,-0.175663679838181,1
478,3411.648080,-0.0120725249871612,0,0.049117311835289,-0.175663679838181,1
479,3417.834820,-0.0109036257490516,0,0.0446052029728889,-0.175663679838181,1
480,3424.002080,-0.0109036257490516,0,0.0446052029728889,-0.175663679838181,1
481,3430.176020,-0.0103031536564231,0,0.0400502607226372,-0.175663679838181,1
482,3436.496980,-0.0107730105519295,0,0.0400502607226372,-0.175663679838181,1
483,3444.713320,-0.0107730105519295,0,0.0354511812329292,-0.175663679838181,1
484,3452.980720,-0.0110264206305146,0.0471797958016396,0.0354511812329292,-0.362667739391327,1
485,3461.572160,-0.0111264418810606,0.0471797958016396,0.0308107882738113,-0.362667739391327,1
486,3469.530680,-0.0103874206542969,0.0471797958016396,0.026132807135582,-0.362667739391327,1
487,3477.471780,-0.0100213242694736,0.0471797958016396,0.026132807135582,-0.362667739391327,1
488,3485.385260,-0.0100213242694736,0.0471797958016396,0.0214193239808083,-0.362667739391327,1
489,3493.009760,-0.00923675578087568,0.0471797958016396,0.0214193239808083,-0.362667739391327,1
490,3501.387440,-0.00893104542046785,0.0419075042009354,0.0166706889867783,-0.375609844923019,1
491,3509.383480,-0.00807060208171606,0.0419075042009354,0.0166706889867783,-0.375609844923019,1
492,3517.129320,-0.00769084924831986,0.0419075042009354,0.0166706889867783,-0.375609844923019,1
493,3525.007200,-0.00769084924831986,0.0419075042009354,0.0118898525834084,-0.375609844923019,1
494,3532.891200,-0.00743059162050486,0.0419075042009354,0.0118898525834084,-0.375609844923019,1
495,3540.884820,-0.00735094072297215,0.0419075042009354,0.0118898525834084,-0.375609844923019,1
496,3548.166640,-0.0067607881501317,0.0419075042009354,0.00707890838384628,-0.375609844923019,1
497,3554.901680,-0.0067607881501317,0.043405145406723,0.00707890838384628,-0.19183561205864,1
498,3561.457800,-0.00651618978008628,0.043405145406723,0.00707890838384628,-0.19183561205864,1
499,3567.664100,-0.00632350938394666,0.043405145406723,0.00707890838384628,-0.19183561205864,1
500,3573.844920,-0.00632350938394666,0.043405145406723,0.0022408626973629,-0.19183561205864,1
501,3579.973880,-0.00678211217746139,0.043405145406723,0.0022408626973629,-0.19183561205864,1
502,3586.116160,-0.00678211217746139,0.043405145406723,0.0022408626973629,-0.19183561205864,1
503,3592.372340,-0.0065069580450654,0.043405145406723,0.0022408626973629,-0.19183561205864,1
504,3598.952100,-0.00635408423841,0.00813407823443413,0.0022408626973629,-0.0967609137296677,1
505,3605.124920,-0.00635408423841,0.00813407823443413,0.0022408626973629,-0.0967609137296677,1
506,3611.444940,-0.00626235967501998,0.00813407823443413,0.0022408626973629,-0.0967609137296677,1
507,3617.608320,-0.00623180391266942,0.00813407823443413,0.0022408626973629,-0.0967609137296677,1
508,3623.772700,-0.00623180391266942,0.00813407823443413,0.0022408626973629,-0.0967609137296677,1
509,3629.912280,-0.00623180391266942,0.00813407823443413,0.0022408626973629,-0.0967609137296677,1
510,3636.067820,-0.00623180391266942,0.00813407823443413,0.0022408626973629,-0.0967609137296677,1
511,3642.549820,-0.0062012099660933,0.00813407823443413,0.0022408626973629,-0.0967609137296677,1
512,3649.428560,-0.0062012099660933,0.00305748544633389,0.0022408626973629,0,1
513,3655.640680,-0.0062012099660933,0.00305748544633389,0.0022408626973629,0,1
514,3662.058420,-0.0062012099660933,0.00305748544633389,0.0022408626973629,0,1
515,3668.370380,-0.0062012099660933,0.00305748544633389,0.0022408626973629,0,1
516,3675.124900,-0.0062012099660933,0.00305748544633389,0.0022408626973629,0,1
517,3682.950500,-0.0062012099660933,0.00305748544633389,0.0022408626973629,0,1
518,3690.872700,-0.00552421575412154,0.00305748544633389,0.0022408626973629,0,1
519,3699.940500,-0.00588262546807528,0.00637168996036053,0.0022408626973629,0,1
520,3707.832740,-0.0060419081710279,0.00637168996036053,0.0022408626973629,0,1
521,3715.663100,-0.0060419081710279,0.00637168996036053,0.0022408626973629,0,1
522,3723.696980,-0.0061215590685606,0.00637168996036053,0.0022408626973629,0,1
523,3731.678680,-0.00616138475015759,0.00637168996036053,0.0022408626973629,0,1
524,3739.596880,-0.00616138475015759,0.00637168996036053,0.0022408626973629,0,1
525,3747.616840,-0.0062012099660933,0.00637168996036053,0.0022408626973629,0,1
526,3756.506100,-0.0062012099660933,-0.00637168996036053,0.0022408626973629,0,1
527,3764.642380,-0.0062012099660933,-0.00637168996036053,0.0022408626973629,0,1
528,3771.053600,-0.0062012099660933,-0.00637168996036053,0.0022408626973629,0,1
529,3777.391100,-0.0062012099660933,-0.00637168996036053,0.0022408626973629,0,1
530,3783.550060,-0.0062012099660933,-0.00637168996036053,0.0022408626973629,0,1
531,3789.710720,-0.0062012099660933,-0.00637168996036053,0.0022408626973629,0,1
532,3795.872240,-0.0062012099660933,-0.00637168996036053,0.0022408626973629,0,1
533,3802.592200,-0.0062012099660933,0,0.0022408626973629,0,1
534,3808.744060,-0.0062012099660933,0,0.0022408626973629,0,1
535,3814.905180,-0.0062012099660933,0,0.0022408626973629,0,1
536,3821.100340,-0.0062012099660933,0,0.0022408626973629,0,1
537,3827.374640,-0.0062012099660933,0,0.0022408626973629,0,1
538,3833.579800,-0.0062012099660933,0,0.0022408626973629,0,1
539,3839.734620,-0.0062012099660933,0,0.0022408626973629,0,1
540,3847.120000,-0.0062012099660933,0,0.0022408626973629,0,1
541,3855.592120,-0.00672096246853471,-0.0103950500488281,0.0022408626973629,0,1
542,3863.547040,-0.00699615478515625,-0.0103950500488281,0.0022408626973629,0,1
543,3871.483980,-0.00763820670545101,-0.0103950500488281,0.0022408626973629,0,1
544,3879.100900,-0.00729749677702785,-0.0103950500488281,0.0022408626973629,0,1
545,3886.870460,-0.00712253572419286,-0.0103950500488281,0.0022408626973629,0,1
546,3894.856420,-0.00712253572419286,-0.0103950500488281,0.0022408626973629,0,1
547,3903.791240,-0.00770137785002589,-0.0196083076298237,0.0022408626973629,0,1
548,3911.788460,-0.00804130546748638,-0.0196083076298237,0.0022408626973629,0,1
549,3919.700520,-0.00831802375614643,-0.0196083076298237,0.0022408626973629,0,1
550,3927.652140,-0.0084410859271884,-0.0196083076298237,0.0022408626973629,0,1
551,3935.545420,-0.0084410859271884,-0.0196083076298237,0.0022408626973629,0,1
552,3941.670100,-0.00906822178512812,-0.0196083076298237,0.0022408626973629,0,1
553,3948.744860,-0.0086543271318078,-0.0190589856356382,0.0022408626973629,0,1
554,3955.023060,-0.0086543271318078,-0.0190589856356382,0.00707890838384628,0,1
555,3961.572960,-0.00849784817546606,-0.0190589856356382,0.00707890838384628,0,1
556,3967.752140,-0.00840896647423506,-0.0190589856356382,0.00707890838384628,0,1
557,3973.921340,-0.00840896647423506,-0.0190589856356382,0.00707890838384628,0,1
558,3980.045860,-0.00903690326958895,-0.0190589856356382,0.00707890838384628,0,1
559,3986.410220,-0.00934623740613461,-0.0190589856356382,0.00707890838384628,0,1
560,3992.539680,-0.00934623740613461,-0.0190589856356382,0.00707890838384628,0,1
561,3999.083920,-0.00950551964342594,-0.0170238502323627,0.00707890838384628,0.0967609137296677,1
562,4005.408520,-0.00950551964342594,-0.0170238502323627,0.00707890838384628,0.0967609137296677,1
563,4011.528620,-0.00958517100661993,-0.0170238502323627,0.00707890838384628,0.0967609137296677,1
564,4017.715660,-0.00962499622255564,-0.0170238502323627,0.00707890838384628,0.0967609137296677,1
565,4023.847080,-0.00962499622255564,-0.0170238502323627,0.00707890838384628,0.0967609137296677,1
566,4029.986800,-0.00966480281203985,-0.0170238502323627,0.00707890838384628,0.0967609137296677,1
567,4036.153880,-0.00966480281203985,-0.0170238502323627,0.00707890838384628,0.0967609137296677,1
568,4042.465420,-0.00966480281203985,-0.0170238502323627,0.00707890838384628,0.0967609137296677,1
569,4049.359700,-0.0104408264160156,-0.0187061354517937,0.00707890838384628,0,1
570,4055.663180,-0.0104408264160156,-0.0187061354517937,0.00707890838384628,0,1
571,4062.093340,-0.0100213242694736,-0.0187061354517937,0.00707890838384628,0,1
572,4068.420340,-0.00983486138284206,-0.0187061354517937,0.00707890838384628,0,1
573,4074.605800,-0.00983486138284206,-0.0187061354517937,0.00707890838384628,0,1
574,4080.721860,-0.0105340573936701,-0.0187061354517937,0.00707890838384628,0,1
575,4086.897640,-0.0109069440513849,-0.0187061354517937,0.00707890838384628,0,1
576,4093.017900,-0.0109069440513849,-0.0187061354517937,0.00707890838384628,0,1
577,4099.777640,-0.0110467914491892,-0.0121193006634712,0.0118898525834084,0.0962188839912415,1
578,4105.936680,-0.0110467914491892,-0.0121193006634712,0.0118898525834084,0.0962188839912415,1
579,4112.096880,-0.0111400224268436,-0.0121193006634712,0.0118898525834084,0.0962188839912415,1
580,4118.418280,-0.0111866379156709,-0.0121193006634712,0.0166706889867783,0.0962188839912415,1
581,4124.637020,-0.0111866379156709,-0.0121193006634712,0.0166706889867783,0.0962188839912415,1
582,4130.742360,-0.0118239978328347,-0.0121193006634712,0.0166706889867783,0.0962188839912415,1
583,4136.888420,-0.0120689198374748,-0.0121193006634712,0.0214193239808083,0.0962188839912415,1
584,4144.010220,-0.0120689198374748,-0.0121193006634712,0.0214193239808083,0.0962188839912415,1
585,4152.363220,-0.0122220041230321,-0.0235042534768581,0.026132807135582,0.284859091043472,1
586,4159.983000,-0.0128037072718143,-0.0235042534768581,0.026132807135582,0.284859091043472,1
587,4167.834020,-0.0130792614072561,-0.0235042534768581,0.0308107882738113,0.284859091043472,1
588,4175.839240,-0.0130792614072561,-0.0235042534768581,0.0354511812329292,0.284859091043472,1
589,4183.724360,-0.0132323261350393,-0.0235042534768581,0.0354511812329292,0.284859091043472,1
590,4191.644080,-0.0133241843432188,-0.0235042534768581,0.0400502607226372,0.284859091043472,1
591,4200.594060,-0.0133547969162464,-0.0226558558642864,0.0400502607226372,0.278349071741104,1
592,4208.510440,-0.0133547969162464,-0.0226558558642864,0.0446052029728889,0.278349071741104,1
593,4216.431180,-0.0133547969162464,-0.0226558558642864,0.0446052029728889,0.278349071741104,1
594,4224.064040,-0.014177817851305,-0.0226558558642864,0.0446052029728889,0.278349071741104,1
595,4231.913060,-0.0140302469953895,-0.0226558558642864,0.049117311835289,0.278349071741104,1
596,4239.736740,-0.0145082287490368,-0.0226558558642864,0.049117311835289,0.278349071741104,1
597,4247.684480,-0.0147545430809259,-0.0226558558642864,0.049117311835289,0.278349071741104,1
598,4255.980940,-0.0147545430809259,-0.0279949232935905,0.0535845682024956,0.181341022253037,1
599,4263.890540,-0.0153828430920839,-0.0279949232935905,0.0535845682024956,0.181341022253037,1
600,4271.725700,-0.0156583972275257,-0.0279949232935905,0.0535845682024956,0.181341022253037,1
601,4279.622340,-0.0158580970019102,-0.0279949232935905,0.0535845682024956,0.181341022253037,1
602,4287.740080,-0.0159499365836382,-0.0279949232935905,0.0535845682024956,0.181341022253037,1
603,4295.755100,-0.0159499365836382,-0.0279949232935905,0.0535845682024956,0.181341022253037,1
604,4304.702560,-0.0159805677831173,-0.0245204940438271,0.049117311835289,0.0893451273441315,1
605,4312.639360,-0.0159805677831173,-0.0245204940438271,0.049117311835289,0.0893451273441315,1
606,4320.628500,-0.0160111617296934,-0.0245204940438271,0.049117311835289,0.0893451273441315,1
607,4328.616480,-0.0160111617296934,-0.0245204940438271,0.049117311835289,0.0893451273441315,1
608,4334.837820,-0.0160111617296934,-0.0245204940438271,0.049117311835289,0.0893451273441315,1
609,4342.060160,-0.0152187729254365,-0.0245204940438271,0.049117311835289,0.0893451273441315,1
610,4351.026940,-0.0147992512211204,0.0236263312399387,0.049117311835289,-0.0893451273441315,1
611,4358.662220,-0.0146128078922629,0.0236263312399387,0.049117311835289,-0.0893451273441315,1
612,4364.818100,-0.0146128078922629,0.0236263312399387,0.049117311835289,-0.0893451273441315,1
613,4370.963980,-0.0145195769146085,0.0236263312399387,0.049117311835289,-0.0893451273441315,1
614,4377.148700,-0.0139525029808283,0.0236263312399387,0.049117311835289,-0.0893451273441315,1
615,4383.461460,-0.0139525029808283,0.0236263312399387,0.049117311835289,-0.0893451273441315,1
616,4389.627060,-0.0136769488453865,0.0236263312399387,0.049117311835289,-0.0893451273441315,1
617,4395.814740,-0.0136769488453865,0.0236263312399387,0.049117311835289,-0.0893451273441315,1
618,4402.468560,-0.0135078812018037,0.0258274003863335,0.049117311835289,0,1
619,4408.607560,-0.0134466364979744,0.0258274003863335,0.049117311835289,0,1
620,4414.797660,-0.0134466364979744,0.0258274003863335,0.049117311835289,0,1
621,4420.946920,-0.0134160229936242,0.0258274003863335,0.049117311835289,0,1
622,4427.117740,-0.0134160229936242,0.0258274003863335,0.049117311835289,0,1
623,4433.430020,-0.0134160229936242,0.0258274003863335,0.049117311835289,0,1
624,4439.563160,-0.0125930020585656,0.0258274003863335,0.049117311835289,0,1
625,4445.761880,-0.0125930020585656,0.0258274003863335,0.049117311835289,0,1
626,4452.812460,-0.0122201154008508,0.0257553160190582,0.049117311835289,0,1
627,4459.500160,-0.0127794649451971,0.0257553160190582,0.049117311835289,0,1
628,4465.683460,-0.0127794649451971,0.0257553160190582,0.049117311835289,0,1
629,4471.867100,-0.0131057361140847,0.0257553160190582,0.0446052029728889,0,1
630,4478.046720,-0.0132455825805664,0.0257553160190582,0.0446052029728889,0,1
631,4484.380420,-0.0132455825805664,0.0257553160190582,0.0446052029728889,0,1
632,4490.539660,-0.0132921980693936,0.0257553160190582,0.0446052029728889,0,1
633,4496.709440,-0.0133388135582209,0.0257553160190582,0.0400502607226372,0,1
634,4503.392440,-0.0133388135582209,-0.0223739631474018,0.0400502607226372,-0.181341022253037,1
635,4509.494240,-0.0133854104205966,-0.0223739631474018,0.0400502607226372,-0.181341022253037,1
636,4515.694960,-0.0133854104205966,-0.0223739631474018,0.0354511812329292,-0.181341022253037,1
637,4524.157220,-0.0133854104205966,-0.0223739631474018,0.0354511812329292,-0.181341022253037,1
638,4532.008660,-0.0128649333491921,-0.0223739631474018,0.0308107882738113,-0.181341022253037,1
639,4539.969060,-0.0126200104132295,-0.0223739631474018,0.026132807135582,-0.181341022253037,1
640,4547.769720,-0.0116745186969638,-0.0223739631474018,0.0214193239808083,-0.181341022253037,1
641,4555.970740,-0.0116745186969638,0.0332858972251415,0.0214193239808083,-0.372618734836578,1
642,4563.855320,-0.0106732938438654,0.0332858972251415,0.0166706889867783,-0.372618734836578,1
643,4571.909280,-0.0102113150060177,0.0332858972251415,0.0118898525834084,-0.372618734836578,1
644,4580.465640,-0.00994075741618872,0.0332858972251415,0.00707890838384628,-0.372618734836578,1
645,4588.566760,-0.00977504719048738,0.0332858972251415,0.00707890838384628,-0.372618734836578,1
646,4596.394640,-0.00977504719048738,0.0332858972251415,0.0022408626973629,-0.372618734836578,1
647,4604.642680,-0.00973522197455168,0.0387859344482422,0.0022408626973629,-0.383569210767746,1
648,4611.915760,-0.00970462802797556,0.0387859344482422,0.0022408626973629,-0.383569210767746,1
649,4618.077160,-0.00966480281203985,0.0387859344482422,-0.00262391939759254,-0.383569210767746,1
650,4624.424340,-0.00966480281203985,0.0387859344482422,-0.00262391939759254,-0.383569210767746,1
651,4632.438820,-0.00966480281203985,0.0387859344482422,-0.00262391939759254,-0.383569210767746,1
652,4640.149140,-0.00898780860006809,0.0387859344482422,-0.00262391939759254,-0.383569210767746,1
653,4647.954720,-0.00814947113394737,0.0387859344482422,-0.00262391939759254,-0.383569210767746,1
654,4656.588040,-0.00767518999055028,0.0317150168120861,-0.00262391939759254,-0.0972956418991089,1
655,4664.663940,-0.00767518999055028,0.0317150168120861,-0.00262391939759254,-0.0972956418991089,1
656,4672.603060,-0.00744266528636217,0.0317150168120861,-0.00262391939759254,-0.0972956418991089,1
657,4680.542440,-0.00789203681051731,0.0317150168120861,-0.00262391939759254,-0.0972956418991089,1
658,4688.111920,-0.00810604076832533,0.0317150168120861,-0.00262391939759254,-0.0972956418991089,1
659,4696.013520,-0.00810604076832533,0.0317150168120861,-0.00262391939759254,-0.0972956418991089,1
660,4705.070320,-0.00818851497024298,-0.000780876725912094,-0.00262391939759254,0,1
661,4712.831600,-0.00824966467916965,-0.000780876725912094,-0.00262391939759254,0,1
662,4720.421340,-0.00895725283771753,-0.000780876725912094,-0.00262391939759254,0,1
663,4726.597720,-0.00934623740613461,-0.000780876725912094,-0.00262391939759254,0,1
664,4732.766200,-0.00934623740613461,-0.000780876725912094,-0.00262391939759254,0,1
665,4738.904480,-0.00882852543145418,-0.000780876725912094,-0.00262391939759254,0,1
666,4745.060880,-0.00882852543145418,-0.000780876725912094,-0.00262391939759254,0,1
667,4752.161200,-0.00854976661503315,-0.00722503289580345,-0.00262391939759254,0,1
668,4758.839920,-0.00787994358688593,-0.00722503289580345,-0.00262391939759254,0,1
669,4765.065480,-0.00787994358688593,-0.00722503289580345,-0.00262391939759254,0,1
670,4771.366180,-0.00759553909301758,-0.00722503289580345,-0.00262391939759254,0,1
671,4777.558620,-0.00740283960476518,-0.00722503289580345,-0.00262391939759254,0,1
672,4783.731000,-0.00740283960476518,-0.00722503289580345,-0.00262391939759254,0,1
673,4789.830240,-0.00730186467990279,-0.00722503289580345,-0.00262391939759254,0,1
674,4796.020080,-0.00730186467990279,-0.00722503289580345,-0.00262391939759254,0,1
675,4802.751040,-0.00782163627445698,0.0145626068115234,-0.00262391939759254,0,1
676,4808.900860,-0.00806621555238962,0.0145626068115234,-0.00262391939759254,0,1
677,4815.095060,-0.00806621555238962,0.0145626068115234,-0.00262391939759254,0,1
678,4821.389960,-0.00818851497024298,0.0145626068115234,-0.00262391939759254,0,1
679,4827.552160,-0.00824966467916965,0.0145626068115234,-0.00262391939759254,0,1
680,4833.749880,-0.00824966467916965,0.0145626068115234,-0.00262391939759254,0,1
681,4839.873200,-0.00828025862574577,0.0145626068115234,-0.00262391939759254,0,1
682,4846.616020,-0.00828025862574577,0.0145626068115234,-0.00262391939759254,0,1
683,4853.416320,-0.00828025862574577,-0.00917244702577591,-0.00262391939759254,0,1
684,4859.866600,-0.00898780860006809,-0.00917244702577591,-0.00262391939759254,0,1
685,4866.084400,-0.00898780860006809,-0.00917244702577591,-0.00262391939759254,0,1
686,4872.694820,-0.00934623740613461,-0.00917244702577591,-0.00262391939759254,0,1
687,4880.704560,-0.00950551964342594,-0.00917244702577591,-0.00262391939759254,0,1
688,4888.593260,-0.00958517100661993,-0.00917244702577591,-0.00262391939759254,0,1
689,4896.572400,-0.00962499622255564,-0.00917244702577591,-0.00262391939759254,0,1
690,4904.912420,-0.00962499622255564,-0.0268947519361973,0.0022408626973629,0,1
691,4912.772080,-0.00962499622255564,-0.0268947519361973,0.0022408626973629,0,1
692,4920.604460,-0.00966480281203985,-0.0268947519361973,0.0022408626973629,0,1
693,4929.393720,-0.00966480281203985,-0.0268947519361973,0.0022408626973629,0,1
694,4937.077200,-0.00966480281203985,-0.0268947519361973,0.0022408626973629,0,1
695,4944.995500,-0.00966480281203985,-0.0268947519361973,0.0022408626973629,0,1
696,4953.445100,-0.010255565866828,-0.0126113928854465,0.0022408626973629,0.0972956418991089,1
697,4961.128680,-0.0105004878714681,-0.0126113928854465,0.00707890838384628,0.0972956418991089,1
698,4968.901580,-0.0106535721570253,-0.0126113928854465,0.00707890838384628,0.0972956418991089,1
699,4975.082120,-0.0106535721570253,-0.0126113928854465,0.00707890838384628,0.0972956418991089,1
700,4981.194260,-0.0101943397894502,-0.0126113928854465,0.0118898525834084,0.0972956418991089,1
701,4987.564700,-0.00994358025491238,-0.0126113928854465,0.0118898525834084,0.0972956418991089,1
702,4993.755420,-0.00994358025491238,-0.0126113928854465,0.0118898525834084,0.0972956418991089,1
703,5000.439180,-0.010378036648035,-0.00244941562414169,0.0166706889867783,0.288596510887146,1
704,5006.639500,-0.0113377384841442,-0.00244941562414169,0.0166706889867783,0.288596510887146,1
705,5012.755820,-0.0113377384841442,-0.00244941562414169,0.0214193239808083,0.288596510887146,1
706,5020.682620,-0.0118331145495176,-0.00244941562414169,0.0214193239808083,0.288596510887146,1
707,5028.617440,-0.0120967868715525,-0.00244941562414169,0.026132807135582,0.288596510887146,1
708,5036.639020,-0.0117001533508301,-0.00244941562414169,0.026132807135582,0.288596510887146,1
709,5044.494760,-0.0117001533508301,-0.00244941562414169,0.0308107882738113,0.288596510887146,1
710,5052.581620,-0.0120223239064217,-0.0328857451677322,0.0308107882738113,0.282801985740662,1
711,5061.427680,-0.0121753886342049,-0.0328857451677322,0.0308107882738113,0.282801985740662,1
712,5069.173700,-0.0122832302004099,-0.0328857451677322,0.0354511812329292,0.282801985740662,1
713,5076.918760,-0.0122832302004099,-0.0328857451677322,0.0354511812329292,0.282801985740662,1
714,5084.815700,-0.012834319844842,-0.0328857451677322,0.0354511812329292,0.282801985740662,1
715,5092.725220,-0.0131098553538322,-0.0328857451677322,0.0354511812329292,0.282801985740662,1
716,5101.004340,-0.0137528041377664,-0.034609604626894,0.0354511812329292,0.0928078591823578,1
717,5108.132580,-0.0140895843505859,-0.034609604626894,0.0354511812329292,0.0928078591823578,1
718,5114.399400,-0.0140895843505859,-0.034609604626894,0.0354511812329292,0.0928078591823578,1
719,5120.581880,-0.0137528041377664,-0.034609604626894,0.0354511812329292,0.0928078591823578,1
720,5126.761280,-0.0135691072791815,-0.034609604626894,0.0354511812329292,0.0928078591823578,1
721,5132.856960,-0.0135691072791815,-0.034609604626894,0.0354511812329292,0.0928078591823578,1
722,5139.048420,-0.013477249071002,-0.034609604626894,0.0354511812329292,0.0928078591823578,1
723,5145.360820,-0.013477249071002,-0.034609604626894,0.0354511812329292,0.0928078591823578,1
724,5152.441060,-0.0139365009963512,-0.00367393717169762,0.0354511812329292,0,1
725,5158.906380,-0.0141814230009913,-0.00367393717169762,0.0354511812329292,0,1
726,5165.129480,-0.0141814230009913,-0.00367393717169762,0.0354511812329292,0,1
727,5171.424840,-0.013783416710794,-0.00367393717169762,0.0354511812329292,0,1
728,5177.589620,-0.0143921282142401,-0.00367393717169762,0.0354511812329292,0,1
729,5183.702740,-0.0143921282142401,-0.00367393717169762,0.0354511812329292,0,1
730,5189.839240,-0.0141220856457949,-0.00367393717169762,0.0354511812329292,0,1
731,5196.006060,-0.0141220856457949,-0.00367393717169762,0.0354511812329292,0,1
732,5202.736780,-0.0140489963814616,-0.00224990770220757,0.0354511812329292,0,1
733,5208.892560,-0.0139891430735588,-0.00224990770220757,0.0354511812329292,0,1
734,5215.030260,-0.0139891430735588,-0.00224990770220757,0.0354511812329292,0,1
735,5221.645900,-0.0139745138585567,-0.00224990770220757,0.0354511812329292,0,1
736,5227.835900,-0.013913287781179,-0.00224990770220757,0.0354511812329292,0,1
737,5234.017500,-0.013913287781179,-0.00224990770220757,0.0354511812329292,0,1
738,5242.005600,-0.0139599032700062,-0.00224990770220757,0.0354511812329292,0,1
739,5250.147340,-0.0139292906969786,0.00239411368966103,0.0354511812329292,0,1
740,5257.869860,-0.0139292906969786,0.00239411368966103,0.0354511812329292,0,1
741,5264.025980,-0.0139292906969786,0.00239411368966103,0.0354511812329292,0,1
742,5270.363600,-0.0139292906969786,0.00239411368966103,0.0354511812329292,0,1
743,5276.548860,-0.0136573407799006,0.00239411368966103,0.0354511812329292,0,1
744,5282.693240,-0.0136573407799006,0.00239411368966103,0.0354511812329292,0,1
745,5288.860160,-0.0135133741423488,0.00239411368966103,0.0354511812329292,0,1
746,5295.025900,-0.0135133741423488,0.00239411368966103,0.0354511812329292,0,1
747,5301.784640,-0.0134494015946984,0.0095977820456028,0.0354511812329292,0,1
748,5307.938080,-0.0134173966944218,0.0095977820456028,0.0354511812329292,0,1
749,5314.129000,-0.0134173966944218,0.0095977820456028,0.0354511812329292,0,1
750,5320.457520,-0.0134014133363962,0.0095977820456028,0.0354511812329292,0,1
751,5326.625500,-0.0134014133363962,0.0095977820456028,0.0354511812329292,0,1
752,5335.048900,-0.0134014133363962,0.0095977820456028,0.0354511812329292,0,1
753,5342.810740,-0.0133854104205966,0.0095977820456028,0.0354511812329292,0,1
754,5351.108420,-0.0133854104205966,0.00127982348203659,0.0354511812329292,0,1
755,5359.068740,-0.0133854104205966,0.00127982348203659,0.0354511812329292,0,1
756,5366.907560,-0.0133854104205966,0.00127982348203659,0.0354511812329292,0,1
757,5374.785280,-0.0133854104205966,0.00127982348203659,0.0354511812329292,0,1
758,5382.702160,-0.0133854104205966,0.00127982348203659,0.0354511812329292,0,1
759,5390.642420,-0.0139058874920011,0.00127982348203659,0.0354511812329292,0,1
760,5399.839200,-0.0136303333565593,-0.00489845871925354,0.0354511812329292,0,1
761,5407.695820,-0.0135078812018037,-0.00489845871925354,0.0354511812329292,0,1
762,5415.678080,-0.0135078812018037,-0.00489845871925354,0.0354511812329292,0,1
763,5423.589660,-0.0134466364979744,-0.00489845871925354,0.0354511812329292,0,1
764,5431.421400,-0.0134160229936242,-0.00489845871925354,0.0354511812329292,0,1
765,5439.150280,-0.0134160229936242,-0.00489845871925354,0.0354511812329292,0,1
766,5446.868580,-0.0134160229936242,-0.00489845871925354,0.0354511812329292,0,1
767,5454.989220,-0.0133854104205966,0.00489845871925354,0.0354511812329292,0,1
768,5462.914560,-0.0133854104205966,0.00489845871925354,0.0354511812329292,0,1
769,5470.821020,-0.0133854104205966,0.00489845871925354,0.0354511812329292,0,1
770,5478.783040,-0.0125930020585656,0.00489845871925354,0.0354511812329292,0,1
771,5486.726280,-0.0122201154008508,0.00489845871925354,0.0354511812329292,0,1
772,5494.828880,-0.0122201154008508,0.00489845871925354,0.0354511812329292,0,1
773,5503.003860,-0.0114665795117617,0.0383766181766987,0.0354511812329292,0,1
774,5511.067420,-0.0111284255981445,0.0383766181766987,0.0354511812329292,0,1
775,5517.405140,-0.0109290890395641,0.0383766181766987,0.0354511812329292,0,1
776,5523.548880,-0.0109290890395641,0.0383766181766987,0.0354511812329292,0,1
777,5529.660680,-0.0108678434044123,0.0383766181766987,0.0354511812329292,0,1
778,5535.823620,-0.0108678434044123,0.0383766181766987,0.0354511812329292,0,1
779,5541.972100,-0.0115826800465584,0.0383766181766987,0.0354511812329292,0,1
780,5548.147640,-0.0120021821931005,0.0383766181766987,0.0354511812329292,0,1
781,5555.426540,-0.0120021821931005,-0.0107120536267757,0.0354511812329292,0,1
782,5561.857960,-0.0108451461419463,-0.0107120536267757,0.0354511812329292,0,1
783,5568.018740,-0.0102739334106445,-0.0107120536267757,0.0354511812329292,0,1
784,5574.389960,-0.0102739334106445,-0.0107120536267757,0.0354511812329292,0,1
785,5580.543320,-0.00994754768908024,-0.0107120536267757,0.0354511812329292,0,1
786,5586.746580,-0.00982130039483309,-0.0107120536267757,0.0308107882738113,0,1
787,5592.870320,-0.00982130039483309,-0.0107120536267757,0.0308107882738113,0,1
788,5599.621440,-0.00973522197455168,0.0453392043709755,0.0308107882738113,-0.0928078591823578,1
789,5605.761980,-0.00973522197455168,0.0453392043709755,0.026132807135582,-0.0928078591823578,1
790,5611.888860,-0.00970462802797556,0.0453392043709755,0.026132807135582,-0.0928078591823578,1
791,5618.048580,-0.00966480281203985,0.0453392043709755,0.026132807135582,-0.0928078591823578,1
792,5624.422340,-0.00966480281203985,0.0453392043709755,0.0214193239808083,-0.0928078591823578,1
793,5630.550900,-0.00966480281203985,0.0453392043709755,0.0214193239808083,-0.0928078591823578,1
794,5636.927980,-0.00966480281203985,0.0453392043709755,0.0214193239808083,-0.0928078591823578,1
795,5643.048000,-0.00966480281203985,0.0453392043709755,0.0166706889867783,-0.0928078591823578,1
796,5649.783620,-0.00966480281203985,0.00140838325023651,0.0166706889867783,-0.282801985740662,1
797,5656.090460,-0.00966480281203985,0.00140838325023651,0.0166706889867783,-0.282801985740662,1
798,5663.924100,-0.00966480281203985,0.00140838325023651,0.0118898525834084,-0.282801985740662,1
799,5670.059000,-0.00966480281203985,0.00140838325023651,0.0118898525834084,-0.282801985740662,1
800,5676.485000,-0.00914505030959845,0.00140838325023651,0.0118898525834084,-0.282801985740662,1
801,5682.638380,-0.00914505030959845,0.00140838325023651,0.00707890838384628,-0.282801985740662,1
802,5688.839500,-0.00886989571154118,0.00140838325023651,0.00707890838384628,-0.282801985740662,1
803,5694.989620,-0.00886989571154118,0.00140838325023651,0.0022408626973629,-0.282801985740662,1
804,5701.708860,-0.00926734879612923,0.00794908031821251,0.0022408626973629,-0.288596510887146,1
805,5710.128560,-0.0087738037109375,0.00794908031821251,0.0022408626973629,-0.288596510887146,1
806,5717.886240,-0.00925449375063181,0.00794908031821251,-0.00262391939759254,-0.288596510887146,1
807,5726.013440,-0.00925449375063181,0.00794908031821251,-0.00262391939759254,-0.288596510887146,1
808,5733.847560,-0.00892459880560637,0.00794908031821251,-0.00262391939759254,-0.288596510887146,1
809,5741.683100,-0.00808265712112188,0.00794908031821251,-0.00262391939759254,-0.288596510887146,1
810,5749.966900,-0.00764179229736328,0.0325111299753189,-0.00262391939759254,-0.0972956418991089,1
811,5757.979660,-0.0074611664749682,0.0325111299753189,-0.00262391939759254,-0.0972956418991089,1
812,5765.834000,-0.0074611664749682,0.0325111299753189,-0.00262391939759254,-0.0972956418991089,1
813,5773.935360,-0.00735094072297215,0.0325111299753189,-0.00262391939759254,-0.0972956418991089,1
814,5781.785520,-0.00783088710159063,0.0325111299753189,-0.00262391939759254,-0.0972956418991089,1
815,5789.617520,-0.00803565979003906,0.0325111299753189,-0.00262391939759254,-0.0972956418991089,1
816,5797.644700,-0.00818851497024298,0.0325111299753189,-0.00262391939759254,-0.0972956418991089,1
817,5804.360480,-0.00818851497024298,-0.0109344534575939,-0.00262391939759254,0,1
818,5810.516640,-0.00892665889114141,-0.0109344534575939,-0.00262391939759254,0,1
819,5818.953500,-0.00931564345955849,-0.0109344534575939,-0.00262391939759254,0,1
820,5826.704920,-0.00931564345955849,-0.0109344534575939,-0.00262391939759254,0,1
821,5834.710260,-0.00947494525462389,-0.0109344534575939,-0.00262391939759254,0,1
822,5842.514000,-0.00958517100661993,-0.0109344534575939,-0.00262391939759254,0,1
823,5850.761820,-0.00894798245280981,-0.0151893496513367,-0.00262391939759254,0,1
824,5858.729260,-0.0093064121901989,-0.0151893496513367,-0.00262391939759254,0,1
825,5866.790440,-0.00946569442749023,-0.0151893496513367,-0.00262391939759254,0,1
826,5874.861580,-0.00946569442749023,-0.0151893496513367,-0.00262391939759254,0,1
827,5882.741040,-0.00958517100661993,-0.0151893496513367,-0.00262391939759254,0,1
828,5890.720340,-0.00962499622255564,-0.0151893496513367,-0.00262391939759254,0,1
829,5899.690800,-0.00962499622255564,-0.0135402753949165,-0.00262391939759254,0,1
830,5905.819760,-0.00962499622255564,-0.0135402753949165,-0.00262391939759254,0,1
831,5912.057080,-0.00966480281203985,-0.0135402753949165,-0.00262391939759254,0,1
832,5918.379420,-0.00966480281203985,-0.0135402753949165,-0.00262391939759254,0,1
833,5924.596960,-0.00966480281203985,-0.0135402753949165,-0.00262391939759254,0,1
834,5930.748880,-0.00966480281203985,-0.0135402753949165,-0.00262391939759254,0,1
835,5936.880720,-0.00966480281203985,-0.0135402753949165,-0.00262391939759254,0,1
836,5943.020860,-0.00966480281203985,-0.0135402753949165,0.0022408626973629,0,1
837,5949.735900,-0.00966480281203985,-0.000796131789684296,0.0022408626973629,0.0972956418991089,1
838,5956.517340,-0.00966480281203985,-0.000796131789684296,0.0022408626973629,0.0972956418991089,1
839,5962.984520,-0.00966480281203985,-0.000796131789684296,0.0022408626973629,0.0972956418991089,1
840,5969.138600,-0.00966480281203985,-0.000796131789684296,0.0022408626973629,0.0972956418991089,1
841,5975.472220,-0.00966480281203985,-0.000796131789684296,0.00707890838384628,0.0972956418991089,1
842,5981.694700,-0.0104408264160156,-0.000796131789684296,0.00707890838384628,0.0972956418991089,1
843,5987.837460,-0.0108137130737305,-0.000796131789684296,0.00707890838384628,0.0972956418991089,1
844,5994.012080,-0.0108137130737305,-0.000796131789684296,0.00707890838384628,0.0972956418991089,1
845,6000.720920,-0.0116375545039773,-0.0394550338387489,0.00707890838384628,0.0967609137296677,1
846,6006.892080,-0.0119757084175944,-0.0394550338387489,0.0118898525834084,0.0967609137296677,1
847,6012.996260,-0.0119757084175944,-0.0394550338387489,0.0118898525834084,0.0967609137296677,1
848,6019.158700,-0.0121753886342049,-0.0394550338387489,0.0118898525834084,0.0967609137296677,1
849,6025.527080,-0.0121753886342049,-0.0394550338387489,0.0118898525834084,0.0967609137296677,1
850,6031.654560,-0.0122366333380342,-0.0394550338387489,0.0118898525834084,0.0967609137296677,1
851,6037.835020,-0.012834319844842,-0.0394550338387489,0.0166706889867783,0.0967609137296677,1
852,6043.990260,-0.012834319844842,-0.0394550338387489,0.0166706889867783,0.0967609137296677,1
853,6050.713340,-0.0131098553538322,-0.0294460169970989,0.0166706889867783,0.19183561205864,1
854,6057.061560,-0.0132323261350393,-0.0294460169970989,0.0166706889867783,0.19183561205864,1
855,6063.686220,-0.0132323261350393,-0.0294460169970989,0.0214193239808083,0.19183561205864,1
856,6069.814840,-0.0133241843432188,-0.0294460169970989,0.0214193239808083,0.19183561205864,1
857,6076.035980,-0.0133241843432188,-0.0294460169970989,0.0214193239808083,0.19183561205864,1
858,6084.644820,-0.0133547969162464,-0.0294460169970989,0.0214193239808083,0.19183561205864,1
859,6092.547740,-0.0133547969162464,-0.0294460169970989,0.026132807135582,0.19183561205864,1
860,6100.947840,-0.0139058874920011,-0.0159206427633762,0.026132807135582,0.189242362976074,1
861,6108.761380,-0.0141508104279637,-0.0159206427633762,0.026132807135582,0.189242362976074,1
862,6116.645480,-0.0143038937821984,-0.0159206427633762,0.0308107882738113,0.189242362976074,1
863,6124.669160,-0.0143038937821984,-0.0159206427633762,0.0308107882738113,0.189242362976074,1
864,6132.541080,-0.0143651198595762,-0.0159206427633762,0.0308107882738113,0.189242362976074,1
865,6140.414640,-0.0151881407946348,-0.0159206427633762,0.0354511812329292,0.189242362976074,1
866,6148.096020,-0.0155610470101237,-0.0159206427633762,0.0354511812329292,0.189242362976074,1
867,6156.169880,-0.0155610470101237,-0.0331031903624535,0.0354511812329292,0.186367481946945,1
868,6164.036760,-0.015824718400836,-0.0331031903624535,0.0354511812329292,0.186367481946945,1
869,6172.571660,-0.0159179493784904,-0.0331031903624535,0.0400502607226372,0.186367481946945,1
870,6180.544760,-0.0159645453095436,-0.0331031903624535,0.0400502607226372,0.186367481946945,1
871,6188.493200,-0.0159645453095436,-0.0331031903624535,0.0400502607226372,0.186367481946945,1
872,6194.649800,-0.0159645453095436,-0.0331031903624535,0.0400502607226372,0.186367481946945,1
873,6201.156140,-0.0168035887181759,-0.0248508341610432,0.0400502607226372,0.0919815897941589,1
874,6209.750520,-0.0171764753758907,-0.0248508341610432,0.0400502607226372,0.0919815897941589,1
875,6217.588740,-0.017409535124898,-0.0248508341610432,0.0446052029728889,0.0919815897941589,1
876,6225.714100,-0.017409535124898,-0.0248508341610432,0.0446052029728889,0.0919815897941589,1
877,6233.621460,-0.0175027661025524,-0.0248508341610432,0.0446052029728889,0.0919815897941589,1
878,6241.483360,-0.0175493806600571,-0.0248508341610432,0.0446052029728889,0.0919815897941589,1
879,6250.435360,-0.0175493806600571,-0.0149158388376236,0.0446052029728889,0.0910988450050354,1
880,6258.456940,-0.0175959784537554,-0.0149158388376236,0.0446052029728889,0.0910988450050354,1
881,6266.393500,-0.0175959784537554,-0.0149158388376236,0.0446052029728889,0.0910988450050354,1
882,6274.166140,-0.0175959784537554,-0.0149158388376236,0.0446052029728889,0.0910988450050354,1
883,6282.025340,-0.0175959784537554,-0.0149158388376236,0.0446052029728889,0.0910988450050354,1
884,6289.711780,-0.0175959784537554,-0.0149158388376236,0.0446052029728889,0.0910988450050354,1
885,6295.890740,-0.0175959784537554,-0.0149158388376236,0.0446052029728889,0.0910988450050354,1
886,6302.586220,-0.0175959784537554,-0.000931955873966217,0.0446052029728889,0,1
887,6308.756740,-0.0175959784537554,-0.000931955873966217,0.0446052029728889,0,1
888,6314.933260,-0.0175959784537554,-0.000931955873966217,0.0446052029728889,0,1
889,6321.104820,-0.0175959784537554,-0.000931955873966217,0.0446052029728889,0,1
890,6327.436740,-0.0175959784537554,-0.000931955873966217,0.0446052029728889,0,1
891,6333.601600,-0.0175959784537554,-0.000931955873966217,0.0446052029728889,0,1
892,6339.708880,-0.0175959784537554,-0.000931955873966217,0.0446052029728889,0,1
893,6345.876860,-0.0175959784537554,-0.000931955873966217,0.0446052029728889,0,1
894,6352.767720,-0.0175959784537554,0,0.0446052029728889,0,1
895,6359.554040,-0.0175959784537554,0,0.0446052029728889,0,1
896,6365.687660,-0.0175959784537554,0,0.0446052029728889,0,1
897,6371.874700,-0.0175959784537554,0,0.0446052029728889,0,1
898,6378.031240,-0.0168035887181759,0,0.0446052029728889,0,1
899,6384.449560,-0.0168035887181759,0,0.0446052029728889,0,1
900,6390.584240,-0.0163840670138597,0,0.0446052029728889,0,1
901,6396.745060,-0.0161976236850023,0,0.0446052029728889,0,1
902,6403.430640,-0.0161976236850023,0.027967095375061,0.0446052029728889,0,1
903,6409.580260,-0.0161043927073479,0.027967095375061,0.0446052029728889,0,1
904,6415.727600,-0.0161043927073479,0.027967095375061,0.0446052029728889,0,1
905,6421.857660,-0.0160577781498432,0.027967095375061,0.0446052029728889,0,1
906,6428.013540,-0.0160577781498432,0.027967095375061,0.0446052029728889,0,1
907,6434.192720,-0.0160577781498432,0.027967095375061,0.0446052029728889,0,1
908,6440.476100,-0.014698295854032,0.027967095375061,0.0446052029728889,0,1
909,6446.633360,-0.0140498541295528,0.027967095375061,0.0446052029728889,0,1
910,6453.458520,-0.0140498541295528,0.0429553911089897,0.0446052029728889,0,1
911,6459.881320,-0.0129019161686301,0.0429553911089897,0.0446052029728889,0,1
912,6466.037240,-0.0129019161686301,0.0429553911089897,0.0446052029728889,0,1
913,6472.361860,-0.0123745538294315,0.0429553911089897,0.0446052029728889,0,1
914,6478.540720,-0.0133771514520049,0.0429553911089897,0.0446052029728889,0,1
915,6484.781060,-0.0133771514520049,0.0429553911089897,0.0446052029728889,0,1
916,6490.880200,-0.0139017486944795,0.0429553911089897,0.0446052029728889,0,1
917,6497.035080,-0.0136435888707638,0.0429553911089897,0.0446052029728889,0,1
918,6503.708720,-0.0136435888707638,0.00812530517578125,0.0446052029728889,0,1
919,6509.852840,-0.0135531239211559,0.00812530517578125,0.0446052029728889,0,1
920,6515.986500,-0.0135531239211559,0.00812530517578125,0.0446052029728889,0,1
921,6522.171500,-0.0134306522086263,0.00812530517578125,0.0400502607226372,0,1
922,6528.510440,-0.0134466364979744,0.00812530517578125,0.0400502607226372,0,1
923,6534.701920,-0.0134466364979744,0.00812530517578125,0.0400502607226372,0,1
924,6540.848740,-0.0134160229936242,0.00812530517578125,0.0400502607226372,0,1
925,6548.073680,-0.0133854104205966,0.00812530517578125,0.0354511812329292,0,1
926,6556.911860,-0.0133854104205966,0.00516356900334358,0.0354511812329292,-0.183080434799194,1
927,6564.737980,-0.0133854104205966,0.00516356900334358,0.0308107882738113,-0.183080434799194,1
928,6572.651540,-0.0133854104205966,0.00516356900334358,0.0308107882738113,-0.183080434799194,1
929,6580.538080,-0.0125930020585656,0.00516356900334358,0.026132807135582,-0.183080434799194,1
930,6588.378560,-0.0116530228406191,0.00516356900334358,0.026132807135582,-0.183080434799194,1
931,6596.155120,-0.0116530228406191,0.00516356900334358,0.0214193239808083,-0.183080434799194,1
932,6604.570700,-0.0120140453800559,0.0274273008108139,0.0166706889867783,-0.280637145042419,1
933,6612.384440,-0.0121872518211603,0.0274273008108139,0.0166706889867783,-0.280637145042419,1
934,6620.355100,-0.0117453765124083,0.0274273008108139,0.0118898525834084,-0.280637145042419,1
935,6627.957780,-0.0115164564922452,0.0274273008108139,0.0118898525834084,-0.280637145042419,1
936,6635.800680,-0.0115164564922452,0.0274273008108139,0.00707890838384628,-0.280637145042419,1
937,6643.782100,-0.0105933379381895,0.0274273008108139,0.00707890838384628,-0.280637145042419,1
938,6652.022800,-0.010100974701345,0.0382614135742188,0.0022408626973629,-0.383569210767746,1
939,6659.988900,-0.00987468753010035,0.0382614135742188,0.0022408626973629,-0.383569210767746,1
940,6667.836120,-0.00924602523446083,0.0382614135742188,0.0022408626973629,-0.383569210767746,1
941,6676.427020,-0.00924602523446083,0.0382614135742188,0.0022408626973629,-0.383569210767746,1
942,6684.429380,-0.00890045147389174,0.0382614135742188,0.0022408626973629,-0.383569210767746,1
943,6692.135360,-0.00874759629368782,0.0382614135742188,0.0022408626973629,-0.383569210767746,1
944,6700.611580,-0.00920620001852512,0.0178954936563969,0.0022408626973629,0,1
945,6708.695200,-0.00942020397633314,0.0178954936563969,0.0022408626973629,0,1
946,6716.667540,-0.0095425033941865,0.0178954936563969,0.0022408626973629,0,1
947,6724.841900,-0.0095425033941865,0.0178954936563969,0.0022408626973629,0,1
948,6731.036620,-0.00960365310311317,0.0178954936563969,0.0022408626973629,0,1
949,6737.360460,-0.00963424704968929,0.0178954936563969,0.0022408626973629,0,1
950,6743.546200,-0.00963424704968929,0.0178954936563969,0.0022408626973629,0,1
951,6750.043740,-0.00966480281203985,-0.00917205587029457,0.0022408626973629,0,1
952,6756.783420,-0.00898780860006809,-0.00917205587029457,0.0022408626973629,0,1
953,6763.174220,-0.00898780860006809,-0.00917205587029457,0.0022408626973629,0,1
954,6769.491900,-0.00866924319416285,-0.00917205587029457,0.0022408626973629,0,1
955,6775.677620,-0.00866924319416285,-0.00917205587029457,0.0022408626973629,0,1
956,6781.856900,-0.00791976973414421,-0.00917205587029457,0.0022408626973629,0,1
957,6788.068620,-0.00759553909301758,-0.00917205587029457,0.0022408626973629,0,1
958,6794.350320,-0.00759553909301758,-0.00917205587029457,0.0022408626973629,0,1
959,6800.912100,-0.00688308710232377,0.0556343123316765,0.0022408626973629,0,1
960,6807.069420,-0.00657733902335167,0.0556343123316765,0.0022408626973629,0,1
961,6813.389420,-0.00657733902335167,0.0556343123316765,0.0022408626973629,0,1
962,6819.534780,-0.00687385536730289,0.0556343123316765,0.0022408626973629,0,1
963,6825.746440,-0.00687385536730289,0.0556343123316765,0.0022408626973629,0,1
964,6831.867900,-0.00705728540197015,0.0556343123316765,0.0022408626973629,0,1
965,6838.012780,-0.00837633106857538,0.0556343123316765,0.0022408626973629,0,1
966,6844.185880,-0.00837633106857538,0.0556343123316765,0.0022408626973629,0,1
967,6850.896860,-0.00904048886150122,-0.0431480333209038,0.0022408626973629,0,1
968,6857.592640,-0.00867565162479877,-0.0431480333209038,0.0022408626973629,0,1
969,6863.795480,-0.00867565162479877,-0.0431480333209038,0.0022408626973629,0,1
970,6870.016760,-0.00845802295953035,-0.0431480333209038,0.0022408626973629,0,1
971,6876.352700,-0.00845802295953035,-0.0431480333209038,0.0022408626973629,0,1
972,6882.497440,-0.00907670985907316,-0.0431480333209038,0.0022408626973629,0,1
973,6888.718440,-0.00883571617305279,-0.0431480333209038,0.0022408626973629,0,1
974,6894.909680,-0.00883571617305279,-0.0431480333209038,0.0022408626973629,0,1
975,6901.591240,-0.00871984474360943,0.00641288235783577,0.0022408626973629,0,1
976,6907.800080,-0.00863737147301435,0.00641288235783577,0.0022408626973629,0,1
977,6914.062560,-0.00863737147301435,0.00641288235783577,0.0022408626973629,0,1
978,6920.189320,-0.00916637387126684,0.00641288235783577,0.0022408626973629,0,1
979,6926.545380,-0.00942020397633314,0.00641288235783577,0.0022408626973629,0,1
980,6932.619840,-0.00942020397633314,0.00641288235783577,0.0022408626973629,0,1
981,6940.560120,-0.0095425033941865,0.00641288235783577,0.0022408626973629,0,1
982,6948.833620,-0.00960365310311317,-0.0176761671900749,0.0022408626973629,0,1
983,6957.572540,-0.00963424704968929,-0.0176761671900749,0.0022408626973629,0,1
984,6965.554740,-0.00963424704968929,-0.0176761671900749,0.00707890838384628,0,1
985,6973.459720,-0.00966480281203985,-0.0176761671900749,0.00707890838384628,0,1
986,6981.134440,-0.00966480281203985,-0.0176761671900749,0.00707890838384628,0,1
987,6987.431980,-0.00966480281203985,-0.0176761671900749,0.00707890838384628,0,1
988,6993.682220,-0.00966480281203985,-0.0176761671900749,0.00707890838384628,0,1
989,7000.348120,-0.00966480281203985,-0.00122299417853355,0.00707890838384628,0.0967609137296677,1
990,7006.567880,-0.00966480281203985,-0.00122299417853355,0.00707890838384628,0.0967609137296677,1
991,7012.691620,-0.00966480281203985,-0.00122299417853355,0.00707890838384628,0.0967609137296677,1
992,7018.882300,-0.010255565866828,-0.00122299417853355,0.00707890838384628,0.0967609137296677,1
993,7025.085500,-0.010255565866828,-0.00122299417853355,0.00707890838384628,0.0967609137296677,1
994,7033.056880,-0.0105004878714681,-0.00122299417853355,0.00707890838384628,0.0967609137296677,1
995,7040.905100,-0.0106535721570253,-0.00122299417853355,0.00707890838384628,0.0967609137296677,1
996,7049.133580,-0.0107148168608546,-0.0210002809762955,0.00707890838384628,0,1
997,7057.039420,-0.0107454303652048,-0.0210002809762955,0.00707890838384628,0,1
998,7064.817240,-0.0107454303652048,-0.0210002809762955,0.00707890838384628,0,1
999,7072.911900,-0.0115214344114065,-0.0210002809762955,0.00707890838384628,0,1
1000,7080.856520,-0.011924953199923,-0.0210002809762955,0.00707890838384628,0,1
1001,7089.577640,-0.0121580120176077,-0.0210002809762955,0.00707890838384628,0,1
1002,7097.642280,-0.0130436513572931,-0.0210002809762955,0.00707890838384628,0,1
1003,7106.030580,-0.0130436513572931,-0.0465766899287701,0.00707890838384628,0,1
1004,7113.911740,-0.0134631730616093,-0.0465766899287701,0.00707890838384628,0,1
1005,7121.882700,-0.0134242819622159,-0.0465766899287701,0.00707890838384628,0,1
1006,7129.921280,-0.0133895492181182,-0.0465766899287701,0.00707890838384628,0,1
1007,7137.190160,-0.0134027861058712,-0.0465766899287701,0.00707890838384628,0,1
1008,7145.763400,-0.0134027861058712,-0.0465766899287701,0.00707890838384628,0,1
1009,7154.721460,-0.0134173966944218,-0.00747490674257278,0.0118898525834084,0.0962188839912415,1
1010,7162.645800,-0.0134014133363962,-0.00747490674257278,0.0118898525834084,0.0962188839912415,1
1011,7170.546100,-0.0133547969162464,-0.00747490674257278,0.0166706889867783,0.0962188839912415,1
1012,7178.407060,-0.0133854104205966,-0.00747490674257278,0.0166706889867783,0.0962188839912415,1
1013,7185.362620,-0.0133854104205966,-0.00747490674257278,0.0214193239808083,0.0962188839912415,1
1014,7191.564720,-0.0133854104205966,-0.00747490674257278,0.0214193239808083,0.0962188839912415,1
1015,7197.748520,-0.0133854104205966,-0.00747490674257278,0.026132807135582,0.0962188839912415,1
1016,7204.457860,-0.0133854104205966,0.000639725476503372,0.0308107882738113,0.284859091043472,1
1017,7210.561540,-0.0133854104205966,0.000639725476503372,0.0308107882738113,0.284859091043472,1
1018,7217.010720,-0.0133854104205966,0.000639725476503372,0.0354511812329292,0.284859091043472,1
1019,7223.143740,-0.0133854104205966,0.000639725476503372,0.0400502607226372,0.284859091043472,1
1020,7229.478040,-0.0133854104205966,0.000639725476503372,0.0400502607226372,0.284859091043472,1
1021,7235.649240,-0.0133854104205966,0.000639725476503372,0.0446052029728889,0.284859091043472,1
1022,7241.783420,-0.0139058874920011,0.000639725476503372,0.049117311835289,0.284859091043472,1
1023,7247.925840,-0.0141508104279637,0.000639725476503372,0.0535845682024956,0.284859091043472,1
1024,7254.887060,-0.0141508104279637,-0.0153080001473427,0.0535845682024956,0.54903519153595,1
1025,7261.606200,-0.0150963021442294,-0.0153080001473427,0.0580009445548058,0.54903519153595,1
1026,7267.785940,-0.0155770489946008,-0.0153080001473427,0.0580009445548058,0.54903519153595,1
1027,7273.966340,-0.0155770489946008,-0.0153080001473427,0.0623677521944046,0.54903519153595,1
1028,7281.642140,-0.0171069912612438,-0.0153080001473427,0.0623677521944046,0.54903519153595,1
1029,7289.531400,-0.0178486630320549,-0.0153080001473427,0.0623677521944046,0.54903519153595,1
1030,7297.537260,-0.0169379040598869,-0.0153080001473427,0.0623677521944046,0.54903519153595,1
1031,7305.780800,-0.0169379040598869,-0.055741872638464,0.0623677521944046,0.175663679838181,1
1032,7313.665240,-0.0164745338261127,-0.055741872638464,0.0623677521944046,0.175663679838181,1
1033,7321.591560,-0.0162428673356771,-0.055741872638464,0.0623677521944046,0.175663679838181,1
1034,7328.463740,-0.0161190219223499,-0.055741872638464,0.0623677521944046,0.175663679838181,1
1035,7334.628800,-0.0161190219223499,-0.055741872638464,0.0623677521944046,0.175663679838181,1
1036,7340.765420,-0.0174012761563063,-0.055741872638464,0.0580009445548058,0.175663679838181,1
1037,7346.895540,-0.0180191043764353,-0.055741872638464,0.0580009445548058,0.175663679838181,1
1038,7353.602900,-0.0180191043764353,-0.0216240063309669,0.0580009445548058,-0.0873361527919769,1
1039,7360.611100,-0.0178075414150953,-0.0216240063309669,0.0535845682024956,-0.0873361527919769,1
1040,7366.782760,-0.0176864620298147,-0.0216240063309669,0.0535845682024956,-0.0873361527919769,1
1041,7372.920180,-0.0176864620298147,-0.0216240063309669,0.0535845682024956,-0.0873361527919769,1
1042,7379.128200,-0.0181616973131895,-0.0216240063309669,0.0535845682024956,-0.0873361527919769,1
1043,7387.718940,-0.0183760076761246,-0.0216240063309669,0.049117311835289,-0.0873361527919769,1
1044,7395.618020,-0.0183760076761246,-0.0216240063309669,0.049117311835289,-0.0873361527919769,1
1045,7403.953800,-0.0177526846528053,0.00532839447259903,0.049117311835289,-0.177672654390335,1
1046,7411.778760,-0.0173637773841619,0.00532839447259903,0.049117311835289,-0.177672654390335,1
1047,7419.459880,-0.0158950798213482,0.00532839447259903,0.049117311835289,-0.177672654390335,1
1048,7427.125500,-0.0151840206235647,0.00532839447259903,0.049117311835289,-0.177672654390335,1
1049,7435.025740,-0.0151840206235647,0.00532839447259903,0.0446052029728889,-0.177672654390335,1
1050,7442.805320,-0.0147818755358458,0.00532839447259903,0.0446052029728889,-0.177672654390335,1
1051,7450.868420,-0.0146274184808135,0.0625053197145462,0.0446052029728889,-0.0902421772480011,1
1052,7459.462640,-0.0139831164851785,0.0625053197145462,0.0446052029728889,-0.0902421772480011,1
1053,7467.071380,-0.0137075809761882,0.0625053197145462,0.0446052029728889,-0.0902421772480011,1
1054,7474.942700,-0.0137075809761882,0.0625053197145462,0.0446052029728889,-0.0902421772480011,1
1055,7481.872020,-0.0135384937748313,0.0625053197145462,0.0446052029728889,-0.0902421772480011,1
1056,7489.645260,-0.0134466364979744,0.0625053197145462,0.0446052029728889,-0.0902421772480011,1
1057,7497.165940,-0.0134160229936242,0.0625053197145462,0.0446052029728889,-0.0902421772480011,1
1058,7505.894460,-0.0134160229936242,0.0242279097437859,0.0446052029728889,0,1
1059,7512.848860,-0.0134160229936242,0.0242279097437859,0.0446052029728889,0,1
1060,7520.594780,-0.0131134800612926,0.0242279097437859,0.0446052029728889,0,1
1061,7528.057200,-0.0130161289125681,0.0242279097437859,0.0446052029728889,0,1
1062,7535.739640,-0.0130161289125681,0.0242279097437859,0.0446052029728889,0,1
1063,7543.525760,-0.0131774712353945,0.0242279097437859,0.0446052029728889,0,1
1064,7551.641860,-0.0132894329726696,0.00253180041909218,0.0446052029728889,0,1
1065,7559.481440,-0.0133374212309718,0.00253180041909218,0.0400502607226372,0,1
1066,7567.142700,-0.0133534241467714,0.00253180041909218,0.0400502607226372,0,1
1067,7574.954080,-0.0133534241467714,0.00253180041909218,0.0354511812329292,0,1
1068,7582.540600,-0.012848949059844,0.00253180041909218,0.0354511812329292,0,1
1069,7590.080920,-0.0126200104132295,0.00253180041909218,0.0308107882738113,0,1
1070,7597.702920,-0.0119464490562677,0.00253180041909218,0.0308107882738113,0,1
1071,7605.756380,-0.0119464490562677,0.0268596783280373,0.026132807135582,-0.275888293981552,1
1072,7613.195500,-0.0121607594192028,0.0268596783280373,0.0214193239808083,-0.275888293981552,1
1073,7620.778900,-0.0119806863367558,0.0268596783280373,0.0166706889867783,-0.275888293981552,1
1074,7628.524820,-0.0113468552008271,0.0268596783280373,0.0166706889867783,-0.275888293981552,1
1075,7636.002760,-0.0113468552008271,0.0268596783280373,0.0118898525834084,-0.275888293981552,1
1076,7643.631300,-0.0110379410907626,0.0268596783280373,0.00707890838384628,-0.275888293981552,1
1077,7651.614960,-0.010914116166532,0.020646657794714,0.0022408626973629,-0.474637597799301,1
1078,7659.600960,-0.0097970012575388,0.020646657794714,-0.00262391939759254,-0.474637597799301,1
1079,7667.511440,-0.00921571720391512,0.020646657794714,-0.00262391939759254,-0.474637597799301,1
1080,7675.186940,-0.00921571720391512,0.020646657794714,-0.00751330703496933,-0.474637597799301,1
1081,7682.846800,-0.00890689808875322,0.020646657794714,-0.0124224834144115,-0.474637597799301,1
1082,7690.440760,-0.00805850978940725,0.020646657794714,-0.0124224834144115,-0.474637597799301,1
1083,7697.981380,-0.00766952522099018,0.020646657794714,-0.0124224834144115,-0.474637597799301,1
1084,7706.057920,-0.00766952522099018,0.0648918151855469,-0.0173510611057281,-0.390027821063995,1
1085,7713.772620,-0.00747041683644056,0.0648918151855469,-0.0173510611057281,-0.390027821063995,1
1086,7721.571500,-0.00680061336606741,0.0648918151855469,-0.022297777235508,-0.390027821063995,1
1087,7729.371940,-0.00651618978008628,0.0648918151855469,-0.022297777235508,-0.390027821063995,1
1088,7737.151720,-0.0056863403879106,0.0648918151855469,-0.022297777235508,-0.390027821063995,1
1089,7744.932840,-0.0056863403879106,0.0648918151855469,-0.022297777235508,-0.390027821063995,1
1090,7752.894660,-0.00526678096503019,0.0480548851191998,-0.022297777235508,-0.197505876421928,1
1091,7760.676680,-0.00503707863390446,0.0480548851191998,-0.022297777235508,-0.197505876421928,1
1092,7768.190600,-0.00495742820203304,0.0480548851191998,-0.0173510611057281,-0.197505876421928,1
1093,7775.917300,-0.00495742820203304,0.0480548851191998,-0.0173510611057281,-0.197505876421928,1
1094,7783.597980,-0.00488704675808549,0.0480548851191998,-0.0173510611057281,-0.197505876421928,1
1095,7791.135920,-0.00488704675808549,0.0480548851191998,-0.0173510611057281,-0.197505876421928,1
1096,7799.395520,-0.00484722154214978,0.00839118845760822,-0.0173510611057281,0.0989343225955963,1
1097,7807.065320,-0.00484722154214978,0.00839118845760822,-0.0173510611057281,0.0989343225955963,1
1098,7814.931860,-0.00484722154214978,0.00839118845760822,-0.0173510611057281,0.0989343225955963,1
1099,7822.548600,-0.00552421575412154,0.00839118845760822,-0.0173510611057281,0.0989343225955963,1
1100,7830.106360,-0.00588262546807528,0.00839118845760822,-0.0173510611057281,0.0989343225955963,1
1101,7837.848180,-0.0060419081710279,0.00839118845760822,-0.0173510611057281,0.0989343225955963,1
1102,7845.585020,-0.0060419081710279,0.00839118845760822,-0.0173510611057281,0.0989343225955963,1
1103,7853.697520,-0.0061215590685606,-0.0254867505282164,-0.0173510611057281,0,1
1104,7861.446900,-0.00683837896212935,-0.0254867505282164,-0.0173510611057281,0,1
1105,7869.106480,-0.00703956605866551,-0.0254867505282164,-0.0173510611057281,0,1
1106,7876.905740,-0.00715543748810887,-0.0254867505282164,-0.0173510611057281,0,1
1107,7884.734960,-0.00715543748810887,-0.0254867505282164,-0.0173510611057281,0,1
1108,7892.562620,-0.00719806691631675,-0.0254867505282164,-0.0173510611057281,0,1
1109,7900.671400,-0.00602264422923326,0.00197829678654671,-0.0173510611057281,0,1
1110,7908.382740,-0.00593940727412701,0.00197829678654671,-0.0173510611057281,0,1
1111,7915.922640,-0.00593940727412701,0.00197829678654671,-0.0173510611057281,0,1
1112,7923.599640,-0.0058931540697813,0.00197829678654671,-0.0173510611057281,0,1
1113,7931.097680,-0.00590522773563862,0.00197829678654671,-0.0173510611057281,0,1
1114,7938.801740,-0.00709274271503091,0.00197829678654671,-0.0173510611057281,0,1
1115,7946.596120,-0.00709274271503091,0.00197829678654671,-0.0173510611057281,0,1
1116,7954.684620,-0.00771705619990826,-0.0338882394134998,-0.0173510611057281,0,1
1117,7962.609960,-0.00799865741282701,-0.0338882394134998,-0.0173510611057281,0,1
1118,7970.649580,-0.00817001331597567,-0.0338882394134998,-0.0173510611057281,0,1
1119,7978.464240,-0.00891742669045925,-0.0338882394134998,-0.0173510611057281,0,1
1120,7986.356060,-0.00891742669045925,-0.0338882394134998,-0.0173510611057281,0,1
1121,7994.038260,-0.00927581824362278,-0.0338882394134998,-0.0173510611057281,0,1
1122,8002.934340,-0.00950551964342594,-0.0357692688703537,-0.0124224834144115,0.0985715538263321,1
1123,8010.038340,-0.00958517100661993,-0.0357692688703537,-0.0124224834144115,0.0985715538263321,1
