time,pos,vel,ang,angvel
3.06839136,-0.129908263683319,0.989746153354645,0.103982754051685,0
3.07617842,-0.12703737616539,0.989746153354645,0.103982754051685,0
3.0840338,-0.12703737616539,0.989746153354645,0.103982754051685,0
3.09165558,-0.125692158937454,0.989746153354645,0.103982754051685,0
3.0993762,-0.125017464160919,0.989746153354645,0.103982754051685,0
3.10721598,-0.124482028186321,0.989746153354645,0.103982754051685,0
3.11538474,-0.124109722673893,0.216614753007889,0.103982754051685,0
3.12337746,-0.124109722673893,0.216614753007889,0.103982754051685,0
3.13121852,-0.127102568745613,0.216614753007889,0.103982754051685,0
3.13995202,-0.128690004348755,0.216614753007889,0.103982754051685,0
3.14735134,-0.125912174582481,0.216614753007889,0.103982754051685,0
3.15394442,-0.125912174582481,0.216614753007889,0.103982754051685,0
3.16217376,-0.124315984547138,0.00332087278366089,0.103982754051685,0
3.17002162,-0.12351580709219,0.00332087278366089,0.103982754051685,0
3.17793072,-0.12311365455389,0.00332087278366089,0.100242622196674,0
3.18542596,-0.122813053429127,0.00332087278366089,0.100242622196674,0
3.19319958,-0.122813053429127,0.00332087278366089,0.100242622196674,0
3.20123288,-0.122560270130634,0.00332087278366089,0.0964334979653358,0
3.2076035,-0.122434787452221,0.00332087278366089,0.0925570800900459,0
3.21415594,-0.122434787452221,0.0376239418983459,0.0925570800900459,-0.228513479232788
3.2202987,-0.122375041246414,0.0376239418983459,0.0886150822043419,-0.228513479232788
3.22637366,-0.120005413889885,0.0376239418983459,0.0886150822043419,-0.228513479232788
3.23247424,-0.120005413889885,0.0376239418983459,0.0846092328429222,-0.228513479232788
3.23859106,-0.118900582194328,0.0376239418983459,0.0846092328429222,-0.228513479232788
3.24487324,-0.118900582194328,0.0376239418983459,0.0846092328429222,-0.228513479232788
3.2515327,-0.120426371693611,0.0376239418983459,0.0805413499474525,-0.228513479232788
3.25818008,-0.121328867971897,0.0221183896064758,0.0805413499474525,-0.240314602851868
3.26430302,-0.121328867971897,0.0221183896064758,0.0805413499474525,-0.240314602851868
3.27040252,-0.121613219380379,0.0221183896064758,0.0805413499474525,-0.240314602851868
3.2764787,-0.121684096753597,0.0221183896064758,0.0846092328429222,-0.240314602851868
3.2825917,-0.121684096753597,0.0221183896064758,0.0846092328429222,-0.240314602851868
3.28888744,-0.125015318393707,0.0221183896064758,0.0846092328429222,-0.240314602851868
3.29495826,-0.125015318393707,0.0221183896064758,0.0886150822043419,-0.240314602851868
3.301063,-0.123351596295834,0.0221183896064758,0.0886150822043419,-0.240314602851868
3.30712496,-0.119942359626293,0.0221183896064758,0.0925570800900459,-0.240314602851868
3.31359688,-0.119942359626293,0.0277301669120789,0.0964334979653358,0.240314602851868
3.31986372,-0.118558332324028,0.0277301669120789,0.0964334979653358,0.240314602851868
3.32595814,-0.119947507977486,0.0277301669120789,0.100242622196674,0.240314602851868
3.33206176,-0.119947507977486,0.0277301669120789,0.103982754051685,0.240314602851868
3.33820244,-0.120713397860527,0.0277301669120789,0.107652314007282,0.240314602851868
3.34433154,-0.120713397860527,0.0277301669120789,0.11124961823225,0.240314602851868
3.35100152,-0.120997741818428,0.0277301669120789,0.114773206412792,0.240314602851868
3.35710846,-0.121205225586891,0.0277301669120789,0.121592633426189,0.240314602851868
3.36518882,-0.121205225586891,-0.0252573192119598,0.124885596334934,0.58071106672287
3.37298216,-0.121169373393059,-0.0252573192119598,0.131230711936951,0.58071106672287
3.38021932,-0.121305428445339,-0.0252573192119598,0.134280055761337,0.58071106672287
3.38626208,-0.121191889047623,-0.0252573192119598,0.137245446443558,0.58071106672287
3.39241186,-0.121191889047623,-0.0252573192119598,0.140125632286072,0.58071106672287
3.39852772,-0.121138118207455,-0.0252573192119598,0.142919301986694,0.58071106672287
3.40461552,-0.121138118207455,-0.0252573192119598,0.14562526345253,0.58071106672287
3.411225,-0.124497249722481,-0.065840482711792,0.148242264986038,0.532992601394653
3.41730562,-0.126071020960808,-0.065840482711792,0.150769174098969,0.532992601394653
3.42344692,-0.126071020960808,-0.065840482711792,0.15320497751236,0.532992601394653
3.429582,-0.127029806375504,-0.065840482711792,0.155548453330994,0.532992601394653
3.43563726,-0.127314135432243,-0.065840482711792,0.157798707485199,0.532992601394653
3.44191514,-0.127314135432243,-0.065840482711792,0.157798707485199,0.532992601394653
3.44810276,-0.127351716160774,-0.065840482711792,0.159954637289047,0.532992601394653
3.4549901,-0.127351716160774,-0.065840482711792,0.162015348672867,0.532992601394653
3.46141532,-0.127172455191612,-0.0535041093826294,0.162015348672867,0.275461673736572
3.4683458,-0.123845927417278,-0.0535041093826294,0.163979947566986,0.275461673736572
3.47611808,-0.121851742267609,-0.0535041093826294,0.163979947566986,0.275461673736572
3.4840192,-0.121851742267609,-0.0535041093826294,0.165847539901733,0.275461673736572
3.49205506,-0.120858535170555,-0.0535041093826294,0.167617321014404,0.275461673736572
3.49966066,-0.120160236954689,-0.0535041093826294,0.169288486242294,0.275461673736572
3.50736658,-0.117212273180485,-0.0535041093826294,0.169288486242294,0.275461673736572
3.51545402,-0.115712307393551,0.199203640222549,0.170860320329666,0.14546275138855
3.52332176,-0.115712307393551,0.199203640222549,0.172332137823105,0.14546275138855
3.53136618,-0.112431548535824,0.199203640222549,0.17370331287384,0.14546275138855
3.53915554,-0.110401518642902,0.199203640222549,0.17497318983078,0.14546275138855
3.5470439,-0.111749477684498,0.199203640222549,0.17497318983078,0.14546275138855
3.55493284,-0.111749477684498,0.199203640222549,0.176141262054443,0.14546275138855
3.56219958,-0.112304046750069,0.0981645286083221,0.177206963300705,0.158369541168213
3.56835006,-0.112475492060184,0.0981645286083221,0.178169846534729,0.158369541168213
3.5744186,-0.112475492060184,0.0981645286083221,0.178169846534729,0.158369541168213
3.5823368,-0.112405814230442,0.0981645286083221,0.178169846534729,0.158369541168213
3.59017356,-0.109330959618092,0.0981645286083221,0.178169846534729,0.158369541168213
3.59820558,-0.107648782432079,0.0981645286083221,0.178169846534729,0.158369541168213
3.60596282,-0.106610707938671,0.0981645286083221,0.177206963300705,0.158369541168213
3.61408906,-0.106610707938671,0.113866776227951,0.177206963300705,0
3.62200808,-0.104112178087235,0.113866776227951,0.176141262054443,0
3.62813394,-0.10117894411087,0.113866776227951,0.17497318983078,0
3.6342173,-0.10117894411087,0.113866776227951,0.17370331287384,0
3.64040056,-0.0989453122019768,0.113866776227951,0.17370331287384,0
3.646466,-0.0971821695566177,0.113866776227951,0.172332137823105,0
3.6535105,-0.0971821695566177,0.113866776227951,0.169288486242294,0
3.66010506,-0.0955099686980248,0.222014784812927,0.167617321014404,-0.158369541168213
3.6662083,-0.0944261774420738,0.222014784812927,0.165847539901733,-0.158369541168213
3.67232872,-0.0944261774420738,0.222014784812927,0.163979947566986,-0.158369541168213
3.67842054,-0.0933789983391762,0.222014784812927,0.159954637289047,-0.158369541168213
3.6845201,-0.0933789983391762,0.222014784812927,0.157798707485199,-0.158369541168213
3.69085414,-0.0920030400156975,0.222014784812927,0.15320497751236,-0.158369541168213
3.6969262,-0.090828649699688,0.222014784812927,0.148242264986038,-0.158369541168213
3.70300958,-0.090828649699688,0.222014784812927,0.14562526345253,-0.158369541168213
3.70939256,-0.0867986902594566,0.174225568771362,0.140125632286072,-0.583257079124451
3.71551858,-0.08439552038908,0.174225568771362,0.134280055761337,-0.583257079124451
3.72163436,-0.08439552038908,0.174225568771362,0.128098756074905,-0.583257079124451
3.72792042,-0.0807315409183502,0.174225568771362,0.121592633426189,-0.583257079124451
3.73400824,-0.0807315409183502,0.174225568771362,0.114773206412792,-0.583257079124451
3.74010776,-0.0785598829388618,0.174225568771362,0.107652314007282,-0.583257079124451
3.74618642,-0.0768963620066643,0.174225568771362,0.100242622196674,-0.583257079124451
3.7528656,-0.0768963620066643,0.174225568771362,0.0886150822043419,-0.583257079124451
3.75932572,-0.075719453394413,0.221584737300873,0.0805413499474525,-1.19168567657471
3.76540138,-0.0743227377533913,0.221584737300873,0.0722264125943184,-1.19168567657471
3.77157314,-0.0743227377533913,0.221584737300873,0.0636849924921989,-1.19168567657471
3.77763262,-0.0732597708702087,0.221584737300873,0.0549320131540298,-1.19168567657471
3.783888,-0.0732597708702087,0.221584737300873,0.0459829717874527,-1.19168567657471
3.79003358,-0.0702988356351852,0.221584737300873,0.0368535816669464,-1.19168567657471
3.79615098,-0.0667082294821739,0.221584737300873,0.0322262197732925,-1.19168567657471
3.80219698,-0.0667082294821739,0.221584737300873,0.0228564739227295,-1.19168567657471
3.80861478,-0.0636845678091049,0.240697711706162,0.0181181281805038,-1.2484644651413
3.81467808,-0.0636845678091049,0.240697711706162,0.00854512304067612,-1.2484644651413
3.82099752,-0.0616844557225704,0.240697711706162,0.00371459499001503,-1.2484644651413
3.82710072,-0.0587809197604656,0.240697711706162,0.00371459499001503,-1.2484644651413
3.83323452,-0.0587809197604656,0.240697711706162,-0.00114241242408752,-1.2484644651413
3.8394108,-0.0565928667783737,0.240697711706162,-0.00114241242408752,-1.2484644651413
3.84548764,-0.0535770505666733,0.240697711706162,-0.00114241242408752,-1.2484644651413
3.8521572,-0.0535770505666733,0.240697711706162,-0.00602381676435471,-1.2484644651413
3.86031926,-0.0496420376002789,0.28085058927536,-0.00602381676435471,-0.482838898897171
3.86813122,-0.0477841645479202,0.28085058927536,-0.00602381676435471,-0.482838898897171
3.87595418,-0.0477841645479202,0.28085058927536,-0.00602381676435471,-0.482838898897171
3.88392534,-0.0443989485502243,0.28085058927536,-0.00602381676435471,-0.482838898897171
3.89154156,-0.0420978628098965,0.28085058927536,-0.00602381676435471,-0.482838898897171
3.8993721,-0.0405090339481831,0.28085058927536,-0.00114241242408752,-0.482838898897171
3.90721174,-0.0393128767609596,0.28085058927536,-0.00114241242408752,-0.482838898897171
3.91534786,-0.0354224778711796,0.206583216786385,-0.00114241242408752,0.0976280868053436
3.92327002,-0.0354224778711796,0.206583216786385,0.00371459499001503,0.0976280868053436
3.93127346,-0.0333370603621006,0.206583216786385,0.00371459499001503,0.0976280868053436
3.93906054,-0.0322224609553814,0.206583216786385,0.00371459499001503,0.0976280868053436
3.9468692,-0.0311277396976948,0.206583216786385,0.00371459499001503,0.0976280868053436
3.9538626,-0.0311277396976948,0.206583216786385,-0.00114241242408752,0.0976280868053436
3.96149764,-0.0300768464803696,0.184720605611801,-0.00114241242408752,0
3.96928532,-0.0284558478742838,0.184720605611801,-0.00114241242408752,0
3.97713178,-0.0276267249137163,0.184720605611801,-0.00602381676435471,0
3.98500594,-0.0276267249137163,0.184720605611801,-0.0109273865818977,0
3.99290214,-0.0259957127273083,0.184720605611801,-0.0158510506153107,0
4.00063694,-0.0238909143954515,0.184720605611801,-0.0207926444709301,0
4.00820682,-0.0221017654985189,0.159501612186432,-0.0257499311119318,-0.492150366306305
4.01428246,-0.0221017654985189,0.159501612186432,-0.0307208206504583,-0.492150366306305
4.02040884,-0.0195262916386127,0.159501612186432,-0.0357030443847179,-0.492150366306305
4.0265257,-0.0163874439895153,0.159501612186432,-0.0406943783164024,-0.492150366306305
4.03262272,-0.0163874439895153,0.159501612186432,-0.0456927381455898,-0.492150366306305
4.03887822,-0.0141506195068359,0.159501612186432,-0.0506958439946175,-0.492150366306305
4.04491706,-0.0141506195068359,0.159501612186432,-0.0557015240192413,-0.492150366306305
4.05160532,-0.0112635800614953,0.159501612186432,-0.0607076063752174,-0.492150366306305
4.0582888,-0.00988775212317705,0.244280263781548,-0.0657118260860443,-0.799237906932831
4.0643882,-0.00988775212317705,0.244280263781548,-0.0707120448350906,-0.799237906932831
4.0704966,-0.00860115047544241,0.244280263781548,-0.0757060050964355,-0.799237906932831
4.07658594,-0.00624504080042243,0.244280263781548,-0.0757060050964355,-0.799237906932831
4.08267462,-0.00624504080042243,0.244280263781548,-0.0806915462017059,-0.799237906932831
4.08892704,-0.00362695683725178,0.244280263781548,-0.0806915462017059,-0.799237906932831
4.09502368,-0.00362695683725178,0.244280263781548,-0.0806915462017059,-0.799237906932831
4.10112184,-0.00146442418918014,0.244280263781548,-0.0856664851307869,-0.799237906932831
4.10719588,0.000340461730957031,0.244280263781548,-0.0856664851307869,-0.799237906932831
4.11359586,0.000340461730957031,0.204564273357391,-0.0856664851307869,-0.399093180894852
4.11967166,0.00246536266058683,0.204564273357391,-0.09062859416008,-0.399093180894852
4.12594878,0.00395790114998817,0.204564273357391,-0.09062859416008,-0.399093180894852
4.13204204,0.00395790114998817,0.204564273357391,-0.09062859416008,-0.399093180894852
4.13820364,0.00485406862571836,0.204564273357391,-0.09062859416008,-0.399093180894852
4.1442811,0.00485406862571836,0.204564273357391,-0.09062859416008,-0.399093180894852
4.15094862,0.00711765279993415,0.204564273357391,-0.09062859416008,-0.399093180894852
4.15708924,0.0103473663330078,0.204564273357391,-0.09062859416008,-0.399093180894852
4.16350356,0.0103473663330078,0.200138092041016,-0.09062859416008,-0.0992421805858612
4.16964558,0.0125795938074589,0.200138092041016,-0.09062859416008,-0.0992421805858612
4.17586496,0.0141829298809171,0.200138092041016,-0.0955757051706314,-0.0992421805858612
4.1819609,0.0141829298809171,0.200138092041016,-0.0955757051706314,-0.0992421805858612
4.18807154,0.0161733813583851,0.200138092041016,-0.0955757051706314,-0.0992421805858612
4.19413438,0.0161733813583851,0.200138092041016,-0.0955757051706314,-0.0992421805858612
4.20027282,0.0187441632151604,0.200138092041016,-0.0955757051706314,-0.0992421805858612
4.20633408,0.0197834204882383,0.200138092041016,-0.0955757051706314,-0.0992421805858612
4.21290676,0.0197834204882383,0.18872107565403,-0.0955757051706314,-0.0989422202110291
4.2190221,0.020280608907342,0.18872107565403,-0.0955757051706314,-0.0989422202110291
4.22509052,0.020280608907342,0.18872107565403,-0.0955757051706314,-0.0989422202110291
4.23120462,0.021026574075222,0.18872107565403,-0.10050567984581,-0.0989422202110291
4.23730584,0.0228705778717995,0.18872107565403,-0.10050567984581,-0.0989422202110291
4.24344006,0.0228705778717995,0.18872107565403,-0.10050567984581,-0.0989422202110291
4.25087822,0.0253213122487068,0.18872107565403,-0.10050567984581,-0.0989422202110291
4.2589076,0.0265656281262636,0.135644152760506,-0.105416297912598,-0.196811854839325
4.26651898,0.027124023064971,0.135644152760506,-0.105416297912598,-0.196811854839325
4.27441262,0.027124023064971,0.135644152760506,-0.110305473208427,-0.196811854839325
4.2822902,0.0281716529279947,0.135644152760506,-0.110305473208427,-0.196811854839325
4.2909188,0.0296992883086205,0.135644152760506,-0.115170940756798,-0.196811854839325
4.29856938,0.0314830765128136,0.135644152760506,-0.115170940756798,-0.196811854839325
4.30549326,0.0338014587759972,0.135644152760506,-0.12001059949398,-0.196811854839325
4.3143351,0.0338014587759972,0.14471660554409,-0.12001059949398,-0.291886031627655
4.32216158,0.0356414020061493,0.14471660554409,-0.124822407960892,-0.291886031627655
4.33007238,0.0366450510919094,0.14471660554409,-0.124822407960892,-0.291886031627655
4.33810826,0.0370193868875504,0.14471660554409,-0.124822407960892,-0.291886031627655
4.34565032,0.0370193868875504,0.14471660554409,-0.129604160785675,-0.291886031627655
4.35345096,0.0392500683665276,0.14471660554409,-0.129604160785675,-0.291886031627655
4.3616738,0.0415966399013996,0.155903622508049,-0.129604160785675,-0.191871225833893
4.36945648,0.0427699275314808,0.155903622508049,-0.129604160785675,-0.191871225833893
4.37729224,0.0440157689154148,0.155903622508049,-0.134353786706924,-0.191871225833893
4.3851121,0.0440157689154148,0.155903622508049,-0.134353786706924,-0.191871225833893
4.39293086,0.0456352233886719,0.155903622508049,-0.134353786706924,-0.191871225833893
4.40060158,0.0462500564754009,0.155903622508049,-0.134353786706924,-0.191871225833893
4.40760502,0.0481458082795143,0.155903622508049,-0.134353786706924,-0.191871225833893
4.4141822,0.0481458082795143,0.130983367562294,-0.134353786706924,-0.0949925184249878
4.42029308,0.0495105534791946,0.130983367562294,-0.134353786706924,-0.0949925184249878
4.42635828,0.0502264015376568,0.130983367562294,-0.139069199562073,-0.0949925184249878
4.43244638,0.0502264015376568,0.130983367562294,-0.139069199562073,-0.0949925184249878
4.43856158,0.0489840693771839,0.130983367562294,-0.139069199562073,-0.0949925184249878
4.444665,0.0489840693771839,0.130983367562294,-0.139069199562073,-0.0949925184249878
4.45121266,0.0468901433050632,0.130983367562294,-0.139069199562073,-0.0949925184249878
4.45824262,0.0460385121405125,-0.0421459227800369,-0.139069199562073,-0.0943082571029663
4.46436828,0.0460385121405125,-0.0421459227800369,-0.14374828338623,-0.0943082571029663
4.470462,0.0468628704547882,-0.0421459227800369,-0.14374828338623,-0.0943082571029663
4.47655056,0.0473363287746906,-0.0421459227800369,-0.14374828338623,-0.0943082571029663
4.48264418,0.0473363287746906,-0.0421459227800369,-0.14374828338623,-0.0943082571029663
4.48895106,0.0474932864308357,-0.0421459227800369,-0.14374828338623,-0.0943082571029663
4.4950487,0.0474932864308357,-0.0421459227800369,-0.148389041423798,-0.0943082571029663
4.50136058,0.0476747900247574,-0.0421459227800369,-0.148389041423798,-0.0943082571029663
4.50744384,0.0476747900247574,-0.0421459227800369,-0.148389041423798,-0.0943082571029663
4.5140039,0.0476747900247574,0.0327255576848984,-0.148389041423798,-0.186396837234497
4.5201001,0.0493085086345673,0.0327255576848984,-0.148389041423798,-0.186396837234497
4.52616982,0.0516683384776115,0.0327255576848984,-0.148389041423798,-0.186396837234497
4.53227296,0.0516683384776115,0.0327255576848984,-0.148389041423798,-0.186396837234497
4.53843278,0.053210411220789,0.0327255576848984,-0.148389041423798,-0.186396837234497
4.54451724,0.053210411220789,0.0327255576848984,-0.148389041423798,-0.186396837234497
4.55108712,0.0524453930556774,0.0327255576848984,-0.148389041423798,-0.186396837234497
4.55739114,0.0520199202001095,0.0327255576848984,-0.148389041423798,-0.186396837234497
4.56394882,0.0520199202001095,0.0869026035070419,-0.148389041423798,0
4.57005622,0.0518860258162022,0.0869026035070419,-0.148389041423798,0
4.57615768,0.0533487312495708,0.0869026035070419,-0.14374828338623,0
4.582279,0.0533487312495708,0.0869026035070419,-0.14374828338623,0
4.58838122,0.0539962388575077,0.0869026035070419,-0.14374828338623,0
4.59448478,0.0539962388575077,0.0869026035070419,-0.139069199562073,0
4.6006158,0.052436351776123,0.0869026035070419,-0.139069199562073,0
4.60668706,0.0516773797571659,0.0869026035070419,-0.134353786706924,0
4.61330518,0.0516773797571659,-0.00685080885887146,-0.134353786706924,0.280705094337463
4.61939204,0.0496760942041874,-0.00685080885887146,-0.129604160785675,0.280705094337463
4.62546112,0.0487208180129528,-0.00685080885887146,-0.129604160785675,0.280705094337463
4.631576,0.0487208180129528,-0.00685080885887146,-0.124822407960892,0.280705094337463
4.6376516,0.0497861467301846,-0.00685080885887146,-0.124822407960892,0.280705094337463
4.64395472,0.0497861467301846,-0.00685080885887146,-0.12001059949398,0.280705094337463
4.65005986,0.0483828149735928,-0.00685080885887146,-0.12001059949398,0.280705094337463
4.65658086,0.0477146133780479,-0.00685080885887146,-0.12001059949398,0.280705094337463
4.66317964,0.0477146133780479,-0.0792553275823593,-0.12001059949398,0.286863744258881
4.67051328,0.0473232269287109,-0.0792553275823593,-0.115170940756798,0.286863744258881
4.67827046,0.047094039618969,-0.0792553275823593,-0.115170940756798,0.286863744258881
4.68613102,0.0486131869256496,-0.0792553275823593,-0.115170940756798,0.286863744258881
4.69402454,0.0486131869256496,-0.0792553275823593,-0.115170940756798,0.286863744258881
4.70164824,0.0508822426199913,-0.0792553275823593,-0.115170940756798,0.286863744258881
4.70992144,0.0504953749477863,0.0556152313947678,-0.110305473208427,0.19410252571106
4.7175552,0.0471371859312058,0.0556152313947678,-0.110305473208427,0.19410252571106
4.72537302,0.0457020550966263,0.0556152313947678,-0.110305473208427,0.19410252571106
4.73323918,0.0457020550966263,0.0556152313947678,-0.110305473208427,0.19410252571106
4.741226,0.0446226298809052,0.0556152313947678,-0.105416297912598,0.19410252571106
4.7491287,0.0441322885453701,0.0556152313947678,-0.105416297912598,0.19410252571106
4.75701278,0.0450623705983162,0.0556152313947678,-0.105416297912598,0.19410252571106
4.76362008,0.0450623705983162,-0.108660086989403,-0.10050567984581,0.0977835059165955
4.76989422,0.0452092923223972,-0.108660086989403,-0.10050567984581,0.0977835059165955
4.7759877,0.0439457334578037,-0.108660086989403,-0.10050567984581,0.0977835059165955
4.78209356,0.0439457334578037,-0.108660086989403,-0.0955757051706314,0.0977835059165955
4.78817398,0.0433769784867764,-0.108660086989403,-0.0955757051706314,0.0977835059165955
4.7942474,0.0433769784867764,-0.108660086989403,-0.0955757051706314,0.0977835059165955
4.80037062,0.0423764027655125,-0.108660086989403,-0.0955757051706314,0.0977835059165955
4.80645596,0.0419431887567043,-0.108660086989403,-0.0955757051706314,0.0977835059165955
4.81304124,0.0419431887567043,-0.0623836368322372,-0.09062859416008,0.196811854839325
4.81917256,0.0416691973805428,-0.0623836368322372,-0.09062859416008,0.196811854839325
4.8252371,0.0414748378098011,-0.0623836368322372,-0.09062859416008,0.196811854839325
4.83133598,0.0414748378098011,-0.0623836368322372,-0.09062859416008,0.196811854839325
4.83740058,0.0401610173285007,-0.0623836368322372,-0.0856664851307869,0.196811854839325
4.84347342,0.0401610173285007,-0.0623836368322372,-0.0856664851307869,0.196811854839325
4.84957472,0.0395614989101887,-0.0623836368322372,-0.0806915462017059,0.196811854839325
4.85658388,0.0384701937437058,-0.0623836368322372,-0.0806915462017059,0.196811854839325
4.86318102,0.0384701937437058,-0.0694599002599716,-0.0757060050964355,0.29768317937851
4.86928566,0.0373250767588615,-0.0694599002599716,-0.0707120448350906,0.29768317937851
4.87722092,0.0352827832102776,-0.0694599002599716,-0.0707120448350906,0.29768317937851
4.88508506,0.0352827832102776,-0.0694599002599716,-0.0657118260860443,0.29768317937851
4.8930345,0.03421526029706,-0.0694599002599716,-0.0557015240192413,0.29768317937851
4.90068182,0.0337452329695225,-0.0694599002599716,-0.0506958439946175,0.29768317937851
4.90886654,0.0334424786269665,-0.100554302334785,-0.0506958439946175,0.599914014339447
4.91641598,0.032598439604044,-0.100554302334785,-0.0406943783164024,0.599914014339447
4.92252682,0.032598439604044,-0.100554302334785,-0.0406943783164024,0.599914014339447
4.92907588,0.0322379320859909,-0.100554302334785,-0.0357030443847179,0.599914014339447
4.93514386,0.0322379320859909,-0.100554302334785,-0.0307208206504583,0.599914014339447
4.94125424,0.0304948426783085,-0.100554302334785,-0.0257499311119318,0.599914014339447
4.94732704,0.0296695716679096,-0.100554302334785,-0.0257499311119318,0.599914014339447
4.95414656,0.0296695716679096,-0.100554302334785,-0.0207926444709301,0.599914014339447
4.96068002,0.0286921691149473,-0.0950061902403831,-0.0158510506153107,0.598064005374908
4.9669416,0.0282303802669048,-0.0950061902403831,-0.0158510506153107,0.598064005374908
4.973023,0.0282303802669048,-0.0950061902403831,-0.0109273865818977,0.598064005374908
4.97915432,0.0265552140772343,-0.0950061902403831,-0.0109273865818977,0.598064005374908
4.98520556,0.02493492141366,-0.0950061902403831,-0.00602381676435471,0.598064005374908
4.99138352,0.02493492141366,-0.0950061902403831,-0.00602381676435471,0.598064005374908
4.99757172,0.0234011840075254,-0.0950061902403831,-0.00602381676435471,0.598064005374908
5.00366118,0.0234011840075254,-0.0950061902403831,-0.00114241242408752,0.598064005374908
5.01022622,0.0226773843169212,-0.120295695960522,-0.00114241242408752,0.39300462603569
5.01632764,0.0208535008132458,-0.120295695960522,-0.00114241242408752,0.39300462603569
5.02245604,0.0208535008132458,-0.120295695960522,-0.00114241242408752,0.39300462603569
5.0285807,0.0199935529381037,-0.120295695960522,-0.00114241242408752,0.39300462603569
5.03467278,0.0199935529381037,-0.120295695960522,-0.00114241242408752,0.39300462603569
5.04099434,0.0190967936068773,-0.120295695960522,-0.00114241242408752,0.39300462603569
5.0470506,0.0186402518302202,-0.120295695960522,-0.00114241242408752,0.39300462603569
5.05358204,0.0186402518302202,-0.120295695960522,-0.00114241242408752,0.39300462603569
5.06134356,0.0177801512181759,-0.0979446619749069,-0.00114241242408752,0
5.06985922,0.0168018713593483,-0.0979446619749069,-0.00114241242408752,0
5.07753434,0.0158575065433979,-0.0979446619749069,-0.00114241242408752,0
5.08457524,0.0158575065433979,-0.0979446619749069,-0.00114241242408752,0
5.09233766,0.0164416879415512,-0.0979446619749069,-0.00114241242408752,0
5.10095812,0.0156774148344994,-0.0979446619749069,-0.00114241242408752,0
5.10923496,0.0152460476383567,-0.050682071596384,-0.00114241242408752,0
5.11707482,0.014981078915298,-0.050682071596384,-0.00114241242408752,0
5.12495002,0.014981078915298,-0.050682071596384,-0.00114241242408752,0
5.1328612,0.0149131584912539,-0.050682071596384,-0.00114241242408752,0
5.14056356,0.0148825831711292,-0.050682071596384,0.00371459499001503,0
5.1471641,0.0148146441206336,-0.050682071596384,0.00371459499001503,0
5.15393958,0.0148146441206336,-0.050682071596384,0.00854512304067612,0
5.16050484,0.0148146441206336,-0.00862807035446167,0.00854512304067612,0.193750709295273
5.1689521,0.0131400683894753,-0.00862807035446167,0.0133469998836517,0.193750709295273
5.17666864,0.0112104415893555,-0.00862807035446167,0.0133469998836517,0.193750709295273
5.18338048,0.0112104415893555,-0.00862807035446167,0.0181181281805038,0.193750709295273
5.18950086,0.0102398684248328,-0.00862807035446167,0.0181181281805038,0.193750709295273
5.19556606,0.00973842665553093,-0.00862807035446167,0.0181181281805038,0.193750709295273
5.20167652,0.00973842665553093,-0.00862807035446167,0.0228564739227295,0.193750709295273
5.20822284,0.00899940449744463,-0.116304792463779,0.0228564739227295,0.286227017641068
5.21435104,0.00899940449744463,-0.116304792463779,0.0275598466396332,0.286227017641068
5.22048964,0.00799907650798559,-0.116304792463779,0.0275598466396332,0.286227017641068
5.22653548,0.00733020761981606,-0.116304792463779,0.0275598466396332,0.286227017641068
5.23266866,0.00733020761981606,-0.116304792463779,0.0275598466396332,0.286227017641068
5.23895762,0.00698764808475971,-0.116304792463779,0.0275598466396332,0.286227017641068
5.24501484,0.00698764808475971,-0.116304792463779,0.0275598466396332,0.286227017641068
5.25136958,0.00680118566378951,-0.116304792463779,0.0275598466396332,0.286227017641068
5.25829856,0.00568527216091752,-0.066282644867897,0.0275598466396332,0.0940674543380737
5.26442094,0.00568527216091752,-0.066282644867897,0.0275598466396332,0.0940674543380737
5.2705094,0.00513545982539654,-0.066282644867897,0.0275598466396332,0.0940674543380737
5.27662446,0.00584365846589208,-0.066282644867897,0.0275598466396332,0.0940674543380737
5.28289488,0.00584365846589208,-0.066282644867897,0.0275598466396332,0.0940674543380737
5.28903536,0.00628395099192858,-0.066282644867897,0.0275598466396332,0.0940674543380737
5.29511658,0.00628395099192858,-0.066282644867897,0.0275598466396332,0.0940674543380737
5.30119916,0.00540336593985558,-0.066282644867897,0.0275598466396332,0.0940674543380737
5.30729024,0.00496305478736758,-0.066282644867897,0.0275598466396332,0.0940674543380737
5.31368394,0.00496305478736758,-0.0144443474709988,0.0275598466396332,0
5.31997236,0.00471145613119006,-0.0144443474709988,0.0275598466396332,0
5.3260222,0.00464855181053281,-0.0144443474709988,0.0275598466396332,0
5.33210556,0.00464855181053281,-0.0144443474709988,0.0275598466396332,0
5.33821152,0.00458564748987556,-0.0144443474709988,0.0275598466396332,0
5.34434778,0.00458564748987556,-0.0144443474709988,0.0275598466396332,0
5.35043884,0.0045227431692183,-0.0144443474709988,0.0275598466396332,0
5.35708348,0.0045227431692183,-0.0144443474709988,0.0275598466396332,0
5.36354202,0.0045227431692183,-0.00880623236298561,0.0275598466396332,0
5.36968822,0.0045227431692183,-0.00880623236298561,0.0275598466396332,0
5.37592186,0.00531517015770078,-0.00880623236298561,0.0275598466396332,0
5.38202018,0.00531517015770078,-0.00880623236298561,0.0275598466396332,0
5.38812088,0.00573467276990414,-0.00880623236298561,0.0275598466396332,0
5.39424406,0.00573467276990414,-0.00880623236298561,0.0275598466396332,0
5.400365,0.00512870773673058,-0.00880623236298561,0.0275598466396332,0
5.40853472,0.00480243703350425,0.00559387728571892,0.0275598466396332,0
5.41634574,0.00466259010136127,0.00559387728571892,0.0275598466396332,0
5.42422942,0.00466259010136127,0.00559387728571892,0.0275598466396332,0
5.43204408,0.00540838250890374,0.00559387728571892,0.0275598466396332,0
5.439655,0.00573467276990414,0.00559387728571892,0.0275598466396332,0
5.44746298,0.00592111609876156,0.00559387728571892,0.0275598466396332,0
5.45537938,0.00629123672842979,0.00559387728571892,0.0275598466396332,0
5.4634586,0.00629123672842979,0.0297759938985109,0.0275598466396332,0
5.47128256,0.00653104763478041,0.0297759938985109,0.0275598466396332,0
5.47930022,0.00552688585594296,0.0297759938985109,0.0275598466396332,0
5.48706478,0.00499336235225201,0.0297759938985109,0.0275598466396332,0
5.49491804,0.00499336235225201,0.0297759938985109,0.0275598466396332,0
5.50254028,0.00582736963406205,0.0297759938985109,0.0275598466396332,0
5.5105965,0.00622104667127132,-0.0014038011431694,0.0275598466396332,0
5.51848368,0.00726505275815725,-0.0014038011431694,0.0228564739227295,0
5.52638548,0.00774747831746936,-0.0014038011431694,0.0228564739227295,0
5.5341721,0.00774747831746936,-0.0014038011431694,0.0228564739227295,0
5.54200096,0.00856433901935816,-0.0014038011431694,0.0228564739227295,0
5.5481351,0.00896354671567678,-0.0014038011431694,0.0228564739227295,0
5.5550389,0.00896354671567678,-0.0014038011431694,0.0181181281805038,0
5.5614533,0.00914699584245682,0.0585189834237099,0.0181181281805038,-0.188834369182587
5.56757916,0.0092081455513835,0.0585189834237099,0.0181181281805038,-0.188834369182587
5.57384872,0.0092081455513835,0.0585189834237099,0.0133469998836517,-0.188834369182587
5.58000648,0.0092692943289876,0.0585189834237099,0.0133469998836517,-0.188834369182587
5.58610062,0.0092692943289876,0.0585189834237099,0.00854512304067612,-0.188834369182587
5.59220544,0.0092692943289876,0.0585189834237099,0.00854512304067612,-0.188834369182587
5.59830344,0.0103691862896085,0.0585189834237099,0.00854512304067612,-0.188834369182587
5.60437016,0.0103691862896085,0.0585189834237099,0.00371459499001503,-0.188834369182587
5.61088768,0.0108723826706409,0.0345077365636826,0.00371459499001503,-0.288070648908615
5.61701456,0.0111937336623669,0.0345077365636826,-0.00114241242408752,-0.288070648908615
5.62310376,0.0111937336623669,0.0345077365636826,-0.00114241242408752,-0.288070648908615
5.62918574,0.0113295940682292,0.0345077365636826,-0.00602381676435471,-0.288070648908615
5.6352389,0.0119172669947147,0.0345077365636826,-0.00602381676435471,-0.288070648908615
5.64137322,0.0119172669947147,0.0345077365636826,-0.0109273865818977,-0.288070648908615
5.64745552,0.0121618648990989,0.0345077365636826,-0.0109273865818977,-0.288070648908615
5.65469406,0.0121618648990989,0.0345077365636826,-0.0158510506153107,-0.288070648908615
5.66202878,0.0140572739765048,0.0636978223919868,-0.0207926444709301,-0.391312897205353
5.66820548,0.0149064632132649,0.0636978223919868,-0.0207926444709301,-0.391312897205353
5.67428938,0.0149064632132649,0.0636978223919868,-0.0257499311119318,-0.391312897205353
5.68041228,0.0154295731335878,0.0636978223919868,-0.0257499311119318,-0.391312897205353
5.68650562,0.0156266018748283,0.0636978223919868,-0.0307208206504583,-0.391312897205353
5.69261418,0.0156266018748283,0.0636978223919868,-0.0307208206504583,-0.391312897205353
5.698861,0.0157556720077991,0.0636978223919868,-0.0307208206504583,-0.391312897205353
5.70499324,0.0157556720077991,0.0636978223919868,-0.0357030443847179,-0.391312897205353
5.71142916,0.0157556720077991,0.0339679606258869,-0.0357030443847179,-0.397039860486984
5.7175366,0.0170090105384588,0.0339679606258869,-0.0357030443847179,-0.397039860486984
5.72365444,0.0170090105384588,0.0339679606258869,-0.0357030443847179,-0.397039860486984
5.7299489,0.0170327182859182,0.0339679606258869,-0.0406943783164024,-0.397039860486984
5.73600374,0.0170972067862749,0.0339679606258869,-0.0406943783164024,-0.397039860486984
5.74213446,0.0170972067862749,0.0339679606258869,-0.0406943783164024,-0.397039860486984
5.74987244,0.0176305398344994,0.0339679606258869,-0.0406943783164024,-0.397039860486984
5.75743972,0.0167576409876347,0.0339679606258869,-0.0406943783164024,-0.397039860486984
5.76545092,0.0163059048354626,0.0200393795967102,-0.0406943783164024,-0.0998266786336899
5.7733283,0.0163059048354626,0.0200393795967102,-0.0406943783164024,-0.0998266786336899
5.78112546,0.0160647574812174,0.0200393795967102,-0.0406943783164024,-0.0998266786336899
5.78897,0.0159594733268023,0.0200393795967102,-0.0406943783164024,-0.0998266786336899
5.7960732,0.0159221068024635,0.0200393795967102,-0.0406943783164024,-0.0998266786336899
5.8021595,0.0159221068024635,0.0200393795967102,-0.0406943783164024,-0.0998266786336899
5.80857452,0.0170090105384588,0.00502739101648331,-0.0406943783164024,0
5.81466448,0.0170090105384588,0.00502739101648331,-0.0406943783164024,0
5.82094306,0.0176204107701778,0.00502739101648331,-0.0406943783164024,0
5.82702096,0.0178921315819025,0.00502739101648331,-0.0406943783164024,0
5.8331838,0.0178921315819025,0.00502739101648331,-0.0406943783164024,0
5.84006124,0.0180279929190874,0.00502739101648331,-0.0406943783164024,0
5.84788788,0.0175761803984642,0.00502739101648331,-0.0406943783164024,0
5.85562078,0.0161461643874645,0.00502739101648331,-0.0406943783164024,0
5.86402778,0.0161461643874645,-0.017256923019886,-0.0406943783164024,0
5.87165342,0.0143255619332194,-0.017256923019886,-0.0406943783164024,0
5.87944204,0.0134492302313447,-0.017256923019886,-0.0406943783164024,0
5.88729024,0.0134628871455789,-0.017256923019886,-0.0406943783164024,0
5.89594168,0.0135036846622825,-0.017256923019886,-0.0406943783164024,0
5.90394184,0.0135036846622825,-0.017256923019886,-0.0406943783164024,0
5.91204208,0.01471290551126,-0.0286651775240898,-0.0406943783164024,0
5.91995808,0.0152495577931404,-0.0286651775240898,-0.0406943783164024,0
5.92761084,0.0150321200489998,-0.0286651775240898,-0.0406943783164024,0
5.93409848,0.0150321200489998,-0.0286651775240898,-0.0406943783164024,0
5.94023616,0.0149234011769295,-0.0286651775240898,-0.0406943783164024,0
5.94632296,0.0148690221831203,-0.0286651775240898,-0.0406943783164024,0
5.9528973,0.0148690221831203,-0.0286651775240898,-0.0406943783164024,0
5.95990892,0.0148757938295603,0.00325776636600494,-0.0406943783164024,0
5.96596772,0.0136903766542673,0.00325776636600494,-0.0406943783164024,0
5.97211124,0.0136903766542673,0.00325776636600494,-0.0406943783164024,0
5.97823716,0.0130789950489998,0.00325776636600494,-0.0406943783164024,0
5.98428164,0.0130789950489998,0.00325776636600494,-0.0357030443847179,0
5.99046856,0.012776680290699,0.00325776636600494,-0.0357030443847179,0
5.99666834,0.0121210860088468,0.00325776636600494,-0.0357030443847179,0
6.00291024,0.0121210860088468,0.00325776636600494,-0.0357030443847179,0
6.00933778,0.0118085481226444,-0.0613449141383171,-0.0357030443847179,0.0998266786336899
6.0154483,0.0116556929424405,-0.0613449141383171,-0.0357030443847179,0.0998266786336899
6.02153024,0.0116556929424405,-0.0613449141383171,-0.0307208206504583,0.0998266786336899
6.02759752,0.0104303359985352,-0.0613449141383171,-0.0307208206504583,0.0998266786336899
6.03367692,0.0104303359985352,-0.0613449141383171,-0.0307208206504583,0.0998266786336899
6.03997344,0.0109658623114228,-0.0613449141383171,-0.0307208206504583,0.0998266786336899
6.04602804,0.0112243080511689,-0.0613449141383171,-0.0257499311119318,0.0998266786336899
6.05246056,0.0112243080511689,-0.0613449141383171,-0.0257499311119318,0.0998266786336899
6.05913642,0.0113295940682292,-0.00957908108830452,-0.0257499311119318,0.199062258005142
6.06703364,0.0125523759052157,-0.00957908108830452,-0.0257499311119318,0.199062258005142
6.07468884,0.0125523759052157,-0.00957908108830452,-0.0207926444709301,0.199062258005142
6.08169488,0.0131637575104833,-0.00957908108830452,-0.0207926444709301,0.199062258005142
6.08795806,0.0134354783222079,-0.00957908108830452,-0.0207926444709301,0.199062258005142
6.09406264,0.0134354783222079,-0.00957908108830452,-0.0158510506153107,0.199062258005142
6.1002035,0.01363929733634,-0.00957908108830452,-0.0158510506153107,0.199062258005142
6.10624892,0.0137072177603841,-0.00957908108830452,-0.0109273865818977,0.199062258005142
6.11264496,0.0137072177603841,0.0475524738430977,-0.0109273865818977,0.296450883150101
6.11891306,0.0137072177603841,0.0475524738430977,-0.00602381676435471,0.296450883150101
6.12500904,0.0137072177603841,0.0475524738430977,-0.00602381676435471,0.296450883150101
6.13113278,0.0126203158870339,0.0475524738430977,-0.00602381676435471,0.296450883150101
6.13723288,0.0120089147239923,0.0475524738430977,-0.00114241242408752,0.296450883150101
6.14335992,0.0120089147239923,0.0475524738430977,-0.00114241242408752,0.296450883150101
6.14946058,0.0122569277882576,0.0475524738430977,-0.00114241242408752,0.296450883150101
6.15739262,0.012396240606904,0.0475524738430977,0.00371459499001503,0.296450883150101
6.16541232,0.0119308475404978,-0.0262195430696011,0.00371459499001503,0.292839616537094
6.17336284,0.0119308475404978,-0.0262195430696011,0.00371459499001503,0.292839616537094
6.18124332,0.0117168426513672,-0.0262195430696011,0.00371459499001503,0.292839616537094
6.18899658,0.0115571785718203,-0.0262195430696011,0.00371459499001503,0.292839616537094
6.1965845,0.0115266032516956,-0.0262195430696011,0.00371459499001503,0.292839616537094
6.20327866,0.0115266032516956,-0.0262195430696011,0.00371459499001503,0.292839616537094
6.20965554,0.0109457019716501,-0.0290107727050781,-0.00114241242408752,-0.0971401482820511
6.2158991,0.0106705473735929,-0.0290107727050781,-0.00114241242408752,-0.0971401482820511
6.22204442,0.0106705473735929,-0.0290107727050781,-0.00114241242408752,-0.0971401482820511
6.22818644,0.0122228236868978,-0.0290107727050781,-0.00114241242408752,-0.0971401482820511
6.23651988,0.0130482483655214,-0.0290107727050781,-0.00602381676435471,-0.0971401482820511
6.24357338,0.0130482483655214,-0.0290107727050781,-0.00602381676435471,-0.0971401482820511
6.2521366,0.0134116932749748,-0.0290107727050781,-0.00602381676435471,-0.0971401482820511
6.26033476,0.0135781476274133,0.052648913115263,-0.0109273865818977,-0.195699483156204
6.26819508,0.0153512386605144,0.052648913115263,-0.0109273865818977,-0.195699483156204
6.27614604,0.0162377934902906,0.052648913115263,-0.0109273865818977,-0.195699483156204
6.28405642,0.0162377934902906,0.052648913115263,-0.0109273865818977,-0.195699483156204
6.29168258,0.0166623685508966,0.052648913115263,-0.0109273865818977,-0.195699483156204
6.29956584,0.0157724767923355,0.052648913115263,-0.0109273865818977,-0.195699483156204
6.30743878,0.0152595899999142,0.052648913115263,-0.0109273865818977,-0.195699483156204
6.31557284,0.0150558091700077,0.0336288474500179,-0.0109273865818977,0
6.32229582,0.0150558091700077,0.0336288474500179,-0.0109273865818977,0
6.32838826,0.0149505231529474,0.0336288474500179,-0.0109273865818977,0
6.3344833,0.0149505231529474,0.0336288474500179,-0.0109273865818977,0
6.34059402,0.0148825831711292,0.0336288474500179,-0.0109273865818977,0
6.34667374,0.0148146441206336,0.0336288474500179,-0.0109273865818977,0
6.35327534,0.0148146441206336,0.0336288474500179,-0.0109273865818977,0
6.36024768,0.0148146441206336,-0.00889891758561134,-0.0109273865818977,0
6.3663271,0.0148146441206336,-0.00889891758561134,-0.0109273865818977,0
6.3723958,0.0148146441206336,-0.00889891758561134,-0.0109273865818977,0
6.37856078,0.0148146441206336,-0.00889891758561134,-0.0158510506153107,0
6.38464988,0.0148146441206336,-0.00889891758561134,-0.0158510506153107,0
6.3909591,0.0164892580360174,-0.00889891758561134,-0.0158510506153107,0
6.39704578,0.0173452384769917,-0.00889891758561134,-0.0158510506153107,0
6.40314802,0.0173452384769917,-0.00889891758561134,-0.0158510506153107,0
6.4095591,0.0182895846664906,0.0694988071918488,-0.0158510506153107,-0.0984732806682587
6.41564938,0.0187311936169863,0.0694988071918488,-0.0158510506153107,-0.0984732806682587
6.42190658,0.0187311936169863,0.0694988071918488,-0.0158510506153107,-0.0984732806682587
6.42803312,0.018462810665369,0.0694988071918488,-0.0207926444709301,-0.0984732806682587
6.43411006,0.018462810665369,0.0694988071918488,-0.0207926444709301,-0.0984732806682587
6.44025282,0.0171245187520981,0.0694988071918488,-0.0207926444709301,-0.0984732806682587
6.44634764,0.0164893344044685,0.0694988071918488,-0.0207926444709301,-0.0984732806682587
6.45285946,0.0164893344044685,0.0694988071918488,-0.0207926444709301,-0.0984732806682587
6.45937932,0.0167915541678667,-0.029960609972477,-0.0257499311119318,-0.0988318771123886
6.46545638,0.0153173068538308,-0.029960609972477,-0.0257499311119318,-0.0988318771123886
6.4715762,0.0153173068538308,-0.029960609972477,-0.0257499311119318,-0.0988318771123886
6.47788192,0.0133574297651649,-0.029960609972477,-0.0307208206504583,-0.0988318771123886
6.48396548,0.0133574297651649,-0.029960609972477,-0.0307208206504583,-0.0988318771123886
6.49009164,0.0135815814137459,-0.029960609972477,-0.0307208206504583,-0.0988318771123886
6.49616418,0.0141828153282404,-0.029960609972477,-0.0357030443847179,-0.0988318771123886
6.50241682,0.0141828153282404,-0.029960609972477,-0.0357030443847179,-0.0988318771123886
6.50897784,0.0156875606626272,-0.0220798701047897,-0.0406943783164024,-0.398034662008286
6.51509402,0.0156875606626272,-0.0220798701047897,-0.0406943783164024,-0.398034662008286
6.52117034,0.0152663802728057,-0.0220798701047897,-0.0456927381455898,-0.398034662008286
6.52726116,0.0150252338498831,-0.0220798701047897,-0.0456927381455898,-0.398034662008286
6.53338338,0.0150252338498831,-0.0220798701047897,-0.0456927381455898,-0.398034662008286
6.53952164,0.0149199292063713,-0.0220798701047897,-0.0456927381455898,-0.398034662008286
6.54562558,0.0148825831711292,-0.0220798701047897,-0.0506958439946175,-0.398034662008286
6.55216278,0.0148825831711292,-0.0220798701047897,-0.0506958439946175,-0.398034662008286
6.55885984,0.0148146441206336,-0.0174583308398724,-0.0506958439946175,-0.200029313564301
6.5650008,0.0148146441206336,-0.0174583308398724,-0.0506958439946175,-0.200029313564301
6.57110756,0.015969505533576,-0.0174583308398724,-0.0506958439946175,-0.200029313564301
6.57716444,0.0154260443523526,-0.0174583308398724,-0.0456927381455898,-0.200029313564301
6.5833412,0.0154260443523526,-0.0174583308398724,-0.0456927381455898,-0.200029313564301
6.59089356,0.0150863835588098,-0.0174583308398724,-0.0456927381455898,-0.200029313564301
6.5984417,0.0149505231529474,-0.0174583308398724,-0.0406943783164024,-0.200029313564301
6.60620506,0.0148825831711292,-0.0174583308398724,-0.0406943783164024,-0.200029313564301
6.61431582,0.0148825831711292,0.00135878100991249,-0.0357030443847179,0.200029313564301
6.62218118,0.0148825831711292,0.00135878100991249,-0.0357030443847179,0.200029313564301
6.63015338,0.0148146441206336,0.00135878100991249,-0.0307208206504583,0.200029313564301
6.63761552,0.0148146441206336,0.00135878100991249,-0.0257499311119318,0.200029313564301
6.64536258,0.0142948916181922,0.00135878100991249,-0.0257499311119318,0.200029313564301
6.65332346,0.0142948916181922,0.00135878100991249,-0.0207926444709301,0.200029313564301
6.66147196,0.0128648756071925,-0.0403541512787342,-0.0158510506153107,0.398034662008286
6.6693881,0.0121991345658898,-0.0403541512787342,-0.0158510506153107,0.398034662008286
6.67805646,0.0123180774971843,-0.0403541512787342,-0.0109273865818977,0.398034662008286
6.68607632,0.0124268149957061,-0.0403541512787342,-0.0109273865818977,0.398034662008286
6.69368458,0.0124268149957061,-0.0403541512787342,-0.00602381676435471,0.398034662008286
6.701644,0.0124506000429392,-0.0403541512787342,-0.00602381676435471,0.398034662008286
6.70991038,0.0125117488205433,-0.00706253573298454,-0.00602381676435471,0.295376539230347
6.71750516,0.0124744037166238,-0.00706253573298454,-0.00114241242408752,0.295376539230347
6.72454882,0.0124744037166238,-0.00706253573298454,-0.00114241242408752,0.295376539230347
6.73067808,0.0125049594789743,-0.00706253573298454,-0.00114241242408752,0.295376539230347
6.73692418,0.0119852069765329,-0.00706253573298454,-0.00114241242408752,0.295376539230347
6.74305388,0.0119852069765329,-0.00706253573298454,-0.00114241242408752,0.295376539230347
6.74914314,0.0117100523784757,-0.00706253573298454,-0.00114241242408752,0.295376539230347
6.75550866,0.0115877529606223,-0.00706253573298454,-0.00602381676435471,0.295376539230347
6.76246898,0.0115877529606223,-0.0184799171984196,-0.00602381676435471,0
6.7685657,0.0126814460381866,-0.0184799171984196,-0.00602381676435471,0
6.77463662,0.0126814460381866,-0.0184799171984196,-0.00602381676435471,0
6.7809462,0.0127425007522106,-0.0184799171984196,-0.00602381676435471,0
6.7870457,0.012708492577076,-0.0184799171984196,-0.00602381676435471,0
6.79316354,0.012708492577076,-0.0184799171984196,-0.00602381676435471,0
6.79929924,0.0127220535650849,-0.0184799171984196,-0.00602381676435471,0
6.80536842,0.0115434266626835,-0.0184799171984196,-0.00602381676435471,0
6.81187708,0.0115434266626835,-0.000886525958776474,-0.00602381676435471,0
6.81797158,0.010969391092658,-0.000886525958776474,-0.00602381676435471,0
6.82401918,0.010969391092658,-0.000886525958776474,-0.00602381676435471,0
6.83015132,0.0106976702809334,-0.000886525958776474,-0.00602381676435471,0
6.8362257,0.0110815623775125,-0.000886525958776474,-0.00602381676435471,0
6.8423522,0.0110815623775125,-0.000886525958776474,-0.00602381676435471,0
6.84845252,0.0117779728025198,-0.000886525958776474,-0.00602381676435471,0
6.85510604,0.0117779728025198,-0.000886525958776474,-0.00602381676435471,0
6.86164662,0.0132623668760061,0.0343788042664528,-0.00602381676435471,0
6.86789352,0.0140877533704042,0.0343788042664528,-0.00602381676435471,0
6.87399934,0.0140877533704042,0.0343788042664528,-0.00602381676435471,0
6.88012164,0.0144511982798576,0.0343788042664528,-0.00602381676435471,0
6.88626976,0.0157724767923355,0.0343788042664528,-0.00602381676435471,0
6.89238616,0.0157724767923355,0.0343788042664528,-0.00602381676435471,0
6.89848758,0.0152595899999142,0.0343788042664528,-0.00602381676435471,0
6.90460954,0.0152595899999142,0.0343788042664528,-0.00602381676435471,0
6.91115346,0.0156061556190252,0.0468757748603821,-0.00602381676435471,0
6.91725094,0.0157148744910955,0.0468757748603821,-0.00602381676435471,0
6.92336076,0.0157148744910955,0.0468757748603821,-0.00602381676435471,0
6.92991992,0.0157998092472553,0.0468757748603821,-0.0109273865818977,0
6.9382217,0.0157930366694927,0.0468757748603821,-0.0109273865818977,0
6.94601698,0.0158235933631659,0.0468757748603821,-0.0109273865818977,0
6.95404524,0.0158235933631659,0.0468757748603821,-0.0109273865818977,0
6.96219396,0.0164586827158928,0.0170505419373512,-0.0109273865818977,-0.0980713963508606
6.97000476,0.0168254859745502,0.0170505419373512,-0.0109273865818977,-0.0980713963508606
6.97766736,0.0158200636506081,0.0170505419373512,-0.0109273865818977,-0.0980713963508606
6.98543086,0.0158200636506081,0.0170505419373512,-0.0158510506153107,-0.0980713963508606
6.9933303,0.0152833936735988,0.0170505419373512,-0.0158510506153107,-0.0980713963508606
7.00055084,0.0162038803100586,0.0170505419373512,-0.0158510506153107,-0.0980713963508606
7.00661656,0.0166793819516897,0.0170505419373512,-0.0207926444709301,-0.0980713963508606
7.01322142,0.0166793819516897,0.00441398471593857,-0.0207926444709301,-0.197305157780647
7.01933566,0.0157656855881214,0.00441398471593857,-0.0207926444709301,-0.197305157780647
7.02539614,0.0152901839464903,0.00441398471593857,-0.0257499311119318,-0.197305157780647
7.0315009,0.0152901839464903,0.00441398471593857,-0.0257499311119318,-0.197305157780647
7.03760134,0.0161732863634825,0.00441398471593857,-0.0307208206504583,-0.197305157780647
7.04388632,0.0161732863634825,0.00441398471593857,-0.0307208206504583,-0.197305157780647
7.0502645,0.0166488271206617,0.00441398471593857,-0.0357030443847179,-0.197305157780647
7.05755706,0.0157656855881214,0.00441398471593857,-0.0357030443847179,-0.197305157780647
7.0658685,0.0152901839464903,-0.0182739272713661,-0.0406943783164024,-0.298207998275757
7.07350258,0.0152901839464903,-0.0182739272713661,-0.0406943783164024,-0.298207998275757
7.08137058,0.0161732863634825,-0.0182739272713661,-0.0406943783164024,-0.298207998275757
7.08913232,0.0166488271206617,-0.0182739272713661,-0.0456927381455898,-0.298207998275757
7.09699038,0.0169205479323864,-0.0182739272713661,-0.0456927381455898,-0.298207998275757
7.10460584,0.0169205479323864,-0.0182739272713661,-0.0456927381455898,-0.298207998275757
7.11286528,0.0169884879142046,0.0244560465216637,-0.0456927381455898,-0.199793875217438
7.12056614,0.0159015655517578,0.0244560465216637,-0.0456927381455898,-0.199793875217438
7.12844558,0.0153581043705344,0.0244560465216637,-0.0456927381455898,-0.199793875217438
7.1362487,0.0139315417036414,0.0244560465216637,-0.0456927381455898,-0.199793875217438
7.14417922,0.0139315417036414,0.0244560465216637,-0.0456927381455898,-0.199793875217438
7.15032854,0.0144070629030466,0.0244560465216637,-0.0456927381455898,-0.199793875217438
7.15708882,0.0146108623594046,0.0244560465216637,-0.0456927381455898,-0.199793875217438
7.16363208,0.0146108623594046,-0.0475525110960007,-0.0456927381455898,0
7.16986508,0.0146788023412228,-0.0475525110960007,-0.0406943783164024,0
7.17596972,0.0147467227652669,-0.0475525110960007,-0.0406943783164024,0
7.18206698,0.0147467227652669,-0.0475525110960007,-0.0406943783164024,0
7.18822948,0.0148146441206336,-0.0475525110960007,-0.0406943783164024,0
7.19431834,0.0148146441206336,-0.0475525110960007,-0.0406943783164024,0
7.20043766,0.0148146441206336,-0.0475525110960007,-0.0357030443847179,0
7.20652434,0.0148146441206336,-0.0475525110960007,-0.0357030443847179,0
7.21304478,0.0148146441206336,0.00407563522458076,-0.0357030443847179,0.199793875217438
7.2191903,0.0148146441206336,0.00407563522458076,-0.0307208206504583,0.199793875217438
7.22525484,0.0148146441206336,0.00407563522458076,-0.0307208206504583,0.199793875217438
7.23134506,0.0148146441206336,0.00407563522458076,-0.0307208206504583,0.199793875217438
7.23743696,0.0142948916181922,0.00407563522458076,-0.0307208206504583,0.199793875217438
7.24356352,0.0142948916181922,0.00407563522458076,-0.0257499311119318,0.199793875217438
7.24965474,0.0140502927824855,0.00407563522458076,-0.0257499311119318,0.199793875217438
7.25629578,0.0138974376022816,0.00407563522458076,-0.0257499311119318,0.199793875217438
7.26286474,0.0138974376022816,-0.0183441303670406,-0.0257499311119318,0.199062258005142
7.26900358,0.0138362888246775,-0.0183441303670406,-0.0207926444709301,0.199062258005142
7.27504526,0.0138362888246775,-0.0183441303670406,-0.0207926444709301,0.199062258005142
7.28117826,0.0132859610021114,-0.0183441303670406,-0.0207926444709301,0.199062258005142
7.28727512,0.0129802320152521,-0.0183441303670406,-0.0207926444709301,0.199062258005142
7.293424,0.0129802320152521,-0.0183441303670406,-0.0207926444709301,0.199062258005142
7.2995401,0.0117030711844563,-0.0183441303670406,-0.0207926444709301,0.199062258005142
7.30559928,0.0115502933040261,-0.0183441303670406,-0.0158510506153107,0.199062258005142
7.31223434,0.0115502933040261,-0.0469428859651089,-0.0158510506153107,0.197977602481842
7.31836496,0.0120123289525509,-0.0469428859651089,-0.0158510506153107,0.197977602481842
7.32441164,0.0120123289525509,-0.0469428859651089,-0.0158510506153107,0.197977602481842
7.33053276,0.0122739411890507,-0.0469428859651089,-0.0158510506153107,0.197977602481842
7.33659912,0.0118696978315711,-0.0469428859651089,-0.0158510506153107,0.197977602481842
7.34287794,0.0118696978315711,-0.0469428859651089,-0.0158510506153107,0.197977602481842
7.34896368,0.0116862487047911,-0.0469428859651089,-0.0158510506153107,0.197977602481842
7.35535396,0.0115571785718203,-0.0469428859651089,-0.0158510506153107,0.197977602481842
7.36201168,0.0115571785718203,0.000137705355882645,-0.0158510506153107,0
7.36810326,0.0114960484206676,0.000137705355882645,-0.0158510506153107,0
7.37417806,0.0114960484206676,0.000137705355882645,-0.0158510506153107,0
7.38029236,0.0126508716493845,0.000137705355882645,-0.0158510506153107,0
7.38634608,0.0132316974923015,0.000137705355882645,-0.0158510506153107,0
7.39253022,0.0132316974923015,0.000137705355882645,-0.0158510506153107,0
7.39866706,0.0140231708064675,0.000137705355882645,-0.0158510506153107,0
7.40495118,0.0140231708064675,0.000137705355882645,-0.0158510506153107,0
7.4113824,0.0144342044368386,0.0575405173003674,-0.0158510506153107,0
7.41747432,0.0146244242787361,0.0575405173003674,-0.0158510506153107,0
7.42360478,0.0146244242787361,0.0575405173003674,-0.0158510506153107,0
7.42985854,0.0146855739876628,0.0575405173003674,-0.0158510506153107,0
7.43597706,0.0136292269453406,0.0575405173003674,-0.0158510506153107,0
7.44210864,0.0136292269453406,0.0575405173003674,-0.0158510506153107,0
7.45004092,0.0130178453400731,0.0575405173003674,-0.0158510506153107,0
7.45762596,0.0139315417036414,0.0575405173003674,-0.0158510506153107,0
7.46587566,0.0144070629030466,-0.0100532546639442,-0.0158510506153107,0
7.47349934,0.0144070629030466,-0.0100532546639442,-0.0158510506153107,0
7.48130426,0.0146108623594046,-0.0100532546639442,-0.0158510506153107,0
7.48926834,0.0146788023412228,-0.0100532546639442,-0.0158510506153107,0
7.49704714,0.0159015655517578,-0.0100532546639442,-0.0158510506153107,0
7.50460552,0.0159015655517578,-0.0100532546639442,-0.0158510506153107,0
7.51264952,0.0165129471570253,0.0516281090676785,-0.0158510506153107,0
7.52050288,0.0151780126616359,0.0516281090676785,-0.0158510506153107,0
7.5283455,0.0155821610242128,0.0516281090676785,-0.0158510506153107,0
7.53630366,0.0163872148841619,0.0516281090676785,-0.0158510506153107,0
7.54499944,0.0163872148841619,0.0516281090676785,-0.0158510506153107,0
7.55289778,0.0155822560191154,0.0516281090676785,-0.0158510506153107,0
7.56104706,0.0151984402909875,-0.0262901373207569,-0.0158510506153107,0
7.5690506,0.0150252338498831,-0.0262901373207569,-0.0158510506153107,0
7.57693148,0.0137651059776545,-0.0262901373207569,-0.0158510506153107,0
7.58388608,0.0137651059776545,-0.0262901373207569,-0.0158510506153107,0
7.5900758,0.0131163410842419,-0.0262901373207569,-0.0158510506153107,0
7.59617226,0.0134797282516956,-0.0262901373207569,-0.0158510506153107,0
7.6022685,0.0134797282516956,-0.0262901373207569,-0.0207926444709301,0
7.6086529,0.0136121371760964,-0.031726062297821,-0.0207926444709301,-0.0988318771123886
7.61493184,0.0136121371760964,-0.031726062297821,-0.0207926444709301,-0.0988318771123886
7.62099708,0.0136936381459236,-0.031726062297821,-0.0207926444709301,-0.0988318771123886
7.6270957,0.0137004284188151,-0.031726062297821,-0.0207926444709301,-0.0988318771123886
7.63321882,0.0137004284188151,-0.031726062297821,-0.0207926444709301,-0.0988318771123886
7.63935846,0.0137377930805087,-0.031726062297821,-0.0207926444709301,-0.0988318771123886
7.64545392,0.0143254855647683,-0.031726062297821,-0.0207926444709301,-0.0988318771123886
7.65199678,0.0143254855647683,-0.031726062297821,-0.0207926444709301,-0.0988318771123886
7.65868478,0.0162446592003107,0.0526504404842854,-0.0207926444709301,0
7.6650238,0.0162446592003107,0.0526504404842854,-0.0207926444709301,0
7.6711415,0.0160001572221518,0.0526504404842854,-0.0207926444709301,0
7.67720084,0.0147875975817442,0.0526504404842854,-0.0207926444709301,0
7.68327878,0.0147875975817442,0.0526504404842854,-0.0207926444709301,0
7.68939452,0.0153548624366522,0.0526504404842854,-0.0207926444709301,0
7.69548146,0.0162243079394102,0.0526504404842854,-0.0207926444709301,0
7.70156064,0.0162243079394102,0.0526504404842854,-0.0207926444709301,0
7.70763982,0.0166896060109138,0.0526504404842854,-0.0207926444709301,0
7.71417154,0.0166896060109138,0.00889893621206284,-0.0207926444709301,0
7.72028642,0.0157521441578865,0.00889893621206284,-0.0207926444709301,0
7.72636926,0.0152833936735988,0.00889893621206284,-0.0207926444709301,0
7.73247878,0.0152833936735988,0.00889893621206284,-0.0207926444709301,0
7.73858786,0.0150490188971162,0.00889893621206284,-0.0207926444709301,0
7.74468078,0.0150490188971162,0.00889893621206284,-0.0207926444709301,0
7.75124786,0.0148825831711292,0.00889893621206284,-0.0257499311119318,0
7.75743228,0.0137277413159609,0.00889893621206284,-0.0257499311119318,0
7.76397254,0.0137277413159609,-0.0592372938990593,-0.0257499311119318,-0.099145732820034
7.77006478,0.0125965885818005,-0.0592372938990593,-0.0257499311119318,-0.099145732820034
7.77616766,0.0120123289525509,-0.0592372938990593,-0.0257499311119318,-0.099145732820034
7.78227094,0.0120123289525509,-0.0592372938990593,-0.0257499311119318,-0.099145732820034
7.78837962,0.0117236133664846,-0.0592372938990593,-0.0257499311119318,-0.099145732820034
7.7945371,0.0117236133664846,-0.0592372938990593,-0.0257499311119318,-0.099145732820034
7.80065914,0.0132691385224462,-0.0592372938990593,-0.0257499311119318,-0.099145732820034
7.80688972,0.0140571780502796,-0.0592372938990593,-0.0257499311119318,-0.099145732820034
7.81331778,0.0140571780502796,0.00658873468637466,-0.0257499311119318,0
7.81941874,0.0150557132437825,0.00658873468637466,-0.0257499311119318,0
7.82552142,0.0156195256859064,0.00658873468637466,-0.0257499311119318,0
7.83160878,0.0156195256859064,0.00658873468637466,-0.0257499311119318,0
7.83787654,0.0146820452064276,0.00658873468637466,-0.0257499311119318,0
7.84520766,0.014243888668716,0.00658873468637466,-0.0257499311119318,0
7.8529897,0.014243888668716,0.00658873468637466,-0.0257499311119318,0
7.8620573,0.0145292663946748,0.00944176688790321,-0.0257499311119318,0
7.86990718,0.0146379852667451,0.00944176688790321,-0.0257499311119318,0
7.87738432,0.0147602846845984,0.00944176688790321,-0.0257499311119318,0
7.88529126,0.0147602846845984,0.00944176688790321,-0.0257499311119318,0
7.89311996,0.0147534944117069,0.00944176688790321,-0.0257499311119318,0
7.90093114,0.0136292269453406,0.00944176688790321,-0.0257499311119318,0
7.90899558,0.0142406085506082,-0.0057731568813324,-0.0257499311119318,0
7.9168543,0.0145429233089089,-0.0057731568813324,-0.0257499311119318,0
7.92443594,0.0145429233089089,-0.0057731568813324,-0.0257499311119318,0
7.93228856,0.0135239409282804,-0.0057731568813324,-0.0257499311119318,0
7.94014932,0.012980499304831,-0.0057731568813324,-0.0257499311119318,0
7.94810264,0.012776680290699,-0.0057731568813324,-0.0257499311119318,0
7.95568402,0.012776680290699,-0.0057731568813324,-0.0257499311119318,0
7.96403082,0.0126408385112882,-0.0319954007863998,-0.0257499311119318,0
7.9719641,0.01257289852947,-0.0319954007863998,-0.0257499311119318,0
7.97964166,0.0125049594789743,-0.0319954007863998,-0.0257499311119318,0
7.9874286,0.0125049594789743,-0.0319954007863998,-0.0257499311119318,0
7.99553492,0.0125049594789743,-0.0319954007863998,-0.0257499311119318,0
8.00205218,0.0125049594789743,-0.0319954007863998,-0.0257499311119318,0
8.00843248,0.0114086912944913,-0.0246429443359375,-0.0257499311119318,0
8.0145567,0.0114086912944913,-0.0246429443359375,-0.0257499311119318,0
8.0206771,0.0109054949134588,-0.0246429443359375,-0.0257499311119318,0
8.02687556,0.0116602899506688,-0.0246429443359375,-0.0257499311119318,0
8.03300034,0.0116602899506688,-0.0246429443359375,-0.0257499311119318,0
8.0391336,0.0121006015688181,-0.0246429443359375,-0.0257499311119318,0
8.0452459,0.0123011777177453,-0.0246429443359375,-0.0207926444709301,0
8.0515688,0.0123011777177453,-0.0246429443359375,-0.0207926444709301,0
8.05762908,0.012369099073112,-0.0246429443359375,-0.0207926444709301,0
8.06459886,0.012369099073112,0.0192081555724144,-0.0207926444709301,0.099145732820034
8.07088008,0.0124370194971561,0.0192081555724144,-0.0207926444709301,0.099145732820034
8.07694984,0.0125049594789743,0.0192081555724144,-0.0207926444709301,0.099145732820034
8.08305038,0.0125049594789743,0.0192081555724144,-0.0158510506153107,0.099145732820034
8.08915582,0.0125049594789743,0.0192081555724144,-0.0158510506153107,0.099145732820034
8.09522694,0.0125049594789743,0.0192081555724144,-0.0158510506153107,0.099145732820034
8.1013577,0.0125049594789743,0.0192081555724144,-0.0158510506153107,0.099145732820034
8.10745682,0.0125049594789743,0.0192081555724144,-0.0109273865818977,0.099145732820034
8.11399246,0.0125049594789743,0.00271720811724663,-0.0109273865818977,0.197305157780647
8.1201302,0.0125049594789743,0.00271720811724663,-0.0109273865818977,0.197305157780647
8.12617904,0.0141795733943582,0.00271720811724663,-0.0109273865818977,0.197305157780647
8.13225946,0.0141795733943582,0.00271720811724663,-0.0109273865818977,0.197305157780647
8.13838444,0.0149676129221916,0.00271720811724663,-0.0109273865818977,0.197305157780647
8.14445746,0.0149676129221916,0.00271720811724663,-0.0109273865818977,0.197305157780647
8.1505674,0.0154601475223899,0.00271720811724663,-0.0109273865818977,0.197305157780647
8.15711402,0.0156571585685015,0.00271720811724663,-0.0109273865818977,0.197305157780647
8.16369202,0.0156571585685015,0.0630439817905426,-0.0109273865818977,0
8.16996756,0.0146008301526308,0.0630439817905426,-0.0109273865818977,0
8.17601078,0.0140573689714074,0.0630439817905426,-0.0109273865818977,0
8.18212818,0.0140573689714074,0.0630439817905426,-0.0109273865818977,0
8.18823898,0.0132964514195919,0.0630439817905426,-0.0109273865818977,0
8.19437592,0.0132964514195919,0.0630439817905426,-0.0109273865818977,0
8.20052404,0.0140402605757117,0.0630439817905426,-0.0109273865818977,0
8.2065881,0.0143935009837151,0.0630439817905426,-0.0109273865818977,0
8.21316778,0.0143935009837151,-0.0252731516957283,-0.0109273865818977,0
8.21926952,0.0146040730178356,-0.0252731516957283,-0.0109273865818977,0
8.22536468,0.0158642195165157,-0.0252731516957283,-0.0109273865818977,0
8.23147322,0.0158642195165157,-0.0252731516957283,-0.0109273865818977,0
8.23754434,0.0165435411036015,-0.0252731516957283,-0.0109273865818977,0
8.24367142,0.0165435411036015,-0.0252731516957283,-0.0109273865818977,0
8.25019538,0.0156298447400332,-0.0252731516957283,-0.0109273865818977,0
8.25633782,0.0147024914622307,-0.0252731516957283,-0.0158510506153107,0
8.26301338,0.0147024914622307,0.0061798095703125,-0.0158510506153107,-0.0984732806682587
8.26914096,0.014254093170166,0.0061798095703125,-0.0158510506153107,-0.0984732806682587
8.27518928,0.0141012193635106,0.0061798095703125,-0.0158510506153107,-0.0984732806682587
8.2812603,0.0140332989394665,0.0061798095703125,-0.0158510506153107,-0.0984732806682587
8.2873596,0.0139042278751731,0.0061798095703125,-0.0158510506153107,-0.0984732806682587
8.29348064,0.0139042278751731,0.0061798095703125,-0.0158510506153107,-0.0984732806682587
8.29963618,0.0138057330623269,0.0061798095703125,-0.0207926444709301,-0.0984732806682587
8.30708292,0.0143254855647683,0.0061798095703125,-0.0207926444709301,-0.0984732806682587
8.31591524,0.014570064842701,-0.00754011794924736,-0.0207926444709301,-0.0988318771123886
8.32367256,0.014570064842701,-0.00754011794924736,-0.0207926444709301,-0.0988318771123886
8.33147496,0.0158472061157227,-0.00754011794924736,-0.0207926444709301,-0.0988318771123886
8.33853968,0.0165197364985943,-0.00754011794924736,-0.0207926444709301,-0.0988318771123886
8.34705122,0.0156671907752752,-0.00754011794924736,-0.0207926444709301,-0.0988318771123886
8.35498178,0.0156671907752752,-0.00754011794924736,-0.0207926444709301,-0.0988318771123886
8.36325224,0.01519166957587,0.0173236802220345,-0.0207926444709301,0
8.37111982,0.0150184445083141,0.0173236802220345,-0.0207926444709301,0
8.37910498,0.0149505231529474,0.0173236802220345,-0.0207926444709301,0
8.38699588,0.0165571980178356,0.0173236802220345,-0.0207926444709301,0
8.39411076,0.0165571980178356,0.0173236802220345,-0.0207926444709301,0
8.4002998,0.0173452384769917,0.0173236802220345,-0.0207926444709301,0
8.40641176,0.0171347428113222,0.0173236802220345,-0.0207926444709301,0
8.41294346,0.0171347428113222,0.0388614647090435,-0.0207926444709301,0
8.41904736,0.0169649496674538,0.0388614647090435,-0.0207926444709301,0
8.4251131,0.0169649496674538,0.0388614647090435,-0.0207926444709301,0
8.43118496,0.0164248459041119,0.0388614647090435,-0.0207926444709301,0
8.43726438,0.0161734763532877,0.0388614647090435,-0.0207926444709301,0
8.4433706,0.0161734763532877,0.0388614647090435,-0.0207926444709301,0
8.44950206,0.014339217916131,0.0388614647090435,-0.0207926444709301,0
8.4560309,0.0134220886975527,0.0388614647090435,-0.0207926444709301,0
8.46301828,0.0134220886975527,-0.0742530822753906,-0.0207926444709301,0
8.46912404,0.0140843959525228,-0.0742530822753906,-0.0207926444709301,0
8.47520226,0.0140843959525228,-0.0742530822753906,-0.0207926444709301,0
8.48132016,0.0144682116806507,-0.0742530822753906,-0.0207926444709301,0
8.4874127,0.0146414181217551,-0.0742530822753906,-0.0207926444709301,0
8.49356018,0.0146414181217551,-0.0742530822753906,-0.0207926444709301,0
8.49966928,0.0147093581035733,-0.0742530822753906,-0.0207926444709301,0
8.50716414,0.0142269702628255,-0.0742530822753906,-0.0207926444709301,0
8.51524586,0.0142269702628255,0.0160976313054562,-0.0207926444709301,0
8.52304604,0.0140502927824855,0.0160976313054562,-0.0257499311119318,0
8.5309077,0.0133776850998402,0.0160976313054562,-0.0257499311119318,0
8.53850992,0.0135611342266202,0.0160976313054562,-0.0257499311119318,0
8.54631616,0.014203186146915,0.0160976313054562,-0.0257499311119318,0
8.5538783,0.014203186146915,0.0160976313054562,-0.0257499311119318,0
8.56059584,0.0145089337602258,0.00563926994800568,-0.0257499311119318,-0.099145732820034
8.56700826,0.0146617889404297,0.00563926994800568,-0.0257499311119318,-0.099145732820034
8.57308838,0.0146617889404297,0.00563926994800568,-0.0257499311119318,-0.099145732820034
8.5792168,0.0147229386493564,0.00563926994800568,-0.0257499311119318,-0.099145732820034
8.58530424,0.0142643358558416,0.00563926994800568,-0.0257499311119318,-0.099145732820034
8.59146118,0.0142643358558416,0.00563926994800568,-0.0257499311119318,-0.099145732820034
8.59749986,0.0128648756071925,0.00563926994800568,-0.0257499311119318,-0.099145732820034
8.60363352,0.0128648756071925,0.00563926994800568,-0.0257499311119318,-0.099145732820034
8.61025242,0.0121311955153942,-0.0475547648966312,-0.0257499311119318,0
8.6162988,0.0117983249947429,-0.0475547648966312,-0.0257499311119318,0
8.6224382,0.0117983249947429,-0.0475547648966312,-0.0257499311119318,0
8.62853694,0.0133065031841397,-0.0475547648966312,-0.0257499311119318,0
8.63459756,0.0133065031841397,-0.0475547648966312,-0.0257499311119318,0
8.64089984,0.0140945436432958,-0.0475547648966312,-0.0257499311119318,0
8.64701356,0.0144206238910556,-0.0475547648966312,-0.0257499311119318,0
8.6534335,0.0144206238910556,-0.0475547648966312,-0.0257499311119318,0
8.66014172,0.0146176526322961,0.0497291423380375,-0.0257499311119318,0
8.66623796,0.0147161483764648,0.0497291423380375,-0.0257499311119318,0
8.67234488,0.0147161483764648,0.0497291423380375,-0.0257499311119318,0
8.67845042,0.014784088358283,0.0497291423380375,-0.0257499311119318,0
8.68453846,0.014784088358283,0.0497291423380375,-0.0207926444709301,0
8.69065144,0.0148146441206336,0.0497291423380375,-0.0207926444709301,0
8.6984331,0.0148146441206336,0.0497291423380375,-0.0207926444709301,0
8.70616288,0.0148146441206336,0.0497291423380375,-0.0207926444709301,0
8.71438426,0.0148146441206336,0.00393982976675034,-0.0207926444709301,0.099145732820034
8.72224846,0.0148146441206336,0.00393982976675034,-0.0207926444709301,0.099145732820034
8.73002524,0.0148146441206336,0.00393982976675034,-0.0158510506153107,0.099145732820034
8.73787412,0.0148146441206336,0.00393982976675034,-0.0158510506153107,0.099145732820034
8.7455167,0.0136598208919168,0.00393982976675034,-0.0158510506153107,0.099145732820034
8.75331634,0.0136598208919168,0.00393982976675034,-0.0158510506153107,0.099145732820034
8.76146848,0.0130484197288752,-0.0353244878351688,-0.0158510506153107,0.0988318771123886
8.76943326,0.012776680290699,-0.0353244878351688,-0.0158510506153107,0.0988318771123886
8.77792696,0.013795661740005,-0.0353244878351688,-0.0158510506153107,0.0988318771123886
8.7858502,0.013795661740005,-0.0353244878351688,-0.0158510506153107,0.0988318771123886
8.79342508,0.0131842801347375,-0.0353244878351688,-0.0158510506153107,0.0988318771123886
8.8010784,0.0123248668387532,-0.0353244878351688,-0.0158510506153107,0.0988318771123886
8.8072343,0.0118458941578865,-0.0353244878351688,-0.0158510506153107,0.0988318771123886
8.81365986,0.0118458941578865,-0.0240505114197731,-0.0158510506153107,0
8.81990926,0.0128105161711574,-0.0240505114197731,-0.0158510506153107,0
8.825997,0.014447670429945,-0.0240505114197731,-0.0158510506153107,0
8.83214176,0.014447670429945,-0.0240505114197731,-0.0158510506153107,0
8.83825296,0.0158199686557055,-0.0240505114197731,-0.0158510506153107,0
8.84431184,0.0158199686557055,-0.0240505114197731,-0.0158510506153107,0
8.85041024,0.0164721682667732,-0.0240505114197731,-0.0158510506153107,0
8.85710794,0.0156433861702681,-0.0240505114197731,-0.0158510506153107,0
8.86405204,0.0156433861702681,0.0759498402476311,-0.0158510506153107,0
8.87020178,0.0152290342375636,0.0759498402476311,-0.0158510506153107,0
8.87625332,0.0149878691881895,0.0759498402476311,-0.0158510506153107,0
8.88233318,0.0149878691881895,0.0759498402476311,-0.0158510506153107,0
8.88842778,0.0149505231529474,0.0759498402476311,-0.0158510506153107,0
8.89451688,0.0149505231529474,0.0759498402476311,-0.0158510506153107,0
8.9006089,0.0148825831711292,0.0759498402476311,-0.0158510506153107,0
8.9069022,0.0148146441206336,0.0759498402476311,-0.0158510506153107,0
8.91332102,0.0148146441206336,-0.0165748409926891,-0.0158510506153107,0
8.91943558,0.0136598208919168,-0.0165748409926891,-0.0158510506153107,0
8.92551604,0.0131163410842419,-0.0165748409926891,-0.0158510506153107,0
8.93208962,0.0131163410842419,-0.0165748409926891,-0.0158510506153107,0
8.9381859,0.012776680290699,-0.0165748409926891,-0.0158510506153107,0
8.94428874,0.012776680290699,-0.0165748409926891,-0.0158510506153107,0
8.95042388,0.0126408385112882,-0.0165748409926891,-0.0158510506153107,0
8.95693432,0.01257289852947,-0.0165748409926891,-0.0158510506153107,0
8.96349166,0.01257289852947,-0.0448349118232727,-0.0158510506153107,0
8.96960764,0.01257289852947,-0.0448349118232727,-0.0158510506153107,0
8.97586004,0.0130247306078672,-0.0448349118232727,-0.0158510506153107,0
8.98197736,0.0130247306078672,-0.0448349118232727,-0.0158510506153107,0
8.98816256,0.0132693098857999,-0.0448349118232727,-0.0158510506153107,0
8.99426124,0.0132693098857999,-0.0448349118232727,-0.0158510506153107,0
9.00049178,0.0145770264789462,-0.0448349118232727,-0.0158510506153107,0
9.00660018,0.0152495577931404,-0.0448349118232727,-0.0158510506153107,0
9.01339514,0.0152495577931404,0.0535331852734089,-0.0158510506153107,0
9.01954878,0.0150321200489998,0.0535331852734089,-0.0158510506153107,0
9.0256137,0.0149234011769295,0.0535331852734089,-0.0158510506153107,0
9.03168948,0.0149234011769295,0.0535331852734089,-0.0158510506153107,0
9.03794128,0.0148690221831203,0.0535331852734089,-0.0158510506153107,0
9.04401946,0.0148690221831203,0.0535331852734089,-0.0158510506153107,0
9.05016364,0.0148078724741936,0.0535331852734089,-0.0158510506153107,0
9.05653552,0.0148452380672097,0.0535331852734089,-0.0158510506153107,0
9.06320852,0.0148452380672097,-0.00808639451861382,-0.0158510506153107,0
9.06934274,0.0148146441206336,-0.00808639451861382,-0.0158510506153107,0
9.0753902,0.0148146441206336,-0.00808639451861382,-0.0158510506153107,0
9.08151736,0.0148146441206336,-0.00808639451861382,-0.0158510506153107,0
9.08948916,0.0148146441206336,-0.00808639451861382,-0.0207926444709301,0
9.09720834,0.0142948916181922,-0.00808639451861382,-0.0207926444709301,0
9.10516366,0.0142948916181922,-0.00808639451861382,-0.0207926444709301,0
9.11329774,0.0140502927824855,-0.0158989056944847,-0.0207926444709301,-0.0988318771123886
9.12107986,0.0138974376022816,-0.0158989056944847,-0.0207926444709301,-0.0988318771123886
9.12906918,0.0138362888246775,-0.0158989056944847,-0.0257499311119318,-0.0988318771123886
9.13699334,0.0121311191469431,-0.0158989056944847,-0.0257499311119318,-0.0988318771123886
9.14459706,0.0121311191469431,-0.0158989056944847,-0.0257499311119318,-0.0988318771123886
9.15247264,0.0112139889970422,-0.0158989056944847,-0.0257499311119318,-0.0988318771123886
9.16053062,0.0119747929275036,-0.041509997099638,-0.0257499311119318,-0.099145732820034
9.16845558,0.012908935546875,-0.041509997099638,-0.0257499311119318,-0.099145732820034
9.17631262,0.0150013351812959,-0.041509997099638,-0.0257499311119318,-0.099145732820034
9.18424512,0.0150013351812959,-0.041509997099638,-0.0257499311119318,-0.099145732820034
9.19211588,0.0160781480371952,-0.041509997099638,-0.0257499311119318,-0.099145732820034
9.1999831,0.0154463956132531,-0.041509997099638,-0.0257499311119318,-0.099145732820034
9.20754256,0.0162853617221117,-0.041509997099638,-0.0257499311119318,-0.099145732820034
9.21564436,0.0155007550492883,0.0862113758921623,-0.0257499311119318,0
9.222285,0.0155007550492883,0.0862113758921623,-0.0257499311119318,0
9.22838812,0.0140368267893791,0.0862113758921623,-0.0257499311119318,0
9.23447782,0.0140368267893791,0.0862113758921623,-0.0257499311119318,0
9.24058368,0.0132522201165557,0.0862113758921623,-0.0257499311119318,0
9.24664362,0.0140674021095037,0.0862113758921623,-0.0257499311119318,0
9.25325566,0.0140674021095037,0.0862113758921623,-0.0257499311119318,0
9.25963426,0.0144070629030466,-0.0375659763813019,-0.0257499311119318,0
9.26630094,0.0146108623594046,-0.0375659763813019,-0.0257499311119318,0
9.27239106,0.0146108623594046,-0.0375659763813019,-0.0257499311119318,0
9.27851674,0.0147467227652669,-0.0375659763813019,-0.0257499311119318,0
9.28460214,0.0147467227652669,-0.0375659763813019,-0.0257499311119318,0
9.29088478,0.0147467227652669,-0.0375659763813019,-0.0257499311119318,0
9.29695818,0.0142948916181922,-0.0375659763813019,-0.0257499311119318,0
9.30302494,0.0142948916181922,-0.0375659763813019,-0.0257499311119318,0
9.31063778,0.0140197370201349,-0.00774651765823364,-0.0257499311119318,0
9.31836834,0.014417190104723,-0.00774651765823364,-0.0257499311119318,0
9.326143,0.0141114424914122,-0.00774651765823364,-0.0257499311119318,0
9.33397624,0.0141114424914122,-0.00774651765823364,-0.0257499311119318,0
9.341555,0.0139280129224062,-0.00774651765823364,-0.0257499311119318,0
9.34922874,0.014386635273695,-0.00774651765823364,-0.0257499311119318,0
9.35699222,0.014600639231503,-0.00774651765823364,-0.0257499311119318,0
9.36516246,0.014600639231503,0.0116180442273617,-0.0257499311119318,0
9.37290776,0.0146923447027802,0.0116180442273617,-0.0257499311119318,0
9.38036174,0.0142337419092655,0.0116180442273617,-0.0257499311119318,0
9.388166,0.0140197370201349,0.0116180442273617,-0.0257499311119318,0
9.39592218,0.0132623668760061,0.0116180442273617,-0.0257499311119318,0
9.40345248,0.0132623668760061,0.0116180442273617,-0.0257499311119318,0
9.41136114,0.0128343962132931,-0.0353248603641987,-0.0257499311119318,0
9.41897412,0.0126849748194218,-0.0353248603641987,-0.0257499311119318,0
9.42643534,0.0125796888023615,-0.0353248603641987,-0.0257499311119318,0
9.43409482,0.0125796888023615,-0.0353248603641987,-0.0257499311119318,0
9.44151574,0.0120225716382265,-0.0353248603641987,-0.0257499311119318,0
9.44917092,0.0117779728025198,-0.0353248603641987,-0.0257499311119318,0
9.45695488,0.0121075054630637,-0.0353248603641987,-0.0257499311119318,0
9.46514468,0.0121075054630637,-0.0145378150045872,-0.0257499311119318,0
9.47297386,0.0134763717651367,-0.0145378150045872,-0.0257499311119318,0
9.48047788,0.0141794588416815,-0.0145378150045872,-0.0257499311119318,0
9.48807296,0.0144817735999823,-0.0145378150045872,-0.0257499311119318,0
9.49568666,0.0144817735999823,-0.0145378150045872,-0.0257499311119318,0
9.50258622,0.0134933665394783,-0.0145378150045872,-0.0257499311119318,0
9.51129232,0.0141353225335479,0.0405563414096832,-0.0257499311119318,0
9.51904298,0.0144749833270907,0.0405563414096832,-0.0257499311119318,0
9.52686134,0.0135239409282804,0.0405563414096832,-0.0257499311119318,0
9.53358856,0.0135239409282804,0.0405563414096832,-0.0257499311119318,0
9.54131546,0.012980499304831,0.0405563414096832,-0.0257499311119318,0
9.54891496,0.012776680290699,0.0405563414096832,-0.0257499311119318,0
9.55637198,0.013795661740005,0.0405563414096832,-0.0257499311119318,0
9.56435076,0.013795661740005,-0.00679321587085724,-0.0207926444709301,0
9.572161,0.0137514499947429,-0.00679321587085724,-0.0207926444709301,0
9.57999524,0.0137479975819588,-0.00679321587085724,-0.0207926444709301,0
9.5875591,0.0142813492566347,-0.00679321587085724,-0.0207926444709301,0
9.59517018,0.0142813492566347,-0.00679321587085724,-0.0207926444709301,0
9.60286518,0.0145632931962609,-0.00679321587085724,-0.0207926444709301,0
9.61059992,0.0147229386493564,0.018545538187027,-0.0207926444709301,0.099145732820034
9.61818816,0.0147534944117069,0.018545538187027,-0.0207926444709301,0.099145732820034
9.62564428,0.0147534944117069,0.018545538187027,-0.0207926444709301,0.099145732820034
9.63321936,0.0136292269453406,0.018545538187027,-0.0207926444709301,0.099145732820034
9.64013626,0.0142032625153661,0.018545538187027,-0.0158510506153107,0.099145732820034
9.64760618,0.0145429233089089,0.018545538187027,-0.0158510506153107,0.099145732820034
9.6553512,0.0146788023412228,0.018545538187027,-0.0158510506153107,0.099145732820034
9.66344258,0.0146788023412228,-0.000882726162672043,-0.0158510506153107,0.0988318771123886
9.6712809,0.0135918809100986,-0.000882726162672043,-0.0158510506153107,0.0988318771123886
9.67893952,0.0130484197288752,-0.000882726162672043,-0.0158510506153107,0.0988318771123886
9.6864592,0.0116602899506688,-0.000882726162672043,-0.0158510506153107,0.0988318771123886
9.6941744,0.0116602899506688,-0.000882726162672043,-0.0158510506153107,0.0988318771123886
9.70156026,0.0120376972481608,-0.000882726162672043,-0.0158510506153107,0.0988318771123886
9.709447,0.0123011777177453,-0.0475524924695492,-0.0158510506153107,0
9.71700024,0.0140436934307218,-0.0475524924695492,-0.0158510506153107,0
9.72450336,0.0140436934307218,-0.0475524924695492,-0.0158510506153107,0
9.73215476,0.0149676129221916,-0.0475524924695492,-0.0158510506153107,0
9.73992412,0.0153922270983458,-0.0475524924695492,-0.0158510506153107,0
9.74751144,0.0156571585685015,-0.0475524924695492,-0.0158510506153107,0
9.7551678,0.0156571585685015,-0.0475524924695492,-0.0158510506153107,0
9.76311682,0.0157556720077991,0.0690898820757866,-0.0158510506153107,0
9.77065214,0.0146008301526308,0.0690898820757866,-0.0158510506153107,0
9.77819754,0.0124316401779652,0.0690898820757866,-0.0158510506153107,0
9.7851257,0.0124316401779652,0.0690898820757866,-0.0158510506153107,0
9.7926107,0.0124778365716338,0.0690898820757866,-0.0158510506153107,0
9.80025806,0.0124913975596428,0.0690898820757866,-0.0158510506153107,0
9.80822456,0.0130179217085242,-0.0547550059854984,-0.0158510506153107,0
9.81561442,0.012742767110467,-0.0547550059854984,-0.0158510506153107,0
9.82321992,0.012742767110467,-0.0547550059854984,-0.0158510506153107,0
9.830672,0.0126578519120812,-0.0547550059854984,-0.0158510506153107,0
9.83845862,0.0130858607590199,-0.0547550059854984,-0.0158510506153107,0
9.84637186,0.0133304595947266,-0.0547550059854984,-0.0158510506153107,0
9.85422876,0.0133304595947266,-0.0547550059854984,-0.0158510506153107,0
9.86235846,0.0134222032502294,0.00808563083410263,-0.0158510506153107,0
9.87029246,0.0141184236854315,0.00808563083410263,-0.0158510506153107,0
9.87826634,0.0144478604197502,0.00808563083410263,-0.0158510506153107,0
