Sample,X(ms) [18.06.2017 19:23:30 367 UTC],"M_ball_position"[%MD40],"M_ball_velocity"[%MD56],"M_beam_angle"[%MD24],"M_beam_angular_velocity"[%MD48],"M_ball_present"[%M4.4]
94,710.890100,-0.109048947691917,0.48383891582489,0.0913648083806038,0,0
95,718.548240,-0.096435010433197,0.48383891582489,0.0913648083806038,0,0
96,726.447420,-0.0848694071173668,0.48383891582489,0.0913648083806038,0,0
97,735.178540,-0.0565557107329369,0.48383891582489,0.0913648083806038,0,0
98,743.155340,-0.00612037675455213,0.48383891582489,0.0913648083806038,0,0
99,751.284360,-0.00612037675455213,0.48383891582489,0.0913648083806038,0,0
100,759.631860,0.0449444949626923,3.07986879348755,0.0913648083806038,0,0
101,767.423140,0.0703443884849548,3.07986879348755,0.0913648083806038,0,0
102,775.283340,0.0605134405195713,3.07986879348755,0.0913648083806038,0,0
103,783.398160,0.0285608861595392,3.07986879348755,0.0913648083806038,0,0
104,791.473740,0.0285608861595392,3.07986879348755,0.0913648083806038,0,0
105,798.572920,-0.00119901658035815,3.07986879348755,0.0913648083806038,0,0
106,805.306520,-0.0238293465226889,-1.3754768371582,0.0913648083806038,0,0
107,811.512760,-0.0238293465226889,-1.3754768371582,0.0913648083806038,0,0
108,817.630260,-0.0507534220814705,-1.3754768371582,0.0913648083806038,0,0
109,823.962420,-0.0751496106386185,-1.3754768371582,0.0913648083806038,0,0
110,830.400780,-0.0751496106386185,-1.3754768371582,0.0913648083806038,0,0
111,836.681740,-0.0751515775918961,-1.3754768371582,0.0913648083806038,0,0
112,842.991480,-0.0447387509047985,-1.3754768371582,0.0913648083806038,0,0
113,849.188560,-0.0447387509047985,-1.3754768371582,0.0913648083806038,0,0
114,855.700380,-0.00372116081416607,0.402163714170456,0.0913648083806038,0,0
115,863.560480,0.0114170452579856,0.402163714170456,0.0913648083806038,0,0
116,871.439540,0.0114170452579856,0.402163714170456,0.0913648083806038,0,0
117,880.151400,-0.00513221742585301,0.402163714170456,0.0913648083806038,0,0
118,888.042820,-0.0226482208818197,0.402163714170456,0.0913648083806038,0,0
119,895.669160,-0.0434698313474655,0.402163714170456,0.0913648083806038,0,0
120,903.493760,-0.0540492236614227,0.402163714170456,0.0913648083806038,0,0
121,910.219700,-0.0540492236614227,-1.00656116008759,0.0913648083806038,0,0
122,916.370880,-0.030871257185936,-1.00656116008759,0.0913648083806038,0,0
123,922.516780,0.0169601440429688,-1.00656116008759,0.0913648083806038,0,0
124,928.700300,0.0169601440429688,-1.00656116008759,0.0913648083806038,0,0
125,935.412560,0.054430428892374,-1.00656116008759,0.0913648083806038,0,0
126,941.598080,0.054430428892374,-1.00656116008759,0.0913648083806038,0,0
127,947.880860,0.0717106238007545,-1.00656116008759,0.0913648083806038,0,0
128,954.474080,0.0626515224575996,2.33401489257813,0.0913648083806038,0,0
129,960.659240,0.0626515224575996,2.33401489257813,0.0913648083806038,0,0
130,967.339500,0.0306268110871315,2.33401489257813,0.0913648083806038,0,0
131,973.521560,-0.00222038268111646,2.33401489257813,0.0913648083806038,0,0
132,979.708480,-0.00222038268111646,2.33401489257813,0.0913648083806038,0,0
133,986.031060,-0.0339878089725971,2.33401489257813,0.0913648083806038,0,0
134,992.186460,-0.0747462064027786,2.33401489257813,0.0913648083806038,0,0
135,998.341700,-0.0747462064027786,2.33401489257813,0.0913648083806038,0,0
136,1005.040940,-0.0995711535215378,-3.24445366859436,0.0913648083806038,0,0
137,1011.273720,-0.0995711535215378,-3.24445366859436,0.0913648083806038,0,0
138,1017.375260,-0.0920010581612587,-3.24445366859436,0.0913648083806038,0,0
139,1023.583660,-0.049919281154871,-3.24445366859436,0.0913648083806038,0,0
140,1030.032120,-0.049919281154871,-3.24445366859436,0.0913648083806038,0,0
141,1036.182680,-0.00740482332184911,-3.24445366859436,0.0913648083806038,0,0
142,1042.356840,-0.00877498649060726,-3.24445366859436,0.0913648083806038,0,0
143,1050.419740,-0.00877498649060726,-3.24445366859436,0.0913648083806038,0,0
144,1058.575300,-0.0230146795511246,1.53112947940826,0.0913648083806038,0,0
145,1066.506660,-0.0347732156515121,1.53112947940826,0.0913648083806038,0,0
146,1074.329920,-0.052848644554615,1.53112947940826,0.0913648083806038,0,0
147,1082.174040,-0.0821583345532417,1.53112947940826,0.0913648083806038,0,0
148,1090.292320,-0.0821583345532417,1.53112947940826,0.0913648083806038,0,0
149,1098.145740,-0.112386077642441,1.53112947940826,0.0913648083806038,0,0
150,1106.314560,-0.0923148542642593,-1.3860034942627,0.0913648083806038,0,0
151,1115.021740,-0.0352956391870975,-1.3860034942627,0.0913648083806038,0,0
152,1122.961260,0.0146875381469727,-1.3860034942627,0.0913648083806038,0,0
153,1130.667220,0.0146875381469727,-1.3860034942627,0.0913648083806038,0,0
154,1138.584580,0.0292722135782242,-1.3860034942627,0.0913648083806038,0,0
155,1146.357640,0.00647624954581261,-1.3860034942627,0.0913648083806038,0,0
156,1154.687280,-0.025458812713623,1.33712077140808,0.0913648083806038,0,0
157,1162.886800,-0.0612763799726963,1.33712077140808,0.0913648083806038,0,0
158,1170.531400,-0.0612763799726963,1.33712077140808,0.0913648083806038,0,0
159,1178.382940,-0.0975714474916458,1.33712077140808,0.0913648083806038,0,0
160,1186.330340,-0.116679817438126,1.33712077140808,0.0913648083806038,0,0
161,1194.211740,-0.0894887149333954,1.33712077140808,0.0913648083806038,0,0
162,1202.159220,-0.036201898008585,1.33712077140808,0.0913648083806038,0,0
163,1209.152460,-0.036201898008585,-0.214861705899239,0.0913648083806038,0,0
164,1215.268700,-0.00491979578509927,-0.214861705899239,0.0913648083806038,0,0
165,1221.443740,-0.00491979578509927,-0.214861705899239,0.0913648083806038,0,0
166,1227.622640,-0.00756851211190224,-0.214861705899239,0.0913648083806038,0,0
167,1234.532380,-0.0190347097814083,-0.214861705899239,0.0913648083806038,0,0
168,1240.676720,-0.0190347097814083,-0.214861705899239,0.0913648083806038,0,0
169,1247.006160,-0.0359309576451778,-0.214861705899239,0.0913648083806038,0,0
170,1253.150080,-0.0712476521730423,-0.214861705899239,0.0913648083806038,0,0
171,1259.896060,-0.0712476521730423,-0.700915098190308,0.0913648083806038,0,0
172,1268.257880,-0.118129923939705,-0.700915098190308,0.0913648083806038,0,0
173,1276.094260,-0.120133548974991,-0.700915098190308,0.0913648083806038,0,0
174,1284.121080,-0.0613290220499039,-0.700915098190308,0.0913648083806038,0,0
175,1291.995480,0.006008415017277,-0.700915098190308,0.0913648083806038,0,0
176,1299.690160,0.006008415017277,-0.700915098190308,0.0913648083806038,0,0
177,1308.058220,0.0388127900660038,2.20120882987976,0.0913648083806038,0,0
178,1314.272140,0.0279488191008568,2.20120882987976,0.0913648083806038,0,0
179,1320.401940,0.0279488191008568,2.20120882987976,0.0913648083806038,0,0
180,1326.568660,-0.00220090872608125,2.20120882987976,0.0913648083806038,0,0
181,1333.325840,-0.0375838279724121,2.20120882987976,0.0913648083806038,0,0
182,1339.481660,-0.0375838279724121,2.20120882987976,0.0913648083806038,0,0
183,1345.614920,-0.0733000189065933,2.20120882987976,0.0913648083806038,0,0
184,1351.926660,-0.101299911737442,2.20120882987976,0.0913648083806038,0,0
185,1358.524720,-0.101299911737442,-2.80225396156311,0.0913648083806038,0,0
186,1365.116000,-0.108739353716373,-2.80225396156311,0.0913648083806038,0,0
187,1371.387280,-0.108739353716373,-2.80225396156311,0.0913648083806038,0,0
188,1377.519540,-0.0685871541500092,-2.80225396156311,0.0913648083806038,0,0
189,1383.681360,-0.0211124047636986,-2.80225396156311,0.0913648083806038,0,0
190,1391.913460,-0.0211124047636986,-2.80225396156311,0.0913648083806038,0,0
191,1399.557420,0.00113395694643259,-2.80225396156311,0.0913648083806038,0,0
192,1407.689660,-0.00112888333387673,2.00342059135437,0.0913648083806038,0,0
193,1415.468360,-0.0192276574671268,2.00342059135437,0.0913648083806038,0,0
194,1423.308960,-0.047190610319376,2.00342059135437,0.0913648083806038,0,0
195,1431.272120,-0.047190610319376,2.00342059135437,0.0913648083806038,0,0
196,1438.283600,-0.0811546295881271,2.00342059135437,0.0913648083806038,0,0
197,1444.424280,-0.102968312799931,2.00342059135437,0.0913648083806038,0,0
198,1450.565980,-0.102968312799931,2.00342059135437,0.0913648083806038,0,0
199,1457.269860,-0.0709397345781326,-1.39621698856354,0.0913648083806038,0,0
200,1463.938860,-0.00758028030395508,-1.39621698856354,0.0913648083806038,0,0
201,1470.109600,-0.00758028030395508,-1.39621698856354,0.0913648083806038,0,0
202,1476.294820,0.0360665880143642,-1.39621698856354,0.0913648083806038,0,0
203,1483.601380,0.0401907339692116,-1.39621698856354,0.0913648083806038,0,0
204,1491.413000,0.0401907339692116,-1.39621698856354,0.0913648083806038,0,0
205,1499.471440,0.014890250749886,-1.39621698856354,0.0913648083806038,0,0
206,1508.380420,-0.0111820409074426,1.19515383243561,0.0913648083806038,0,0
207,1516.223260,-0.0409205257892609,1.19515383243561,0.0913648083806038,0,0
208,1524.185540,-0.0742724984884262,1.19515383243561,0.0913648083806038,0,0
209,1532.260860,-0.105500012636185,1.19515383243561,0.0913648083806038,0,0
210,1540.093500,-0.105500012636185,1.19515383243561,0.0913648083806038,0,0
211,1548.084860,-0.111681669950485,1.19515383243561,0.0913648083806038,0,0
212,1556.503140,-0.110014341771603,-1.97664606571198,0.0913648083806038,0,0
213,1565.239160,-0.143861055374146,-1.97664606571198,0.0913648083806038,0,0
214,1572.126480,-0.178931921720505,-1.97664606571198,0.0913648083806038,0,0
215,1578.272100,-0.178931921720505,-1.97664606571198,0.0913648083806038,0,0
216,1584.499940,-0.202109768986702,-1.97664606571198,0.0913648083806038,0,0
217,1590.693400,-0.202109768986702,-1.97664606571198,0.0913648083806038,0,0
218,1597.027960,-0.222784429788589,-1.97664606571198,0.0913648083806038,0,0
219,1603.261260,-0.232587218284607,-1.97664606571198,0.0913648083806038,0,0
220,1609.904480,-0.232587218284607,-2.45145750045776,0.0913648083806038,0,0
221,1616.052700,-0.229779705405235,-2.45145750045776,0.0913648083806038,0,0
222,1623.437960,-0.225808769464493,-2.45145750045776,0.0913648083806038,0,0
223,1631.467960,-0.225808769464493,-2.45145750045776,0.0913648083806038,0,0
224,1640.086840,-0.224346816539764,-2.45145750045776,0.0913648083806038,0,0
225,1648.083180,-0.224022164940834,-2.45145750045776,0.0913648083806038,0,0
226,1656.370020,-0.220890313386917,0.233938097953796,0.0913648083806038,0,0
227,1664.380420,-0.219657689332962,0.233938097953796,0.0913648083806038,0,0
228,1671.352680,-0.219657689332962,0.233938097953796,0.0913648083806038,0,0
229,1677.539900,-0.215534433722496,0.233938097953796,0.0913648083806038,0,0
230,1683.910640,-0.210357040166855,0.233938097953796,0.0913648083806038,0,0
231,1690.046020,-0.210357040166855,0.233938097953796,0.0913648083806038,0,0
232,1696.184860,-0.197730734944344,0.233938097953796,0.0913648083806038,0,0
233,1702.372420,-0.1817736774683,0.233938097953796,0.0913648083806038,0,0
234,1709.021760,-0.1817736774683,0.782332718372345,0.0913648083806038,0,0
235,1715.164860,-0.166943266987801,0.782332718372345,0.0913648083806038,0,0
236,1721.352960,-0.166943266987801,0.782332718372345,0.0913648083806038,0,0
237,1727.513500,-0.153062105178833,0.782332718372345,0.0913648083806038,0,0
238,1734.239560,-0.142843201756477,0.782332718372345,0.0913648083806038,0,0
239,1740.404500,-0.142843201756477,0.782332718372345,0.0913648083806038,0,0
240,1747.462600,-0.134483933448792,0.782332718372345,0.0913648083806038,0,1
241,1756.423940,-0.1267409324646,1.10065484046936,0.0913648083806038,0,1
242,1764.276560,-0.121316373348236,1.10065484046936,0.0913648083806038,0,1
243,1772.228180,-0.121316373348236,1.10065484046936,0.0913648083806038,0,1
244,1780.176340,-0.115881614387035,1.10065484046936,0.0913648083806038,0,1
245,1788.011940,-0.1156837195158,1.10065484046936,0.0913648083806038,0,1
246,1795.261480,-0.11559434980154,1.10065484046936,0.0913648083806038,0,1
247,1801.419600,-0.11559434980154,1.10065484046936,0.0913648083806038,0,1
248,1808.127460,-0.115481674671173,0.22518515586853,0.0913648083806038,0,1
249,1814.333160,-0.115361221134663,0.22518515586853,0.0913648083806038,0,1
250,1820.516340,-0.115361221134663,0.22518515586853,0.0913648083806038,0,1
251,1826.702340,-0.115236893296242,0.22518515586853,0.0874038413167,0,1
252,1833.472900,-0.11517084389925,0.22518515586853,0.0833781138062477,0,1
253,1839.646900,-0.11517084389925,0.22518515586853,0.0792922899127007,0,1
254,1845.985900,-0.113552242517471,0.22518515586853,0.075145997107029,0,1
255,1852.167760,-0.112729169428349,0.22518515586853,0.0709425434470177,0,1
256,1858.903300,-0.112729169428349,0.0550501048564911,0.0666814595460892,-0.408445298671722,1
257,1865.388360,-0.11226886510849,0.0550501048564911,0.0580009445548058,-0.408445298671722,1
258,1872.970040,-0.113770551979542,0.0550501048564911,0.049117311835289,-0.408445298671722,1
259,1880.651280,-0.113770551979542,0.0550501048564911,0.0400502607226372,-0.408445298671722,1
260,1888.476900,-0.114425837993622,0.0550501048564911,0.0308107882738113,-0.408445298671722,1
261,1896.399240,-0.114738114178181,0.0550501048564911,0.0214193239808083,-0.408445298671722,1
262,1904.626900,-0.11477966606617,-0.041009932756424,0.00707890838384628,-1.27727270126343,1
263,1912.544160,-0.114694640040398,-0.041009932756424,-0.00262391939759254,-1.27727270126343,1
264,1920.367340,-0.114694640040398,-0.041009932756424,-0.0124224834144115,-1.27727270126343,1
265,1928.388700,-0.114658571779728,-0.041009932756424,-0.0173510611057281,-1.27727270126343,1
266,1937.105780,-0.112612619996071,-0.041009932756424,-0.027260459959507,-1.27727270126343,1
267,1945.151080,-0.111612759530544,-0.041009932756424,-0.0322351232171059,-1.27727270126343,1
268,1953.083480,-0.110917627811432,-0.041009932756424,-0.0372195690870285,-1.27727270126343,1
269,1960.890220,-0.110917627811432,0.0772407650947571,-0.0372195690870285,-0.885969519615173,1
270,1967.353580,-0.110509306192398,0.0772407650947571,-0.0372195690870285,-0.885969519615173,1
271,1973.596740,-0.110206566751003,0.0772407650947571,-0.0372195690870285,-0.885969519615173,1
272,1981.019160,-0.110206566751003,0.0772407650947571,-0.0322351232171059,-0.885969519615173,1
273,1988.945360,-0.110104978084564,0.0772407650947571,-0.022297777235508,-0.885969519615173,1
274,1996.664200,-0.109957590699196,0.0772407650947571,-0.0124224834144115,-0.885969519615173,1
275,2005.076600,-0.109927713871002,0.0197982788085938,0.0022408626973629,0.789208650588989,1
276,2012.926600,-0.111600771546364,0.0197982788085938,0.0166706889867783,0.789208650588989,1
277,2020.680460,-0.111600771546364,0.0197982788085938,0.0308107882738113,0.789208650588989,1
278,2027.448540,-0.112445279955864,0.0197982788085938,0.0446052029728889,0.789208650588989,1
279,2034.188880,-0.11148527264595,0.0197982788085938,0.0580009445548058,0.789208650588989,1
280,2040.384840,-0.11148527264595,0.0197982788085938,0.0666814595460892,0.789208650588989,1
281,2047.558540,-0.112742058932781,0.0197982788085938,0.0792922899127007,0.789208650588989,1
282,2056.530740,-0.113518849015236,-0.0718227028846741,0.095261462032795,1.78247892856598,1
283,2064.089640,-0.116531878709793,-0.0718227028846741,0.110163561999798,1.78247892856598,1
284,2070.353960,-0.116531878709793,-0.0718227028846741,0.11718112975359,1.78247892856598,1
285,2076.527660,-0.120898045599461,-0.0718227028846741,0.127129554748535,1.78247892856598,1
286,2082.693280,-0.123198993504047,-0.0718227028846741,0.133361667394638,1.78247892856598,1
287,2090.245000,-0.123198993504047,-0.0718227028846741,0.139258593320847,1.78247892856598,1
288,2098.158760,-0.124292574822903,-0.0718227028846741,0.144812107086182,1.78247892856598,1
289,2106.489740,-0.122776962816715,-0.185162276029587,0.15000993013382,1.17290246486664,1
290,2114.416500,-0.122014962136745,-0.185162276029587,0.154845774173737,1.17290246486664,1
291,2122.340660,-0.121635600924492,-0.185162276029587,0.157124131917953,1.17290246486664,1
292,2130.359840,-0.121635600924492,-0.185162276029587,0.159308910369873,1.17290246486664,1
293,2137.935260,-0.124038942158222,-0.185162276029587,0.161398738622665,1.17290246486664,1
294,2144.140740,-0.128061473369598,-0.185162276029587,0.161398738622665,1.17290246486664,1
295,2150.333560,-0.128061473369598,-0.185162276029587,0.161398738622665,1.17290246486664,1
296,2157.047580,-0.130737885832787,-0.159218460321426,0.161398738622665,0.227776169776917,1
297,2163.520540,-0.12859158217907,-0.159218460321426,0.161398738622665,0.227776169776917,1
298,2169.923940,-0.12859158217907,-0.159218460321426,0.161398738622665,0.227776169776917,1
299,2176.075660,-0.127350941300392,-0.159218460321426,0.161398738622665,0.227776169776917,1
300,2182.268080,-0.126867458224297,-0.159218460321426,0.163392722606659,0.227776169776917,1
301,2188.399080,-0.126867458224297,-0.159218460321426,0.163392722606659,0.227776169776917,1
302,2194.554780,-0.126356780529022,-0.159218460321426,0.163392722606659,0.227776169776917,1
303,2200.880620,-0.126356780529022,-0.159218460321426,0.163392722606659,0.227776169776917,1
304,2207.456000,-0.126236319541931,0.0900313258171082,0.165289610624313,0.0398796796798706,1
305,2213.651820,-0.125909104943275,0.0900313258171082,0.165289610624313,0.0398796796798706,1
306,2220.001740,-0.125909104943275,0.0900313258171082,0.165289610624313,0.0398796796798706,1
307,2226.193600,-0.12571094930172,0.0900313258171082,0.167089253664017,0.0398796796798706,1
308,2232.652480,-0.125547766685486,0.0900313258171082,0.167089253664017,0.0398796796798706,1
309,2238.951700,-0.125547766685486,0.0900313258171082,0.168790876865387,0.0398796796798706,1
310,2245.102820,-0.12306635081768,0.0900313258171082,0.170393019914627,0.0398796796798706,1
311,2251.294700,-0.12306635081768,0.0900313258171082,0.170393019914627,0.0398796796798706,1
312,2257.950860,-0.124089919030666,0.042928010225296,0.17189484834671,0.170042514801025,1
313,2266.050500,-0.124458372592926,0.042928010225296,0.173296749591827,0.170042514801025,1
314,2273.707260,-0.124396972358227,0.042928010225296,0.174597978591919,0.170042514801025,1
315,2281.578760,-0.124396972358227,0.042928010225296,0.174597978591919,0.170042514801025,1
316,2289.528280,-0.121840715408325,0.042928010225296,0.175796866416931,0.170042514801025,1
317,2297.357100,-0.120461009442806,0.042928010225296,0.175796866416931,0.170042514801025,1
318,2305.639500,-0.119567982852459,0.0904387235641479,0.176893770694733,0.0999784469604492,1
319,2313.662080,-0.11891233175993,0.0904387235641479,0.176893770694733,0.0999784469604492,1
320,2321.635900,-0.11891233175993,0.0904387235641479,0.177887827157974,0.0999784469604492,1
321,2329.430800,-0.118285730481148,0.0904387235641479,0.177887827157974,0.0999784469604492,1
322,2338.160500,-0.117694988846779,0.0904387235641479,0.177887827157974,0.0999784469604492,1
323,2346.191420,-0.11726475507021,0.0904387235641479,0.177887827157974,0.0999784469604492,1
324,2354.509220,-0.116744890809059,0.0564618408679962,0.177887827157974,0.0198811292648315,1
325,2362.345380,-0.116284780204296,0.0564618408679962,0.177887827157974,0.0198811292648315,1
326,2370.294380,-0.116284780204296,0.0564618408679962,0.177887827157974,0.0198811292648315,1
327,2378.169480,-0.11574100703001,0.0564618408679962,0.177887827157974,0.0198811292648315,1
328,2386.119400,-0.112684801220894,0.0564618408679962,0.177887827157974,0.0198811292648315,1
329,2394.093060,-0.111014373600483,0.0564618408679962,0.176893770694733,0.0198811292648315,1
330,2400.712600,-0.111014373600483,0.0564618408679962,0.176893770694733,0.0198811292648315,1
331,2407.478680,-0.107815608382225,0.178585648536682,0.176893770694733,-0.0198811292648315,1
332,2413.640520,-0.106227286159992,0.178585648536682,0.175796866416931,-0.0198811292648315,1
333,2419.927580,-0.106227286159992,0.178585648536682,0.175796866416931,-0.0198811292648315,1
334,2426.140400,-0.106874354183674,0.178585648536682,0.175796866416931,-0.0198811292648315,1
335,2433.701020,-0.106889188289642,0.178585648536682,0.174597978591919,-0.0198811292648315,1
336,2441.571800,-0.106889188289642,0.178585648536682,0.174597978591919,-0.0198811292648315,1
337,2449.321160,-0.104914657771587,0.178585648536682,0.173296749591827,-0.0198811292648315,1
338,2457.607240,-0.103777214884758,0.0807678699493408,0.17189484834671,-0.0719404220581055,1
339,2465.450620,-0.102949544787407,0.0807678699493408,0.17189484834671,-0.0719404220581055,1
340,2473.330500,-0.10218607634306,0.0807678699493408,0.168790876865387,-0.0719404220581055,1
341,2480.646240,-0.10218607634306,0.0807678699493408,0.167089253664017,-0.0719404220581055,1
342,2486.967320,-0.0996941402554512,0.0807678699493408,0.165289610624313,-0.0719404220581055,1
343,2493.165660,-0.097370833158493,0.0807678699493408,0.161398738622665,-0.0719404220581055,1
344,2499.355620,-0.097370833158493,0.0807678699493408,0.159308910369873,-0.0719404220581055,1
345,2506.087720,-0.0953966304659843,0.167611688375473,0.154845774173737,-0.369019508361816,1
346,2512.272460,-0.0940841287374496,0.167611688375473,0.15000993013382,-0.369019508361816,1
347,2518.394740,-0.0940841287374496,0.167611688375473,0.144812107086182,-0.369019508361816,1
348,2524.589620,-0.092768520116806,0.167611688375473,0.142079293727875,-0.369019508361816,1
349,2530.903820,-0.092768520116806,0.167611688375473,0.136352300643921,-0.369019508361816,1
350,2537.485660,-0.0912738442420959,0.167611688375473,0.130286991596222,-0.369019508361816,1
351,2543.632680,-0.0869512110948563,0.167611688375473,0.120575450360775,-0.369019508361816,1
352,2549.949120,-0.0869512110948563,0.167611688375473,0.113709159195423,-0.369019508361816,1
353,2556.532700,-0.0844717770814896,0.218497067689896,0.106544010341167,-0.893644213676453,1
354,2563.135720,-0.0805395692586899,0.218497067689896,0.0990906283259392,-0.893644213676453,1
355,2569.303500,-0.0805395692586899,0.218497067689896,0.0913648083806038,-0.893644213676453,1
356,2575.510900,-0.076347216963768,0.218497067689896,0.0833781138062477,-0.893644213676453,1
357,2581.862720,-0.076347216963768,0.218497067689896,0.0709425434470177,-0.893644213676453,1
358,2587.995140,-0.0737858936190605,0.218497067689896,0.0623677521944046,-0.893644213676453,1
359,2594.133540,-0.0717921853065491,0.218497067689896,0.0535845682024956,-0.893644213676453,1
360,2600.308980,-0.0717921853065491,0.218497067689896,0.0446052029728889,-0.893644213676453,1
361,2607.031400,-0.0702705755829811,0.284024029970169,0.0308107882738113,-1.49424755573273,1
362,2613.157500,-0.0691543221473694,0.284024029970169,0.0214193239808083,-1.49424755573273,1
363,2619.337780,-0.0691543221473694,0.284024029970169,0.0118898525834084,-1.49424755573273,1
364,2625.670360,-0.066404402256012,0.284024029970169,0.0022408626973629,-1.49424755573273,1
365,2632.183280,-0.0647063031792641,0.284024029970169,-0.00751330703496933,-1.49424755573273,1
366,2638.279060,-0.0647063031792641,0.284024029970169,-0.0173510611057281,-1.49424755573273,1
367,2644.432160,-0.0621659271419048,0.284024029970169,-0.022297777235508,-1.49424755573273,1
368,2651.417380,-0.0621659271419048,0.284024029970169,-0.0322351232171059,-1.49424755573273,1
369,2659.600360,-0.0598838813602924,0.207733884453774,-0.0422143340110779,-1.35372602939606,1
370,2667.424580,-0.0566839203238487,0.207733884453774,-0.0522178485989571,-1.35372602939606,1
371,2676.154540,-0.0532414801418781,0.207733884453774,-0.05722401663661,-1.35372602939606,1
372,2684.110280,-0.0503545477986336,0.207733884453774,-0.0622307993471622,-1.35372602939606,1
373,2692.023780,-0.0503545477986336,0.207733884453774,-0.0672332644462585,-1.35372602939606,1
374,2699.975340,-0.0474967211484909,0.207733884453774,-0.0722310245037079,-1.35372602939606,1
375,2708.165120,-0.0446327701210976,0.305022209882736,-0.0772227942943573,-0.899753391742706,1
376,2716.191880,-0.0418087393045425,0.305022209882736,-0.0772227942943573,-0.899753391742706,1
377,2724.235240,-0.0374652296304703,0.305022209882736,-0.0772227942943573,-0.899753391742706,1
378,2732.113640,-0.0351195894181728,0.305022209882736,-0.0772227942943573,-0.899753391742706,1
379,2740.056660,-0.0351195894181728,0.305022209882736,-0.0772227942943573,-0.899753391742706,1
380,2746.269740,-0.033236101269722,0.305022209882736,-0.0772227942943573,-0.899753391742706,1
381,2752.510560,-0.0316515155136585,0.305022209882736,-0.0722310245037079,-0.899753391742706,1
382,2760.013920,-0.0316515155136585,0.25962507724762,-0.0722310245037079,0.0998353958129883,1
383,2767.713140,-0.0303557012230158,0.25962507724762,-0.0672332644462585,0.0998353958129883,1
384,2775.447520,-0.0291856769472361,0.25962507724762,-0.0672332644462585,0.0998353958129883,1
385,2783.402620,-0.0274117477238178,0.25962507724762,-0.0672332644462585,0.0998353958129883,1
386,2791.236460,-0.0274117477238178,0.25962507724762,-0.0672332644462585,0.0998353958129883,1
387,2799.086140,-0.0258526615798473,0.25962507724762,-0.0672332644462585,0.0998353958129883,1
388,2807.416920,-0.0237994771450758,0.157040759921074,-0.0672332644462585,0.0999552011489868,1
389,2813.605960,-0.0220560450106859,0.157040759921074,-0.0672332644462585,0.0999552011489868,1
390,2819.917480,-0.0220560450106859,0.157040759921074,-0.0722310245037079,0.0999552011489868,1
391,2826.116720,-0.0205069724470377,0.157040759921074,-0.0722310245037079,0.0999552011489868,1
392,2832.581560,-0.0179671663790941,0.157040759921074,-0.0772227942943573,0.0999552011489868,1
393,2839.091800,-0.0179671663790941,0.157040759921074,-0.0772227942943573,0.0999552011489868,1
394,2845.208760,-0.016649704426527,0.157040759921074,-0.0822063758969307,0.0999552011489868,1
395,2851.392380,-0.016649704426527,0.157040759921074,-0.0822063758969307,0.0999552011489868,1
396,2858.035340,-0.0152817340567708,0.17035485804081,-0.0871777683496475,-0.39889007806778,1
397,2864.501940,-0.0135882953181863,0.17035485804081,-0.0921347737312317,-0.39889007806778,1
398,2870.709260,-0.0135882953181863,0.17035485804081,-0.0970770418643951,-0.39889007806778,1
399,2877.001540,-0.0120022967457771,0.17035485804081,-0.102001488208771,-0.39889007806778,1
400,2883.308300,-0.00961132068186998,0.17035485804081,-0.102001488208771,-0.39889007806778,1
401,2891.965640,-0.00859014503657818,0.17035485804081,-0.106905922293663,-0.39889007806778,1
402,2899.602760,-0.00859014503657818,0.17035485804081,-0.111787334084511,-0.39889007806778,1
403,2908.021920,-0.00670780194923282,0.171478644013405,-0.121476896107197,-0.589351177215576,1
404,2915.610300,-0.00525676738470793,0.171478644013405,-0.126279890537262,-0.589351177215576,1
405,2923.395300,-0.00364110944792628,0.171478644013405,-0.126279890537262,-0.589351177215576,1
406,2931.242500,-0.00364110944792628,0.171478644013405,-0.131051361560822,-0.589351177215576,1
407,2937.905480,-0.00229675299488008,0.171478644013405,-0.135790914297104,-0.589351177215576,1
408,2945.238900,-0.00121723173651844,0.171478644013405,-0.140497326850891,-0.589351177215576,1
409,2953.084300,8.83865359355696E-05,0.171478644013405,-0.140497326850891,-0.589351177215576,1
410,2961.360160,8.83865359355696E-05,0.135923773050308,-0.145164266228676,-0.477039963006973,1
411,2967.928960,0.00156026845797896,0.135923773050308,-0.145164266228676,-0.477039963006973,1
412,2974.074340,0.00353862764313817,0.135923773050308,-0.145164266228676,-0.477039963006973,1
413,2980.322480,0.00353862764313817,0.135923773050308,-0.149793058633804,-0.477039963006973,1
414,2986.505840,0.00477937702089548,0.135923773050308,-0.149793058633804,-0.477039963006973,1
415,2992.647160,0.00542016979306936,0.135923773050308,-0.149793058633804,-0.477039963006973,1
416,2998.962020,0.00542016979306936,0.135923773050308,-0.149793058633804,-0.477039963006973,1
417,3005.455120,0.00739982584491372,0.146228775382042,-0.149793058633804,-0.185914635658264,1
418,3011.633880,0.00739982584491372,0.146228775382042,-0.149793058633804,-0.185914635658264,1
419,3017.891660,0.00833454169332981,0.146228775382042,-0.149793058633804,-0.185914635658264,1
420,3024.060880,0.00935226399451494,0.146228775382042,-0.145164266228676,-0.185914635658264,1
421,3030.276660,0.00935226399451494,0.146228775382042,-0.145164266228676,-0.185914635658264,1
422,3036.945660,0.00987728126347065,0.146228775382042,-0.145164266228676,-0.185914635658264,1
423,3043.135780,0.011162337847054,0.146228775382042,-0.145164266228676,-0.185914635658264,1
424,3050.020320,0.011162337847054,0.146228775382042,-0.140497326850891,-0.185914635658264,1
425,3058.717480,0.011820163577795,0.0884067565202713,-0.140497326850891,0.185914635658264,1
426,3066.537100,0.0121347429230809,0.0884067565202713,-0.135790914297104,0.185914635658264,1
427,3074.346780,0.0123385237529874,0.0884067565202713,-0.135790914297104,0.185914635658264,1
428,3082.208340,0.0123385237529874,0.0884067565202713,-0.135790914297104,0.185914635658264,1
429,3090.105740,0.0135918809100986,0.0884067565202713,-0.131051361560822,0.185914635658264,1
430,3098.189660,0.0142032625153661,0.0884067565202713,-0.131051361560822,0.185914635658264,1
431,3106.606760,0.0149947544559836,0.0634918138384819,-0.126279890537262,0.284348726272583,1
432,3114.506660,0.0154431536793709,0.0634918138384819,-0.126279890537262,0.284348726272583,1
433,3122.507120,0.0156639479100704,0.0634918138384819,-0.126279890537262,0.284348726272583,1
434,3130.391400,0.0156639479100704,0.0634918138384819,-0.126279890537262,0.284348726272583,1
435,3139.014260,0.0157250985503197,0.0634918138384819,-0.121476896107197,0.284348726272583,1
436,3147.100240,0.014668770134449,0.0634918138384819,-0.121476896107197,0.284348726272583,1
437,3155.265460,0.0152122117578983,0.00434914603829384,-0.121476896107197,0.0960598886013031,1
438,3163.298900,0.0155824469402432,0.00434914603829384,-0.121476896107197,0.0960598886013031,1
439,3171.156540,0.0155824469402432,0.00434914603829384,-0.121476896107197,0.0960598886013031,1
440,3179.140900,0.0157183073461056,0.00434914603829384,-0.121476896107197,0.0960598886013031,1
441,3186.455940,0.0151511570438743,0.00434914603829384,-0.121476896107197,0.0960598886013031,1
442,3192.603260,0.0148522946983576,0.00434914603829384,-0.121476896107197,0.0960598886013031,1
443,3198.917180,0.0148522946983576,0.00434914603829384,-0.121476896107197,0.0960598886013031,1
444,3205.437920,0.0153684997931123,0.00312576070427895,-0.121476896107197,0,1
445,3211.646780,0.0153684997931123,0.00312576070427895,-0.121476896107197,0,1
446,3217.895260,0.0155620956793427,0.00312576070427895,-0.121476896107197,0,1
447,3224.099280,0.0145872496068478,0.00312576070427895,-0.121476896107197,0,1
448,3232.061620,0.0145872496068478,0.00312576070427895,-0.116645328700542,0,1
449,3240.063620,0.0140811540186405,0.00312576070427895,-0.111787334084511,0,1
450,3247.985860,0.0137788392603397,0.00312576070427895,-0.106905922293663,0,1
451,3256.265900,0.013680343516171,-0.033763125538826,-0.102001488208771,0.291419476270676,1
452,3264.131900,0.0130926510319114,-0.033763125538826,-0.0970770418643951,0.291419476270676,1
453,3272.246460,0.0127801513299346,-0.033763125538826,-0.0921347737312317,0.291419476270676,1
454,3279.002020,0.0127801513299346,-0.033763125538826,-0.0871777683496475,0.291419476270676,1
455,3285.168780,0.0126272579655051,-0.033763125538826,-0.0822063758969307,0.291419476270676,1
456,3291.351680,0.0126272579655051,-0.033763125538826,-0.0722310245037079,0.291419476270676,1
457,3297.434400,0.0125661082565784,-0.033763125538826,-0.0672332644462585,0.291419476270676,1
458,3303.586080,0.0120158009231091,-0.033763125538826,-0.0622307993471622,0.291419476270676,1
459,3310.334500,0.0120158009231091,-0.0332908518612385,-0.0522178485989571,0.893502473831177,1
460,3316.464400,0.0106443408876657,-0.0332908518612385,-0.0472144931554794,0.893502473831177,1
461,3322.669440,0.0100188441574574,-0.0332908518612385,-0.0372195690870285,0.893502473831177,1
462,3328.978580,0.0100188441574574,-0.0332908518612385,-0.0322351232171059,0.893502473831177,1
463,3335.404780,0.00961261708289385,-0.0332908518612385,-0.027260459959507,0.893502473831177,1
464,3341.672160,0.00961261708289385,-0.0332908518612385,-0.0173510611057281,0.893502473831177,1
465,3347.974120,0.0083869555965066,-0.0332908518612385,-0.0124224834144115,0.893502473831177,1
466,3354.498700,0.00727050798013806,-0.094905860722065,-0.00262391939759254,1.19213759899139,1
467,3360.708580,0.00727050798013806,-0.094905860722065,0.0022408626973629,1.19213759899139,1
468,3367.427000,0.00668083177879453,-0.094905860722065,0.0118898525834084,1.19213759899139,1
469,3373.602840,0.00567401899024844,-0.094905860722065,0.0166706889867783,1.19213759899139,1
470,3379.905440,0.00567401899024844,-0.094905860722065,0.0214193239808083,1.19213759899139,1
471,3386.092580,0.00323667516931891,-0.094905860722065,0.026132807135582,1.19213759899139,1
472,3392.260280,0.00231325160712004,-0.094905860722065,0.0308107882738113,1.19213759899139,1
473,3398.374440,0.00231325160712004,-0.094905860722065,0.0354511812329292,1.19213759899139,1
474,3405.111220,0.00142692564986646,-0.116871647536755,0.0354511812329292,0.761502027511597,1
475,3411.305260,0.00142692564986646,-0.116871647536755,0.0400502607226372,0.761502027511597,1
476,3417.457280,0.000947113032452762,-0.116871647536755,0.0400502607226372,0.761502027511597,1
477,3423.606320,0.000740489980671555,-0.116871647536755,0.0446052029728889,0.761502027511597,1
478,3429.952660,0.000740489980671555,-0.116871647536755,0.0446052029728889,0.761502027511597,1
479,3436.213340,0.000640544865746051,-0.116871647536755,0.0446052029728889,0.761502027511597,1
480,3442.353860,-0.000251808174652979,-0.116871647536755,0.0446052029728889,0.761502027511597,1
481,3449.933860,-0.000251808174652979,-0.116871647536755,0.0446052029728889,0.761502027511597,1
482,3458.057260,-0.00143396377097815,-0.0572177842259407,0.0400502607226372,0.0919815897941589,1
483,3466.633480,-0.00264808651991189,-0.0572177842259407,0.0400502607226372,0.0919815897941589,1
484,3474.449560,-0.00328338611871004,-0.0572177842259407,0.0400502607226372,0.0919815897941589,1
485,3482.274360,-0.00328338611871004,-0.0572177842259407,0.0400502607226372,0.0919815897941589,1
486,3490.300580,-0.00403949758037925,-0.0572177842259407,0.0354511812329292,0.0919815897941589,1
487,3498.208580,-0.00436265952885151,-0.0572177842259407,0.0354511812329292,0.0919815897941589,1
488,3506.649160,-0.00457914359867573,-0.0629035905003548,0.0354511812329292,-0.0919815897941589,1
489,3514.497100,-0.0046889497898519,-0.0629035905003548,0.0354511812329292,-0.0919815897941589,1
490,3522.478020,-0.00378232961520553,-0.0629035905003548,0.0354511812329292,-0.0919815897941589,1
491,3530.427660,-0.00378232961520553,-0.0629035905003548,0.0354511812329292,-0.0919815897941589,1
492,3538.161440,-0.00468744290992618,-0.0629035905003548,0.0354511812329292,-0.0919815897941589,1
493,3546.297040,-0.00520980823785067,-0.0629035905003548,0.0354511812329292,-0.0919815897941589,1
494,3555.170160,-0.00641605397686362,-0.0367382057011127,0.0354511812329292,0,1
495,3563.230260,-0.00743097299709916,-0.0367382057011127,0.0354511812329292,0,1
496,3571.190480,-0.00743097299709916,-0.0367382057011127,0.0354511812329292,0,1
497,3579.122380,-0.00795333832502365,-0.0367382057011127,0.0354511812329292,0,1
498,3587.064380,-0.00876268371939659,-0.0367382057011127,0.0354511812329292,0,1
499,3594.950260,-0.00911087077111006,-0.0367382057011127,0.0354511812329292,0,1
500,3602.553960,-0.00835325196385384,-0.0367382057011127,0.0354511812329292,0,1
501,3611.000180,-0.00835325196385384,-0.0387439578771591,0.0354511812329292,0,1
502,3618.635480,-0.00940111186355352,-0.0387439578771591,0.0400502607226372,0,1
503,3626.589640,-0.0105268666520715,-0.0387439578771591,0.0400502607226372,0,1
504,3634.606700,-0.0111808395013213,-0.0387439578771591,0.0400502607226372,0,1
505,3641.145140,-0.0111808395013213,-0.0387439578771591,0.0400502607226372,0,1
506,3647.253100,-0.0108491135761142,-0.0387439578771591,0.0400502607226372,0,1
507,3653.437940,-0.0106026837602258,-0.0387439578771591,0.0400502607226372,0,1
508,3660.132280,-0.0106026837602258,-0.0449886359274387,0.0446052029728889,0.0919815897941589,1
509,3666.556780,-0.0105805965140462,-0.0449886359274387,0.0446052029728889,0.0919815897941589,1
510,3672.893600,-0.0104984473437071,-0.0449886359274387,0.0446052029728889,0.0919815897941589,1
511,3679.065840,-0.0104984473437071,-0.0449886359274387,0.0446052029728889,0.0919815897941589,1
512,3685.197260,-0.0104984473437071,-0.0449886359274387,0.0446052029728889,0.0919815897941589,1
513,3691.457260,-0.0104984473437071,-0.0449886359274387,0.049117311835289,0.0919815897941589,1
514,3697.575980,-0.0111555866897106,-0.0449886359274387,0.049117311835289,0.0919815897941589,1
515,3704.283340,-0.0115252109244466,-0.0184505432844162,0.049117311835289,0.181341022253037,1
516,3710.433560,-0.0115252109244466,-0.0184505432844162,0.049117311835289,0.181341022253037,1
517,3716.541520,-0.0116894915699959,-0.0184505432844162,0.0535845682024956,0.181341022253037,1
518,3722.883880,-0.0127921486273408,-0.0184505432844162,0.0535845682024956,0.181341022253037,1
519,3729.085560,-0.0127921486273408,-0.0184505432844162,0.0535845682024956,0.181341022253037,1
520,3735.383840,-0.0133734894916415,-0.0184505432844162,0.0535845682024956,0.181341022253037,1
521,3741.584180,-0.0133734894916415,-0.0184505432844162,0.0535845682024956,0.181341022253037,1
522,3747.699960,-0.0143718337640166,-0.0184505432844162,0.0535845682024956,0.181341022253037,1
523,3754.907600,-0.0137809943407774,-0.0451156683266163,0.0580009445548058,0.177672654390335,1
524,3761.128700,-0.0137809943407774,-0.0451156683266163,0.0580009445548058,0.177672654390335,1
525,3767.546940,-0.0135661317035556,-0.0451156683266163,0.0580009445548058,0.177672654390335,1
526,3773.883180,-0.0127099612727761,-0.0451156683266163,0.0580009445548058,0.177672654390335,1
527,3780.191720,-0.0127099612727761,-0.0451156683266163,0.0580009445548058,0.177672654390335,1
528,3786.340400,-0.0132818408310413,-0.0451156683266163,0.0580009445548058,0.177672654390335,1
529,3792.565580,-0.0136388782411814,-0.0451156683266163,0.0580009445548058,0.177672654390335,1
530,3798.908500,-0.0136388782411814,-0.0451156683266163,0.0580009445548058,0.177672654390335,1
531,3805.447000,-0.0144950486719608,-0.0142810866236687,0.0580009445548058,0,1
532,3811.600320,-0.0144950486719608,-0.0142810866236687,0.0580009445548058,0,1
533,3817.897280,-0.0149025917053223,-0.0142810866236687,0.0580009445548058,0,1
534,3824.063840,-0.015126914717257,-0.0142810866236687,0.0580009445548058,0,1
535,3830.263460,-0.015126914717257,-0.0142810866236687,0.0580009445548058,0,1
536,3837.216260,-0.0159672740846872,-0.0142810866236687,0.0580009445548058,0,1
537,3845.177520,-0.0163779836148024,-0.0142810866236687,0.0580009445548058,0,1
538,3852.995700,-0.0158440582454205,-0.0142810866236687,0.0580009445548058,0,1
539,3862.163760,-0.0158440582454205,-0.0269801914691925,0.0580009445548058,0,1
540,3870.071260,-0.0155976489186287,-0.0269801914691925,0.0580009445548058,0,1
541,3877.959360,-0.0154744340106845,-0.0269801914691925,0.0580009445548058,0,1
542,3885.889040,-0.0154333496466279,-0.0269801914691925,0.0580009445548058,0,1
543,3893.685720,-0.0153922848403454,-0.0269801914691925,0.0580009445548058,0,1
544,3901.522980,-0.0153922848403454,-0.0269801914691925,0.0580009445548058,0,1
545,3909.922860,-0.0160494223237038,-0.0041072815656662,0.0580009445548058,0,1
546,3917.712680,-0.0164190474897623,-0.0041072815656662,0.0580009445548058,0,1
547,3925.439160,-0.0148046109825373,-0.0041072815656662,0.0580009445548058,0,1
548,3933.446200,-0.0140368649736047,-0.0041072815656662,0.0580009445548058,0,1
549,3941.419200,-0.0140368649736047,-0.0041072815656662,0.0580009445548058,0,1
550,3950.085060,-0.0139958569779992,-0.0041072815656662,0.0580009445548058,0,1
551,3958.440500,-0.0139453122392297,0.0420822016894817,0.0580009445548058,0,1
552,3966.401060,-0.0139800645411015,0.0420822016894817,0.0580009445548058,0,1
553,3974.251520,-0.0139579772949219,0.0420822016894817,0.0580009445548058,0,1
554,3982.120760,-0.0139358518645167,0.0420822016894817,0.0580009445548058,0,1
555,3989.901740,-0.0139358518645167,0.0420822016894817,0.0580009445548058,0,1
556,3996.109960,-0.0139958951622248,0.0420822016894817,0.0580009445548058,0,1
557,4002.250080,-0.0139548107981682,0.0420822016894817,0.0535845682024956,0,1
558,4008.943280,-0.0139548107981682,-0.000189971178770065,0.0535845682024956,-0.0883275270462036,1
559,4015.092860,-0.0128742977976799,-0.000189971178770065,0.0535845682024956,-0.0883275270462036,1
560,4021.269680,-0.0128742977976799,-0.000189971178770065,0.0535845682024956,-0.0883275270462036,1
561,4027.418280,-0.0141127398237586,-0.000189971178770065,0.0535845682024956,-0.0883275270462036,1
562,4033.590040,-0.0147825237363577,-0.000189971178770065,0.0535845682024956,-0.0883275270462036,1
563,4040.365020,-0.0147825237363577,-0.000189971178770065,0.049117311835289,-0.0883275270462036,1
564,4046.470640,-0.015066871419549,-0.000189971178770065,0.049117311835289,-0.0883275270462036,1
565,4052.643860,-0.0152090452611446,-0.000189971178770065,0.0446052029728889,-0.0883275270462036,1
566,4059.380000,-0.0152090452611446,-0.0250846892595291,0.0446052029728889,-0.179587304592133,1
567,4065.962480,-0.0152501296252012,-0.0250846892595291,0.0446052029728889,-0.179587304592133,1
568,4072.113420,-0.0153101347386837,-0.0250846892595291,0.0400502607226372,-0.179587304592133,1
569,4078.248160,-0.0153101347386837,-0.0250846892595291,0.0400502607226372,-0.179587304592133,1
570,4084.403240,-0.0160494223237038,-0.0250846892595291,0.0354511812329292,-0.179587304592133,1
571,4090.553960,-0.0160494223237038,-0.0250846892595291,0.0354511812329292,-0.179587304592133,1
572,4096.917840,-0.014599246904254,-0.0250846892595291,0.0308107882738113,-0.179587304592133,1
573,4105.208860,-0.0139547344297171,0.0250862166285515,0.0308107882738113,-0.275888293981552,1
574,4113.071160,-0.0135724255815148,0.0250862166285515,0.026132807135582,-0.275888293981552,1
575,4121.096320,-0.0135724255815148,0.0250862166285515,0.0214193239808083,-0.275888293981552,1
576,4128.923680,-0.0127131082117558,0.0250862166285515,0.0214193239808083,-0.275888293981552,1
577,4136.560580,-0.0122834397479892,0.0250862166285515,0.0166706889867783,-0.275888293981552,1
578,4144.448920,-0.0121191404759884,0.0250862166285515,0.0166706889867783,-0.275888293981552,1
579,4151.625280,-0.0121191404759884,0.0250862166285515,0.0166706889867783,-0.275888293981552,1
580,4158.360900,-0.0119359204545617,0.0403762795031071,0.0166706889867783,-0.282801985740662,1
581,4164.998380,-0.0118948360905051,0.0403762795031071,0.0166706889867783,-0.282801985740662,1
582,4171.166120,-0.0118948360905051,0.0403762795031071,0.0166706889867783,-0.282801985740662,1
583,4177.335380,-0.0118948360905051,0.0403762795031071,0.0118898525834084,-0.282801985740662,1
584,4183.514960,-0.0118537899106741,0.0403762795031071,0.0118898525834084,-0.282801985740662,1
585,4189.685100,-0.0118537899106741,0.0403762795031071,0.0118898525834084,-0.282801985740662,1
586,4196.035700,-0.0118537899106741,0.0403762795031071,0.0118898525834084,-0.282801985740662,1
587,4202.220760,-0.0118537899106741,0.0403762795031071,0.0118898525834084,-0.282801985740662,1
588,4208.929200,-0.0118537899106741,0.0016426108777523,0.0118898525834084,-0.0956167280673981,1
589,4215.089940,-0.0118537899106741,0.0016426108777523,0.0118898525834084,-0.0956167280673981,1
590,4221.275980,-0.0118537899106741,0.0016426108777523,0.0118898525834084,-0.0956167280673981,1
591,4227.408000,-0.0118537899106741,0.0016426108777523,0.0118898525834084,-0.0956167280673981,1
592,4233.581500,-0.0118537899106741,0.0016426108777523,0.0118898525834084,-0.0956167280673981,1
593,4240.638280,-0.0118537899106741,0.0016426108777523,0.0118898525834084,-0.0956167280673981,1
594,4246.974200,-0.010868301615119,0.0016426108777523,0.0118898525834084,-0.0956167280673981,1
595,4253.134920,-0.0104165645316243,0.0016426108777523,0.0118898525834084,-0.0956167280673981,1
596,4261.191080,-0.0104165645316243,0.0287445075809956,0.0118898525834084,0,1
597,4269.073440,-0.0101342014968395,0.0287445075809956,0.0118898525834084,0,1
598,4276.683840,-0.0109812542796135,0.0287445075809956,0.0118898525834084,0,1
599,4284.625880,-0.011433563195169,0.0287445075809956,0.0118898525834084,0,1
600,4292.477780,-0.0116136549040675,0.0287445075809956,0.0118898525834084,0,1
601,4301.127680,-0.0116136549040675,0.0287445075809956,0.0118898525834084,0,1
602,4309.445060,-0.0117337228730321,-0.0263431668281555,0.0118898525834084,0,1
603,4317.304700,-0.0117937466129661,-0.0263431668281555,0.0118898525834084,0,1
604,4325.229860,-0.0118537899106741,-0.0263431668281555,0.0118898525834084,0,1
605,4333.226520,-0.0118537899106741,-0.0263431668281555,0.0118898525834084,0,1
606,4341.130660,-0.0118537899106741,-0.0263431668281555,0.0118898525834084,0,1
607,4349.238600,-0.0118537899106741,-0.0263431668281555,0.0118898525834084,0,1
608,4357.463880,-0.0128742977976799,-0.0228114984929562,0.0118898525834084,0,1
609,4366.086400,-0.013414554297924,-0.0228114984929562,0.0118898525834084,0,1
610,4374.122160,-0.0137147139757872,-0.0228114984929562,0.0118898525834084,0,1
611,4382.060360,-0.0137147139757872,-0.0228114984929562,0.0118898525834084,0,1
612,4389.924680,-0.0145329665392637,-0.0228114984929562,0.0118898525834084,0,1
613,4397.017780,-0.0149626163765788,-0.0228114984929562,0.0118898525834084,0,1
614,4403.230360,-0.0141064068302512,-0.0228114984929562,0.0118898525834084,0,1
615,4409.947540,-0.0141064068302512,-0.0246421806514263,0.0118898525834084,0,1
616,4416.054040,-0.0136482622474432,-0.0246421806514263,0.0118898525834084,0,1
617,4422.219560,-0.0145297618582845,-0.0246421806514263,0.0118898525834084,0,1
618,4428.361920,-0.0145297618582845,-0.0246421806514263,0.0118898525834084,0,1
619,4434.517780,-0.0148899462074041,-0.0246421806514263,0.0118898525834084,0,1
620,4441.265540,-0.0148899462074041,-0.0246421806514263,0.0118898525834084,0,1
621,4449.265260,-0.0151711273938417,-0.0246421806514263,0.0118898525834084,0,1
622,4457.495420,-0.0152311706915498,-0.0224952772259712,0.0118898525834084,0,1
623,4465.437880,-0.0135724833235145,-0.0224952772259712,0.0118898525834084,0,1
624,4473.256520,-0.0126625820994377,-0.0224952772259712,0.0166706889867783,0,1
625,4481.208520,-0.0126625820994377,-0.0224952772259712,0.0166706889867783,0,1
626,4489.138940,-0.0122581860050559,-0.0224952772259712,0.0166706889867783,0,1
627,4495.648780,-0.0131365200504661,-0.0224952772259712,0.0166706889867783,0,1
628,4502.038820,-0.0135156633332372,-0.0224952772259712,0.0166706889867783,0,1
629,4508.637140,-0.0135156633332372,0.0343101471662521,0.0166706889867783,0.0956167280673981,1
630,4514.941940,-0.0137557601556182,0.0343101471662521,0.0166706889867783,0.0956167280673981,1
631,4521.146000,-0.0137557601556182,0.0343101471662521,0.0214193239808083,0.0956167280673981,1
632,4527.324500,-0.0138347623869777,0.0343101471662521,0.0214193239808083,0.0956167280673981,1
633,4533.523760,-0.0138948056846857,0.0343101471662521,0.0214193239808083,0.0956167280673981,1
634,4540.287500,-0.0138948056846857,0.0343101471662521,0.026132807135582,0.0956167280673981,1
635,4546.441360,-0.0139548107981682,0.0343101471662521,0.026132807135582,0.0956167280673981,1
636,4552.618400,-0.0139548107981682,0.0343101471662521,0.0308107882738113,0.0956167280673981,1
637,4559.360840,-0.0139548107981682,-0.00878294929862022,0.0308107882738113,0.282801985740662,1
638,4565.928500,-0.0146530149504542,-0.00878294929862022,0.0308107882738113,0.282801985740662,1
639,4572.116540,-0.0150226596742868,-0.00878294929862022,0.0354511812329292,0.282801985740662,1
640,4578.219000,-0.0150226596742868,-0.00878294929862022,0.0354511812329292,0.282801985740662,1
641,4584.399560,-0.0151869198307395,-0.00878294929862022,0.0354511812329292,0.282801985740662,1
642,4590.597560,-0.0151869198307395,-0.00878294929862022,0.0354511812329292,0.282801985740662,1
643,4596.867300,-0.0152690699324012,-0.00878294929862022,0.0400502607226372,0.282801985740662,1
644,4603.138340,-0.0146119501441717,-0.00878294929862022,0.0400502607226372,0.282801985740662,1
645,4609.690260,-0.0146119501441717,-0.0131427869200706,0.0400502607226372,0.184789448976517,1
646,4615.950280,-0.0142833711579442,-0.0131427869200706,0.0400502607226372,0.184789448976517,1
647,4622.115080,-0.014817294664681,-0.0131427869200706,0.0400502607226372,0.184789448976517,1
648,4628.483520,-0.014817294664681,-0.0131427869200706,0.0400502607226372,0.184789448976517,1
649,4634.678620,-0.0150637244805694,-0.0131427869200706,0.0400502607226372,0.184789448976517,1
650,4641.149900,-0.0150637244805694,-0.0131427869200706,0.0400502607226372,0.184789448976517,1
651,4648.268860,-0.0152280041947961,-0.0131427869200706,0.0400502607226372,0.184789448976517,1
652,4656.448780,-0.0152690699324012,-0.0131423957645893,0.0400502607226372,0,1
653,4664.445520,-0.0153101347386837,-0.0131423957645893,0.0400502607226372,0,1
654,4673.060500,-0.0153512191027403,-0.0131423957645893,0.0400502607226372,0,1
655,4681.020400,-0.0153512191027403,-0.0131423957645893,0.0400502607226372,0,1
656,4688.636640,-0.0142706874758005,-0.0131423957645893,0.0400502607226372,0,1
657,4696.603920,-0.0148109439760447,-0.0131423957645893,0.0400502607226372,0,1
658,4705.066900,-0.0144128985702991,0.0171234272420406,0.0400502607226372,0,1
659,4713.158860,-0.0141633227467537,0.0171234272420406,0.0400502607226372,0,1
660,4721.191140,-0.0141633227467537,0.0171234272420406,0.0400502607226372,0,1
661,4729.184460,-0.014757270924747,0.0171234272420406,0.0400502607226372,0,1
662,4736.489860,-0.0150447655469179,0.0171234272420406,0.0400502607226372,0,1
663,4744.346480,-0.0152280041947961,0.0171234272420406,0.0400502607226372,0,1
664,4752.267860,-0.0152690699324012,0.0171234272420406,0.0400502607226372,0,1
665,4761.283480,-0.0152690699324012,-0.0171234272420406,0.0400502607226372,0,1
666,4769.167740,-0.0146119501441717,-0.0171234272420406,0.0400502607226372,0,1
667,4777.019060,-0.0142833711579442,-0.0171234272420406,0.0400502607226372,0,1
668,4784.945380,-0.014119110070169,-0.0171234272420406,0.0354511812329292,0,1
669,4792.585480,-0.0140369608998299,-0.0171234272420406,0.0354511812329292,0,1
670,4800.329980,-0.0140369608998299,-0.0171234272420406,0.0354511812329292,0,1
671,4808.577520,-0.0139958951622248,0.0254634954035282,0.0354511812329292,-0.0919815897941589,1
672,4814.888420,-0.0129153439775109,0.0254634954035282,0.0354511812329292,-0.0919815897941589,1
673,4822.654880,-0.0123940464109182,0.0254634954035282,0.0354511812329292,-0.0919815897941589,1
674,4831.129340,-0.0123940464109182,0.0254634954035282,0.0354511812329292,-0.0919815897941589,1
675,4839.222000,-0.0120938876643777,0.0254634954035282,0.0354511812329292,-0.0919815897941589,1
676,4847.089900,-0.0119738392531872,0.0254634954035282,0.0354511812329292,-0.0919815897941589,1
677,4855.243500,-0.0129943462088704,0.0200309790670872,0.0354511812329292,0,1
678,4863.275660,-0.0134745789691806,0.0200309790670872,0.0354511812329292,0,1
679,4870.004260,-0.0134745789691806,0.0200309790670872,0.0354511812329292,0,1
680,4876.165500,-0.0137147139757872,0.0200309790670872,0.0354511812329292,0,1
681,4882.355860,-0.0138347623869777,0.0200309790670872,0.0354511812329292,0,1
682,4888.501700,-0.0138347623869777,0.0200309790670872,0.0354511812329292,0,1
683,4894.646620,-0.0138948056846857,0.0200309790670872,0.0354511812329292,0,1
684,4900.952900,-0.0138948056846857,0.0200309790670872,0.0354511812329292,0,1
685,4907.542940,-0.0138948056846857,-0.0180091895163059,0.0354511812329292,0,1
686,4913.870140,-0.0139548107981682,-0.0180091895163059,0.0354511812329292,0,1
687,4920.033220,-0.0139548107981682,-0.0180091895163059,0.0308107882738113,0,1
688,4926.171480,-0.0132566066458821,-0.0180091895163059,0.0308107882738113,0,1
689,4932.332160,-0.0129280472174287,-0.0180091895163059,0.0308107882738113,0,1
690,4938.658140,-0.0129280472174287,-0.0180091895163059,0.026132807135582,0,1
691,4945.136120,-0.0134209059178829,-0.0180091895163059,0.026132807135582,0,1
692,4951.285660,-0.0134209059178829,-0.0180091895163059,0.026132807135582,0,1
693,4957.901500,-0.0137083819136024,0.0037284754216671,0.0214193239808083,-0.186367481946945,1
694,4964.349680,-0.0138315968215466,0.0037284754216671,0.0214193239808083,-0.186367481946945,1
695,4970.551920,-0.0138315968215466,0.0037284754216671,0.0214193239808083,-0.186367481946945,1
696,4976.706320,-0.0138726802542806,0.0037284754216671,0.0166706889867783,-0.186367481946945,1
697,4983.070780,-0.0128332134336233,0.0037284754216671,0.0166706889867783,-0.186367481946945,1
698,4989.249560,-0.0128332134336233,0.0037284754216671,0.0166706889867783,-0.186367481946945,1
699,4995.391900,-0.0123940464109182,0.0037284754216671,0.0118898525834084,-0.186367481946945,1
700,5001.561300,-0.0123940464109182,0.0037284754216671,0.0118898525834084,-0.186367481946945,1
701,5008.319620,-0.0131744388490915,0.0106788612902164,0.0118898525834084,-0.284859091043472,1
702,5014.457500,-0.0135346222668886,0.0106788612902164,0.0118898525834084,-0.284859091043472,1
703,5020.617800,-0.0135346222668886,0.0106788612902164,0.0118898525834084,-0.284859091043472,1
704,5026.933560,-0.0144729232415557,0.0106788612902164,0.0118898525834084,-0.284859091043472,1
705,5033.095620,-0.0148615268990397,0.0106788612902164,0.00707890838384628,-0.284859091043472,1
706,5039.477320,-0.0148615268990397,0.0106788612902164,0.00707890838384628,-0.284859091043472,1
707,5045.619480,-0.015126914717257,0.0106788612902164,0.00707890838384628,-0.284859091043472,1
708,5053.236800,-0.0152690699324012,0.0106788612902164,0.00707890838384628,-0.284859091043472,1
709,5061.417740,-0.0152690699324012,-0.041892621666193,0.00707890838384628,-0.0962188839912415,1
710,5069.242340,-0.0153101347386837,-0.041892621666193,0.00707890838384628,-0.0962188839912415,1
711,5077.151260,-0.0153101347386837,-0.041892621666193,0.00707890838384628,-0.0962188839912415,1
712,5085.058120,-0.0153512191027403,-0.041892621666193,0.0118898525834084,-0.0962188839912415,1
713,5092.957480,-0.0153512191027403,-0.041892621666193,0.0118898525834084,-0.0962188839912415,1
714,5100.570420,-0.0153512191027403,-0.041892621666193,0.0118898525834084,-0.0962188839912415,1
715,5108.661860,-0.0142706874758005,0.0199676491320133,0.0118898525834084,0.0962188839912415,1
716,5116.581460,-0.0137904360890388,0.0199676491320133,0.0118898525834084,0.0962188839912415,1
717,5124.544140,-0.0145708462223411,0.0199676491320133,0.0118898525834084,0.0962188839912415,1
718,5133.109480,-0.0156291965395212,0.0199676491320133,0.0118898525834084,0.0962188839912415,1
719,5140.974620,-0.0156291965395212,0.0199676491320133,0.0118898525834084,0.0962188839912415,1
720,5147.141120,-0.0161978919059038,0.0199676491320133,0.0118898525834084,0.0962188839912415,1
721,5153.305860,-0.0164632797241211,0.0199676491320133,0.0118898525834084,0.0962188839912415,1
722,5160.026740,-0.0164632797241211,-0.0438518449664116,0.0166706889867783,0,1
723,5166.492860,-0.0166054535657167,-0.0438518449664116,0.0166706889867783,0,1
724,5172.661640,-0.0160083398222923,-0.0438518449664116,0.0166706889867783,0,1
725,5179.003980,-0.0160083398222923,-0.0438518449664116,0.0166706889867783,0,1
726,5185.143560,-0.0149815753102303,-0.0438518449664116,0.0166706889867783,0,1
727,5191.343440,-0.0149815753102303,-0.0438518449664116,0.0166706889867783,0,1
728,5197.498920,-0.014447670429945,-0.0438518449664116,0.0214193239808083,0,1
729,5203.679920,-0.0148994447663426,-0.0438518449664116,0.0214193239808083,0,1
730,5210.441960,-0.0148994447663426,0.0312766991555691,0.0214193239808083,0.190589427947998,1
731,5216.560280,-0.0151458736509085,0.0312766991555691,0.0214193239808083,0.190589427947998,1
732,5222.914380,-0.0152280041947961,0.0312766991555691,0.026132807135582,0.190589427947998,1
733,5229.119260,-0.0152280041947961,0.0312766991555691,0.026132807135582,0.190589427947998,1
734,5235.246720,-0.0153101347386837,0.0312766991555691,0.026132807135582,0.190589427947998,1
735,5241.675140,-0.0153101347386837,0.0312766991555691,0.026132807135582,0.190589427947998,1
736,5247.959960,-0.0163306426256895,0.0312766991555691,0.026132807135582,0.190589427947998,1
737,5254.523120,-0.0168519597500563,-0.0390502996742725,0.0308107882738113,0.187829285860062,1
738,5260.702400,-0.0168519597500563,-0.0390502996742725,0.0308107882738113,0.187829285860062,1
739,5267.368800,-0.0168297961354256,-0.0390502996742725,0.0308107882738113,0.187829285860062,1
740,5273.546240,-0.0177586562931538,-0.0390502996742725,0.0308107882738113,0.187829285860062,1
741,5279.911820,-0.0177586562931538,-0.0390502996742725,0.0308107882738113,0.187829285860062,1
742,5287.656360,-0.0176259987056255,-0.0390502996742725,0.0354511812329292,0.187829285860062,1
743,5295.468900,-0.016438065096736,-0.0390502996742725,0.0354511812329292,0.187829285860062,1
744,5303.307780,-0.0148741146549582,-0.0390502996742725,0.0354511812329292,0.187829285860062,1
745,5311.554660,-0.0148741146549582,0.0395569019019604,0.0354511812329292,0.0928078591823578,1
746,5319.413780,-0.0140526769682765,0.0395569019019604,0.0354511812329292,0.0928078591823578,1
747,5327.242620,-0.0136514278128743,0.0395569019019604,0.0354511812329292,0.0928078591823578,1
748,5335.151320,-0.0134302712976933,0.0395569019019604,0.0354511812329292,0.0928078591823578,1
749,5343.147700,-0.0143907545134425,0.0395569019019604,0.0354511812329292,0.0928078591823578,1
750,5351.139580,-0.0143907545134425,0.0395569019019604,0.0354511812329292,0.0928078591823578,1
751,5359.492160,-0.0148709872737527,6.25476241111755E-05,0.0354511812329292,0,1
752,5367.278500,-0.0161316115409136,6.25476241111755E-05,0.0354511812329292,0,1
753,5375.598600,-0.0167919341474772,6.25476241111755E-05,0.0354511812329292,0,1
754,5381.963020,-0.0177902802824974,6.25476241111755E-05,0.0354511812329292,0,1
755,5388.038020,-0.0177902802824974,6.25476241111755E-05,0.0354511812329292,0,1
756,5394.230000,-0.0175817869603634,6.25476241111755E-05,0.0354511812329292,0,1
757,5400.363000,-0.0175817869603634,6.25476241111755E-05,0.0354511812329292,0,1
758,5407.075260,-0.0164759829640388,-0.0320999138057232,0.0354511812329292,0,1
759,5413.289520,-0.015913600102067,-0.0320999138057232,0.0354511812329292,0,1
760,5419.465860,-0.015913600102067,-0.0320999138057232,0.0354511812329292,0,1
761,5425.601540,-0.0156324002891779,-0.0320999138057232,0.0354511812329292,0,1
762,5431.959320,-0.0155123518779874,-0.0320999138057232,0.0354511812329292,0,1
763,5438.062720,-0.0155123518779874,-0.0320999138057232,0.0354511812329292,0,1
764,5446.350260,-0.0161094479262829,-0.0320999138057232,0.0354511812329292,0,1
765,5454.542000,-0.0157208628952503,0.0151024013757706,0.0354511812329292,0,1
766,5462.480860,-0.015515498816967,0.0151024013757706,0.0354511812329292,0,1
767,5470.395400,-0.015515498816967,0.0151024013757706,0.0354511812329292,0,1
768,5478.264820,-0.0144128417596221,0.0151024013757706,0.0354511812329292,0,1
769,5486.999720,-0.0138315204530954,0.0151024013757706,0.0354511812329292,0,1
770,5495.118000,-0.0146118924021721,0.0151024013757706,0.0354511812329292,0,1
771,5503.101260,-0.0156291965395212,0.0151024013757706,0.0354511812329292,0,1
772,5511.398620,-0.0156291965395212,0.00183332711458206,0.0354511812329292,0,1
773,5519.308160,-0.0162389557808638,0.00183332711458206,0.0354511812329292,0,1
774,5527.314940,-0.0157650765031576,0.00183332711458206,0.0354511812329292,0,1
775,5533.904480,-0.0155376056209207,0.00183332711458206,0.0354511812329292,0,1
776,5540.343060,-0.0155376056209207,0.00183332711458206,0.0354511812329292,0,1
777,5546.625180,-0.0154744340106845,0.00183332711458206,0.0354511812329292,0,1
778,5552.889000,-0.0143528366461396,0.00183332711458206,0.0354511812329292,0,1
779,5559.474800,-0.0143528366461396,0.0255271978676319,0.0354511812329292,0,1
780,5566.080480,-0.0155502315610647,0.0255271978676319,0.0354511812329292,0,1
781,5572.283800,-0.0154807278886437,0.0255271978676319,0.0354511812329292,0,1
782,5578.425620,-0.0154807278886437,0.0255271978676319,0.0354511812329292,0,1
783,5584.599100,-0.015395431779325,0.0255271978676319,0.0354511812329292,0,1
784,5590.909380,-0.015395431779325,0.0255271978676319,0.0354511812329292,0,1
785,5597.027680,-0.0153733445331454,0.0255271978676319,0.0354511812329292,0,1
786,5603.226280,-0.0146340560168028,0.0255271978676319,0.0354511812329292,0,1
787,5609.879680,-0.0146340560168028,-0.00562438741326332,0.0354511812329292,0,1
788,5616.104180,-0.0143244555220008,-0.00562438741326332,0.0354511812329292,0,1
789,5622.281820,-0.0148583604022861,-0.00562438741326332,0.0354511812329292,0,1
790,5628.590880,-0.0148583604022861,-0.00562438741326332,0.0354511812329292,0,1
791,5634.918660,-0.0151047892868519,-0.00562438741326332,0.0308107882738113,0,1
792,5641.224560,-0.0151047892868519,-0.00562438741326332,0.0308107882738113,0,1
793,5649.527060,-0.01452980004251,-0.00562438741326332,0.0308107882738113,0,1
794,5657.953200,-0.0142423249781132,0.00783462077379227,0.0308107882738113,-0.0928078591823578,1
795,5665.669860,-0.0147762298583984,0.00783462077379227,0.0308107882738113,-0.0928078591823578,1
796,5673.428080,-0.0150637244805694,0.00783462077379227,0.026132807135582,-0.0928078591823578,1
797,5681.428520,-0.0150637244805694,0.00783462077379227,0.026132807135582,-0.0928078591823578,1
798,5689.416620,-0.0159262083470821,0.00783462077379227,0.026132807135582,-0.0928078591823578,1
799,5697.295560,-0.0156386941671371,0.00783462077379227,0.026132807135582,-0.0928078591823578,1
800,5706.250860,-0.0154744340106845,-0.0246421806514263,0.026132807135582,-0.0935596227645874,1
801,5714.277380,-0.0154333496466279,-0.0246421806514263,0.0214193239808083,-0.0935596227645874,1
802,5722.160580,-0.0154333496466279,-0.0246421806514263,0.0214193239808083,-0.0935596227645874,1
803,5730.102440,-0.0150099564343691,-0.0246421806514263,0.0214193239808083,-0.0935596227645874,1
804,5738.122980,-0.0148582840338349,-0.0246421806514263,0.0214193239808083,-0.0935596227645874,1
805,5746.098340,-0.0151047520339489,-0.0246421806514263,0.0214193239808083,-0.0935596227645874,1
806,5754.518340,-0.015177421271801,0.00594025477766991,0.0214193239808083,-0.0942696630954742,1
807,5761.331260,-0.015177421271801,0.00594025477766991,0.0214193239808083,-0.0942696630954742,1
808,5767.906640,-0.0152943423017859,0.00594025477766991,0.0214193239808083,-0.0942696630954742,1
809,5774.086600,-0.0153133012354374,0.00594025477766991,0.0214193239808083,-0.0942696630954742,1
810,5780.406600,-0.0153133012354374,0.00594025477766991,0.0214193239808083,-0.0942696630954742,1
811,5786.570980,-0.0160304643213749,0.00594025477766991,0.0214193239808083,-0.0942696630954742,1
812,5792.890240,-0.0164190474897623,0.00594025477766991,0.0214193239808083,-0.0942696630954742,1
813,5799.084620,-0.0164190474897623,0.00594025477766991,0.0214193239808083,-0.0942696630954742,1
814,5805.625020,-0.0165833290666342,-0.0281181558966637,0.0214193239808083,0,1
815,5811.962340,-0.0166654586791992,-0.0281181558966637,0.0214193239808083,0,1
816,5818.123680,-0.0166654586791992,-0.0281181558966637,0.0214193239808083,0,1
817,5824.269960,-0.0177270509302616,-0.0281181558966637,0.0214193239808083,0,1
818,5831.247500,-0.0177270509302616,-0.0281181558966637,0.0214193239808083,0,1
819,5839.150600,-0.0182072836905718,-0.0281181558966637,0.0214193239808083,0,1
820,5847.155340,-0.0185485072433949,-0.0281181558966637,0.0214193239808083,0,1
821,5856.209400,-0.0186685565859079,-0.0417045503854752,0.0214193239808083,0,1
822,5864.072660,-0.0187285989522934,-0.0417045503854752,0.0214193239808083,0,1
823,5872.054620,-0.0187285989522934,-0.0417045503854752,0.0214193239808083,0,1
824,5879.962200,-0.0187285989522934,-0.0417045503854752,0.0214193239808083,0,1
825,5887.926740,-0.0170699302107096,-0.0417045503854752,0.0214193239808083,0,1
826,5895.887160,-0.0161600112915039,-0.0417045503854752,0.0214193239808083,0,1
827,5903.657600,-0.0147351073101163,-0.0417045503854752,0.0214193239808083,0,1
828,5912.269520,-0.0139926532283425,0.0786689817905426,0.0214193239808083,0,1
829,5920.375800,-0.0139926532283425,0.0786689817905426,0.0214193239808083,0,1
830,5926.553240,-0.0142895886674523,0.0786689817905426,0.0214193239808083,0,1
831,5932.715320,-0.0144981006160378,0.0786689817905426,0.026132807135582,0,1
832,5939.049520,-0.0144981006160378,0.0786689817905426,0.026132807135582,0,1
833,5945.577260,-0.0145423123613,0.0786689817905426,0.026132807135582,0,1
834,5951.949300,-0.0146244429051876,0.0786689817905426,0.026132807135582,0,1
835,5958.526540,-0.0146244429051876,0.00221328809857368,0.0308107882738113,0.187829285860062,1
836,5965.192580,-0.01568603515625,0.00221328809857368,0.0308107882738113,0.187829285860062,1
837,5971.340160,-0.01568603515625,0.00221328809857368,0.0308107882738113,0.187829285860062,1
838,5977.535140,-0.0162073522806168,0.00221328809857368,0.0308107882738113,0.187829285860062,1
839,5983.688000,-0.0165074914693832,0.00221328809857368,0.0308107882738113,0.187829285860062,1
840,5990.029760,-0.0165074914693832,0.00221328809857368,0.0308107882738113,0.187829285860062,1
841,5996.190200,-0.0166275408118963,0.00221328809857368,0.0308107882738113,0.187829285860062,1
842,6002.382800,-0.0166875831782818,0.00221328809857368,0.0308107882738113,0.187829285860062,1
843,6009.124320,-0.0166875831782818,-0.0412628054618835,0.0308107882738113,0,1
844,6015.316060,-0.0166875831782818,-0.0412628054618835,0.0308107882738113,0,1
845,6021.560720,-0.0166875831782818,-0.0412628054618835,0.0308107882738113,0,1
846,6027.707320,-0.0167476087808609,-0.0412628054618835,0.0308107882738113,0,1
847,6035.217500,-0.0167476087808609,-0.0412628054618835,0.0308107882738113,0,1
848,6043.126860,-0.0167476087808609,-0.0412628054618835,0.0308107882738113,0,1
849,6051.128480,-0.0167476087808609,-0.0412628054618835,0.0308107882738113,0,1
850,6059.468720,-0.0167476087808609,-0.00120051205158234,0.0308107882738113,0,1
851,6068.067700,-0.0170699302107096,-0.00120051205158234,0.0308107882738113,0,1
852,6076.034360,-0.0171805191785097,-0.00120051205158234,0.0308107882738113,0,1
853,6084.116580,-0.0169940944761038,-0.00120051205158234,0.0308107882738113,0,1
854,6092.134700,-0.0169940944761038,-0.00120051205158234,0.0308107882738113,0,1
855,6100.085900,-0.0168613810092211,-0.00120051205158234,0.0308107882738113,0,1
856,6108.356500,-0.0168045051395893,-0.00113792717456818,0.0308107882738113,0,1
857,6116.274760,-0.0167855266481638,-0.00113792717456818,0.0308107882738113,0,1
858,6124.338280,-0.0167665854096413,-0.00113792717456818,0.0308107882738113,0,1
859,6131.318000,-0.0167665854096413,-0.00113792717456818,0.0308107882738113,0,1
860,6137.495680,-0.0167476087808609,-0.00113792717456818,0.0308107882738113,0,1
861,6144.193800,-0.0167476087808609,-0.00113792717456818,0.0308107882738113,0,1
862,6150.396200,-0.0167476087808609,-0.00113792717456818,0.0308107882738113,0,1
863,6157.089060,-0.0167476087808609,0.00113792717456818,0.0308107882738113,0,1
864,6163.590120,-0.0167476087808609,0.00113792717456818,0.0308107882738113,0,1
865,6169.898720,-0.0167476087808609,0.00113792717456818,0.0308107882738113,0,1
866,6176.049260,-0.0167476087808609,0.00113792717456818,0.0308107882738113,0,1
867,6182.253160,-0.0177681166678667,0.00113792717456818,0.0308107882738113,0,1
868,6188.341520,-0.0177681166678667,0.00113792717456818,0.0308107882738113,0,1
869,6194.535740,-0.017287865281105,0.00113792717456818,0.0308107882738113,0,1
870,6200.703260,-0.017287865281105,0.00113792717456818,0.0308107882738113,0,1
871,6207.435180,-0.0169877242296934,-0.00480230897665024,0.0308107882738113,0,1
872,6213.615900,-0.0168676748871803,-0.00480230897665024,0.0308107882738113,0,1
873,6220.579080,-0.0168676748871803,-0.00480230897665024,0.0308107882738113,0,1
874,6228.264620,-0.0168076325207949,-0.00480230897665024,0.0308107882738113,0,1
875,6236.151940,-0.0168076325207949,-0.00480230897665024,0.0308107882738113,0,1
876,6244.209160,-0.0167476087808609,-0.00480230897665024,0.0308107882738113,0,1
877,6252.198000,-0.0167476087808609,-0.00480230897665024,0.0308107882738113,0,1
878,6260.452860,-0.0167476087808609,0.00480230897665024,0.0308107882738113,0,1
879,6268.269680,-0.0167476087808609,0.00480230897665024,0.0308107882738113,0,1
880,6276.304360,-0.0167476087808609,0.00480230897665024,0.0308107882738113,0,1
881,6284.372800,-0.0167476087808609,0.00480230897665024,0.0308107882738113,0,1
882,6292.376580,-0.0167476087808609,0.00480230897665024,0.0308107882738113,0,1
883,6300.910960,-0.0167476087808609,0.00480230897665024,0.0308107882738113,0,1
884,6309.148120,-0.0167476087808609,0,0.0308107882738113,0,1
885,6315.293780,-0.0167476087808609,0,0.0308107882738113,0,1
886,6321.508280,-0.0167476087808609,0,0.0308107882738113,0,1
887,6327.694860,-0.0167476087808609,0,0.0308107882738113,0,1
888,6334.036020,-0.0167476087808609,0,0.0308107882738113,0,1
889,6340.199260,-0.0167476087808609,0,0.0308107882738113,0,1
890,6346.711280,-0.0167476087808609,0,0.0308107882738113,0,1
891,6353.014220,-0.0167476087808609,0,0.0308107882738113,0,1
892,6359.592660,-0.0167476087808609,0,0.0308107882738113,0,1
893,6366.185640,-0.0167476087808609,0,0.0308107882738113,0,1
894,6372.337060,-0.0167476087808609,0,0.0308107882738113,0,1
895,6378.524340,-0.0167476087808609,0,0.0308107882738113,0,1
896,6384.673760,-0.0167476087808609,0,0.0308107882738113,0,1
897,6391.053300,-0.0167476087808609,0,0.0308107882738113,0,1
898,6397.214360,-0.0167476087808609,0,0.0308107882738113,0,1
899,6403.402780,-0.0167476087808609,0,0.0308107882738113,0,1
900,6410.127720,-0.0167476087808609,0,0.0308107882738113,0,1
901,6416.457720,-0.0167476087808609,0,0.0308107882738113,0,1
902,6422.704220,-0.0177681166678667,0,0.0308107882738113,0,1
903,6429.058820,-0.0177681166678667,0,0.0308107882738113,0,1
904,6435.194260,-0.0183083731681108,0,0.0308107882738113,0,1
905,6441.489660,-0.0183083731681108,0,0.0308107882738113,0,1
906,6447.652540,-0.017527999356389,0,0.0308107882738113,0,1
907,6454.357020,-0.017107792198658,-0.00720366835594177,0.0308107882738113,0,1
908,6460.568900,-0.017107792198658,-0.00720366835594177,0.0308107882738113,0,1
909,6467.140240,-0.0169277004897594,-0.00720366835594177,0.0308107882738113,0,1
910,6473.344280,-0.0168676748871803,-0.00720366835594177,0.0308107882738113,0,1
911,6479.553360,-0.0168676748871803,-0.00720366835594177,0.0308107882738113,0,1
912,6485.704780,-0.0168076325207949,-0.00720366835594177,0.0308107882738113,0,1
913,6492.033740,-0.0167476087808609,-0.00720366835594177,0.0308107882738113,0,1
914,6498.157320,-0.0167476087808609,-0.00720366835594177,0.0308107882738113,0,1
915,6504.891380,-0.0160494223237038,0.0211673974990845,0.0308107882738113,0,1
916,6511.058820,-0.0160494223237038,0.0211673974990845,0.0308107882738113,0,1
917,6517.225880,-0.0156797785311937,0.0211673974990845,0.0308107882738113,0,1
918,6523.462040,-0.015515498816967,0.0211673974990845,0.0308107882738113,0,1
919,6529.646600,-0.015515498816967,0.0211673974990845,0.0308107882738113,0,1
920,6535.933560,-0.0154333496466279,0.0211673974990845,0.0308107882738113,0,1
921,6542.257180,-0.0160904880613089,0.0211673974990845,0.0308107882738113,0,1
922,6550.987500,-0.0160904880613089,0.0211673974990845,0.0308107882738113,0,1
923,6559.204800,-0.0164190474897623,-0.00739250332117081,0.0308107882738113,0,1
924,6567.138940,-0.01760383695364,-0.00739250332117081,0.0308107882738113,0,1
925,6574.986680,-0.0182262416929007,-0.00739250332117081,0.0308107882738113,0,1
926,6582.634860,-0.0174869354814291,-0.00739250332117081,0.0308107882738113,0,1
927,6590.541260,-0.0174869354814291,-0.00739250332117081,0.0308107882738113,0,1
928,6598.332760,-0.017107792198658,-0.00739250332117081,0.0308107882738113,0,1
929,6606.656500,-0.0169277004897594,-0.0101730599999428,0.0308107882738113,0,1
930,6614.574140,-0.0168676748871803,-0.0101730599999428,0.0308107882738113,0,1
931,6622.430140,-0.0161094479262829,-0.0101730599999428,0.0308107882738113,0,1
932,6631.181100,-0.0161094479262829,-0.0101730599999428,0.0308107882738113,0,1
933,6639.138700,-0.0156797785311937,-0.0101730599999428,0.0308107882738113,0,1
934,6647.062720,-0.0165360067039728,-0.0101730599999428,0.0308107882738113,0,1
935,6655.189040,-0.0169941335916519,-0.00132866203784943,0.0308107882738113,0,1
936,6663.167380,-0.0168708804994822,-0.00132866203784943,0.0308107882738113,0,1
937,6671.122840,-0.0168708804994822,-0.00132866203784943,0.0308107882738113,0,1
938,6679.114960,-0.0167792327702045,-0.00132866203784943,0.0308107882738113,0,1
939,6687.050380,-0.0167634207755327,-0.00132866203784943,0.0308107882738113,0,1
940,6694.995600,-0.0167855266481638,-0.00132866203784943,0.0308107882738113,0,1
941,6702.581820,-0.0167665854096413,-0.00132866203784943,0.0308107882738113,0,1
942,6711.691220,-0.0167665854096413,0.00455096364021301,0.0308107882738113,0,1
943,6719.600480,-0.0167476087808609,0.00455096364021301,0.0308107882738113,0,1
944,6727.518380,-0.0177681166678667,0.00455096364021301,0.0308107882738113,0,1
945,6735.324300,-0.0183083731681108,0.00455096364021301,0.0308107882738113,0,1
946,6743.224860,-0.017527999356389,0.00455096364021301,0.0308107882738113,0,1
947,6749.507780,-0.017527999356389,0.00455096364021301,0.0308107882738113,0,1
948,6756.335000,-0.017107792198658,-0.00682413578033447,0.0308107882738113,0,1
949,6762.476680,-0.0162295158952475,-0.00682413578033447,0.0308107882738113,0,1
950,6769.092760,-0.0162295158952475,-0.00682413578033447,0.0308107882738113,0,1
951,6775.236840,-0.0147193148732185,-0.00682413578033447,0.0308107882738113,0,1
952,6781.574300,-0.0147193148732185,-0.00682413578033447,0.0308107882738113,0,1
953,6787.701900,-0.015733452513814,-0.00682413578033447,0.0308107882738113,0,1
954,6794.041600,-0.01626106351614,-0.00682413578033447,0.0308107882738113,0,1
955,6800.198340,-0.01626106351614,-0.00682413578033447,0.0308107882738113,0,1
956,6806.692680,-0.0165043454617262,0.012068934738636,0.0308107882738113,0,1
957,6813.001980,-0.0166054535657167,0.012068934738636,0.0308107882738113,0,1
958,6819.168760,-0.0166054535657167,0.012068934738636,0.0308107882738113,0,1
959,6825.336280,-0.0167065430432558,0.012068934738636,0.0308107882738113,0,1
960,6831.530000,-0.0167065430432558,0.012068934738636,0.0308107882738113,0,1
961,6837.676960,-0.0167476087808609,0.012068934738636,0.0308107882738113,0,1
962,6844.140060,-0.0167476087808609,0.012068934738636,0.0308107882738113,0,1
963,6850.338700,-0.0167476087808609,0.012068934738636,0.0308107882738113,0,1
964,6857.035880,-0.0167476087808609,-0.00486526638269424,0.0308107882738113,0,1
965,6863.484320,-0.0167476087808609,-0.00486526638269424,0.0308107882738113,0,1
966,6869.697940,-0.0167476087808609,-0.00486526638269424,0.0308107882738113,0,1
967,6876.100420,-0.0167476087808609,-0.00486526638269424,0.0308107882738113,0,1
968,6882.271340,-0.0167476087808609,-0.00486526638269424,0.0308107882738113,0,1
969,6888.383340,-0.0167476087808609,-0.00486526638269424,0.0308107882738113,0,1
970,6894.567280,-0.0167476087808609,-0.00486526638269424,0.0308107882738113,0,1
971,6900.710680,-0.0167476087808609,-0.00486526638269424,0.0308107882738113,0,1
972,6907.449840,-0.0167476087808609,0,0.0308107882738113,0,1
973,6913.612000,-0.0167476087808609,0,0.0308107882738113,0,1
974,6919.948720,-0.0167476087808609,0,0.0308107882738113,0,1
975,6926.120860,-0.0167476087808609,0,0.0308107882738113,0,1
976,6932.330840,-0.0167476087808609,0,0.0308107882738113,0,1
977,6939.876800,-0.0167476087808609,0,0.0308107882738113,0,1
978,6947.601800,-0.0160494223237038,0,0.0308107882738113,0,1
979,6956.011180,-0.0156797785311937,0.0213566049933434,0.0308107882738113,0,1
980,6964.564900,-0.015515498816967,0.0213566049933434,0.0308107882738113,0,1
981,6972.343700,-0.015515498816967,0.0213566049933434,0.0308107882738113,0,1
982,6980.218300,-0.0154333496466279,0.0213566049933434,0.0308107882738113,0,1
983,6988.186740,-0.0160904880613089,0.0213566049933434,0.0308107882738113,0,1
984,6996.099200,-0.0164190474897623,0.0213566049933434,0.0308107882738113,0,1
985,7004.408680,-0.0158851239830256,-0.00410690903663635,0.0308107882738113,0,1
986,7012.200340,-0.0156386941671371,-0.00410690903663635,0.0308107882738113,0,1
987,7019.931480,-0.0156386941671371,-0.00410690903663635,0.0308107882738113,0,1
988,7027.522220,-0.0154744340106845,-0.00410690903663635,0.0308107882738113,0,1
989,7035.384160,-0.0154333496466279,-0.00410690903663635,0.0308107882738113,0,1
990,7043.224000,-0.0160904880613089,-0.00410690903663635,0.0308107882738113,0,1
991,7051.121600,-0.0160904880613089,-0.00410690903663635,0.0308107882738113,0,1
992,7059.397040,-0.0157208628952503,0.00328522175550461,0.0308107882738113,0,1
993,7067.162040,-0.0165360067039728,0.00328522175550461,0.0308107882738113,0,1
994,7074.949600,-0.0169341079890728,0.00328522175550461,0.0308107882738113,0,1
995,7082.450640,-0.0168708804994822,0.00328522175550461,0.0308107882738113,0,1
996,7090.091220,-0.0168708804994822,0.00328522175550461,0.0308107882738113,0,1
997,7097.621360,-0.0167792327702045,0.00328522175550461,0.0308107882738113,0,1
998,7105.643660,-0.0160652156919241,-0.00688705593347549,0.0308107882738113,0,1
999,7113.326880,-0.0157587621361017,-0.00688705593347549,0.0308107882738113,0,1
1000,7120.931180,-0.0157587621361017,-0.00688705593347549,0.0308107882738113,0,1
1001,7128.463480,-0.0158567801117897,-0.00688705593347549,0.0308107882738113,0,1
1002,7136.262580,-0.0159262847155333,-0.00688705593347549,0.0308107882738113,0,1
1003,7144.152860,-0.0156387705355883,-0.00688705593347549,0.0308107882738113,0,1
1004,7152.023320,-0.0156387705355883,-0.00688705593347549,0.0308107882738113,0,1
1005,7160.262800,-0.0161631777882576,-0.00195924192667007,0.0308107882738113,0,1
1006,7168.035860,-0.0164759252220392,-0.00195924192667007,0.0308107882738113,0,1
1007,7175.607160,-0.0166212469339371,-0.00195924192667007,0.0308107882738113,0,1
1008,7183.252780,-0.0166844371706247,-0.00195924192667007,0.0308107882738113,0,1
1009,7190.944340,-0.0166844371706247,-0.00195924192667007,0.0308107882738113,0,1
1010,7198.377740,-0.0167065430432558,-0.00195924192667007,0.0308107882738113,0,1
1011,7206.457620,-0.0167065430432558,-0.0108673050999641,0.0308107882738113,0,1
1012,7214.137880,-0.0167476087808609,-0.0108673050999641,0.0308107882738113,0,1
1013,7221.648180,-0.0167476087808609,-0.0108673050999641,0.0308107882738113,0,1
1014,7229.273880,-0.0160494223237038,-0.0108673050999641,0.0308107882738113,0,1
1015,7236.912180,-0.0156797785311937,-0.0108673050999641,0.0308107882738113,0,1
1016,7244.468820,-0.015515498816967,-0.0108673050999641,0.0308107882738113,0,1
1017,7251.577180,-0.015515498816967,-0.0108673050999641,0.0308107882738113,0,1
1018,7260.381320,-0.0154333496466279,0.0254638679325581,0.0308107882738113,0,1
1019,7268.114320,-0.0160904880613089,0.0254638679325581,0.0308107882738113,0,1
1020,7275.643140,-0.0164190474897623,0.0254638679325581,0.0308107882738113,0,1
1021,7283.305240,-0.0158851239830256,0.0254638679325581,0.0308107882738113,0,1
1022,7290.255920,-0.0158851239830256,0.0254638679325581,0.0308107882738113,0,1
1023,7297.942900,-0.0156386941671371,0.0254638679325581,0.0308107882738113,0,1
1024,7305.876340,-0.0154744340106845,-0.000821687281131744,0.0308107882738113,0,1
1025,7313.439140,-0.0154333496466279,-0.000821687281131744,0.0308107882738113,0,1
1026,7321.055760,-0.0154333496466279,-0.000821687281131744,0.0308107882738113,0,1
1027,7328.535140,-0.0160904880613089,-0.000821687281131744,0.0308107882738113,0,1
1028,7336.397480,-0.0164190474897623,-0.000821687281131744,0.0308107882738113,0,1
1029,7344.294260,-0.0165833290666342,-0.000821687281131744,0.0308107882738113,0,1
1030,7352.165960,-0.0166654586791992,-0.000821687281131744,0.0308107882738113,0,1
1031,7360.953200,-0.0166654586791992,-0.0238204933702946,0.0308107882738113,0,1
1032,7367.925680,-0.0167065430432558,-0.0238204933702946,0.0308107882738113,0,1
1033,7375.482880,-0.0167065430432558,-0.0238204933702946,0.0308107882738113,0,1
1034,7383.243340,-0.0167476087808609,-0.0238204933702946,0.0308107882738113,0,1
1035,7390.885660,-0.0167476087808609,-0.0238204933702946,0.0308107882738113,0,1
1036,7398.334140,-0.0167476087808609,-0.0238204933702946,0.0308107882738113,0,1
1037,7406.468540,-0.0160494223237038,0.0123207271099091,0.0308107882738113,0,1
1038,7414.421620,-0.0156797785311937,0.0123207271099091,0.0308107882738113,0,1
1039,7422.266480,-0.015515498816967,0.0123207271099091,0.0308107882738113,0,1
1040,7430.033500,-0.015515498816967,0.0123207271099091,0.0308107882738113,0,1
1041,7437.576860,-0.0154333496466279,0.0123207271099091,0.0308107882738113,0,1
1042,7445.296560,-0.0160904880613089,0.0123207271099091,0.0308107882738113,0,1
1043,7453.052180,-0.0157208628952503,0.0123207271099091,0.0308107882738113,0,1
1044,7461.189720,-0.0157208628952503,0.00657118856906891,0.0308107882738113,0,1
1045,7468.684980,-0.0155565645545721,0.00657118856906891,0.0308107882738113,0,1
1046,7476.333580,-0.0154333496466279,0.00657118856906891,0.0308107882738113,0,1
1047,7484.071900,-0.0171109959483147,0.00657118856906891,0.0308107882738113,0,1
1048,7491.633600,-0.0171109959483147,0.00657118856906891,0.0308107882738113,0,1
1049,7499.448420,-0.0179798118770123,0.00657118856906891,0.0308107882738113,0,1
1050,7507.658780,-0.0166655350476503,-0.0188934430480003,0.0308107882738113,0,1
1051,7515.389640,-0.0159988775849342,-0.0188934430480003,0.0308107882738113,0,1
1052,7523.135260,-0.0173732377588749,-0.0188934430480003,0.0308107882738113,0,1
1053,7530.657380,-0.0173732377588749,-0.0188934430480003,0.0308107882738113,0,1
1054,7538.232260,-0.0180809404700994,-0.0188934430480003,0.0308107882738113,0,1
1055,7545.914020,-0.0184853356331587,-0.0188934430480003,0.0308107882738113,0,1
1056,7553.503980,-0.0185864251106977,-0.0188934430480003,0.0308107882738113,0,1
1057,7561.569260,-0.0185864251106977,-0.0384178012609482,0.0308107882738113,0,1
1058,7569.246000,-0.017667006701231,-0.0384178012609482,0.0308107882738113,0,1
1059,7577.034280,-0.0165296550840139,-0.0384178012609482,0.0308107882738113,0,1
1060,7584.700040,-0.0159198958426714,-0.0384178012609482,0.0308107882738113,0,1
1061,7592.511320,-0.0163337513804436,-0.0384178012609482,0.0308107882738113,0,1
1062,7600.383600,-0.0163337513804436,-0.0384178012609482,0.0308107882738113,0,1
1063,7608.572080,-0.015863036736846,0.0544677674770355,0.0308107882738113,0,1
1064,7616.386240,-0.0156166078522801,0.0544677674770355,0.0308107882738113,0,1
