Sample,X(ms) [18.06.2017 17:26:23 699 UTC],"M_beam_angle"[%MD24],"M_beam_angular_velocity"[%MD48],"M_beam_PWM_output"[%MW22]
80,680.013440,0.172971397638321,0,-7
81,688.635540,0.172971397638321,0,-7
82,696.995440,0.172971397638321,0,-7
83,706.473900,0.172971397638321,0,-7
84,714.941220,0.172971397638321,0,-7
85,724.636720,0.172971397638321,0,-7
86,733.240920,0.172971397638321,0,-7
87,742.597240,0.172971397638321,0,-7
88,750.998600,0.172971397638321,0,-7
89,759.676380,0.172971397638321,0,-7
90,768.532560,0.172971397638321,0,-7
91,775.724680,0.172971397638321,0,-7
92,782.613620,0.172971397638321,0,-7
93,789.483460,0.172971397638321,0,-7
94,796.420580,0.172971397638321,0,-7
95,803.663300,0.172971397638321,0,-7
96,810.549480,0.172971397638321,0,-7
97,817.436440,0.172971397638321,0,-7
98,824.639340,0.172971397638321,0,-7
99,831.498880,0.172971397638321,0,-7
100,838.756860,0.172971397638321,0,-7
101,845.868900,0.172971397638321,0,-7
102,853.999620,0.172971397638321,0,-7
103,862.589040,0.172971397638321,0,-7
104,872.044060,0.172971397638321,0,-7
105,880.684020,0.172971397638321,0,-7
106,889.775120,0.172971397638321,0,-7
107,897.826000,0.172971397638321,0,-7
108,905.228240,0.172971397638321,0,-7
109,911.926500,0.172971397638321,0,-7
110,918.852520,0.172971397638321,0,-7
111,926.008700,0.172971397638321,0,-7
112,932.936520,0.172971397638321,0,-7
113,940.426000,0.172971397638321,0,-7
114,947.339040,0.172971397638321,0,-7
115,954.257960,0.172971397638321,0,-7
116,960.986480,0.172971397638321,0,-7
117,967.877820,0.172971397638321,0,-7
118,975.058820,0.172971397638321,0,-7
119,981.963100,0.172971397638321,0,-7
120,988.851100,0.172971397638321,0,-7
121,995.754780,0.172971397638321,0,-7
122,1002.947080,0.172971397638321,0,-7
123,1010.989340,0.172971397638321,0,-7
124,1019.613060,0.172971397638321,0,-7
125,1029.255820,0.172971397638321,0,-7
126,1037.743260,0.172971397638321,0,-7
127,1046.906780,0.172971397638321,0,-7
128,1055.681240,0.172971397638321,0,-7
129,1062.738680,0.172971397638321,0,-7
130,1070.391820,0.172971397638321,0,-7
131,1079.044960,0.172971397638321,0,-7
132,1088.431640,0.172971397638321,0,-7
133,1096.864780,0.172971397638321,0,-7
134,1105.390520,0.172971397638321,0,-7
135,1114.816000,0.172971397638321,0,-7
136,1123.580180,0.172971397638321,0,-7
137,1132.908280,0.172971397638321,0,-7
138,1141.560440,0.172971397638321,0,-7
139,1150.749480,0.172971397638321,0,-7
140,1159.386020,0.172971397638321,0,-7
141,1168.778260,0.172971397638321,0,-7
142,1177.665780,0.172971397638321,0,-7
143,1184.644060,0.172971397638321,0,-7
144,1191.524560,0.172971397638321,0,-7
145,1200.284340,0.172971397638321,0,-7
146,1208.831520,0.172971397638321,0,-7
147,1218.041820,0.172971397638321,0,-7
148,1226.880960,0.172971397638321,0,-7
149,1235.931460,0.172971397638321,0,-7
150,1244.447560,0.172971397638321,0,-7
151,1251.351120,0.172971397638321,0,-7
152,1258.269200,0.172971397638321,0,-7
153,1265.020080,0.172971397638321,0,-7
154,1272.312580,0.172971397638321,0,-7
155,1278.999640,0.172971397638321,0,-7
156,1285.915420,0.172971397638321,0,-7
157,1292.885580,0.172971397638321,0,-7
158,1300.430340,0.172971397638321,0,-7
159,1307.377920,0.172971397638321,0,-7
160,1314.278260,0.172971397638321,0,-7
161,1321.024860,0.172971397638321,0,-7
162,1328.385460,0.172971397638321,0,-7
163,1335.287120,0.172971397638321,0,-7
164,1342.384860,0.172971397638321,0,-7
165,1349.286840,0.172971397638321,0,-7
166,1358.490020,0.172971397638321,0,-7
167,1367.643720,0.172971397638321,0,-7
168,1376.522940,0.172971397638321,0,-7
169,1385.619440,0.172971397638321,0,-7
170,1394.031740,0.172971397638321,0,-7
171,1401.329120,0.172971397638321,0,-7
172,1408.312460,0.172971397638321,0,-7
173,1415.226260,0.172971397638321,0,-7
174,1422.406200,0.172971397638321,0,-7
175,1429.320140,0.172971397638321,0,-7
176,1436.420260,0.172971397638321,0,-7
177,1443.758260,0.172971397638321,0,-7
178,1450.636680,0.172971397638321,0,-7
179,1457.564640,0.172971397638321,0,-7
180,1464.524040,0.172971397638321,0,-7
181,1471.648800,0.172971397638321,0,-7
182,1479.869540,0.172971397638321,0,-7
183,1488.950740,0.172971397638321,0,-7
184,1497.647140,0.172971397638321,0,-7
185,1506.801680,0.172971397638321,0,-7
186,1515.398720,0.172971397638321,0,-7
187,1525.013420,0.172971397638321,0,-7
188,1533.748580,0.172971397638321,0,-7
189,1543.287220,0.172971397638321,0,-7
190,1551.903820,0.172971397638321,0,-7
191,1561.363540,0.172971397638321,0,-7
192,1569.982180,0.172971397638321,0,-7
193,1579.566900,0.172971397638321,0,-7
194,1588.029740,0.172971397638321,0,-7
195,1596.705720,0.172971397638321,0,-7
196,1605.862340,0.172971397638321,0,-7
197,1614.590460,0.172971397638321,0,-7
198,1622.069140,0.172971397638321,0,-7
199,1628.995000,0.172971397638321,0,-7
200,1635.934460,0.172971397638321,0,-7
201,1643.385120,0.172971397638321,0,-7
202,1650.307980,0.172971397638321,0,-7
203,1657.247400,0.172971397638321,0,-7
204,1664.002000,0.172971397638321,0,-7
205,1670.887240,0.172971397638321,0,-7
206,1678.246680,0.172971397638321,0,-7
207,1684.986100,0.172971397638321,0,-7
208,1691.861980,0.172971397638321,0,-7
209,1698.822880,0.172971397638321,0,-7
210,1705.999960,0.172971397638321,0,-7
211,1712.927160,0.172971397638321,0,-7
212,1719.818760,0.172971397638321,0,-7
213,1726.981060,0.172971397638321,0,-7
214,1733.917700,0.172971397638321,0,-7
215,1742.340540,0.172971397638321,0,-7
216,1750.760420,0.172971397638321,0,-7
217,1759.942200,0.172971397638321,0,-7
218,1768.662340,0.172971397638321,0,-7
219,1777.987660,0.172971397638321,0,-7
220,1786.557140,0.172971397638321,0,-7
221,1793.481720,0.172971397638321,0,-7
222,1800.610120,0.172971397638321,0,-7
223,1807.585100,0.172971397638321,0,-7
224,1814.513000,0.172971397638321,0,-7
225,1821.600580,0.172971397638321,0,-7
226,1828.516300,0.172971397638321,0,-7
227,1835.411560,0.172971397638321,0,-7
228,1842.728000,0.172971397638321,0,-7
229,1849.685940,0.172971397638321,0,-7
230,1856.591120,0.172971397638321,0,-7
231,1863.505800,0.172971397638321,0,-7
232,1872.425720,0.172971397638321,0,-7
233,1881.583780,0.172971397638321,0,-7
234,1890.260500,0.172971397638321,0,-7
235,1899.352040,0.172971397638321,0,-7
236,1907.862580,0.172971397638321,0,-7
237,1916.515580,0.172971397638321,0,-7
238,1926.054000,0.172971397638321,0,-7
239,1934.713780,0.172971397638321,0,-7
240,1943.890920,0.172971397638321,0,-7
241,1952.624000,0.172971397638321,0,-7
242,1961.786380,0.172971397638321,0,-7
243,1970.505020,0.172971397638321,0,-7
244,1979.987800,0.172971397638321,0,-7
245,1988.575260,0.172971397638321,0,-7
246,1997.877080,0.172971397638321,0,-7
247,2006.433220,0.172971397638321,0,-7
248,2014.973460,0.172971397638321,0,-7
249,2022.736880,0.172971397638321,0,-7
250,2029.593600,0.172971397638321,0,-7
251,2036.510820,0.172971397638321,0,-7
252,2043.837340,0.172971397638321,0,-7
253,2050.769740,0.172971397638321,0,-7
254,2057.702820,0.172971397638321,0,-7
255,2064.629300,0.172971397638321,0,-7
256,2071.719600,0.172971397638321,0,-7
257,2078.638660,0.172971397638321,0,-7
258,2086.639460,0.172971397638321,0,-7
259,2095.739500,0.172971397638321,0,-7
260,2104.383840,0.172971397638321,0,-7
261,2112.851640,0.172971397638321,0,-7
262,2122.315360,0.172971397638321,0,-7
263,2130.798140,0.172971397638321,0,-7
264,2137.717580,0.172971397638321,0,-7
265,2144.969040,0.172971397638321,0,-7
266,2151.891300,0.172971397638321,0,-7
267,2158.845480,0.172971397638321,0,-7
268,2165.792040,0.172971397638321,0,-7
269,2172.955100,0.172971397638321,0,-7
270,2179.854120,0.172971397638321,0,-7
271,2186.770000,0.172971397638321,0,-7
272,2193.688480,0.172971397638321,0,-7
273,2200.842240,0.172971397638321,0,-7
274,2207.815200,0.172971397638321,0,-7
275,2214.767820,0.172971397638321,0,-7
276,2221.873280,0.172971397638321,0,-7
277,2228.843720,0.172971397638321,0,-7
278,2235.791480,0.172971397638321,0,-7
279,2242.871400,0.172971397638321,0,-7
280,2249.765580,0.172971397638321,0,-7
281,2256.725460,0.172971397638321,0,-7
282,2263.615280,0.172971397638321,0,-7
283,2270.519120,0.172971397638321,0,-7
284,2279.967500,0.172971397638321,0,-7
285,2289.062080,0.172971397638321,0,-7
286,2297.769500,0.172971397638321,0,-7
287,2307.226660,0.172971397638321,0,-7
288,2315.873480,0.172971397638321,0,-7
289,2325.523740,0.172971397638321,0,-7
290,2334.072240,0.172971397638321,0,-7
291,2343.467660,0.172971397638321,0,-7
292,2352.018720,0.172971397638321,0,-7
293,2360.660800,0.172971397638321,0,-7
294,2369.878380,0.172971397638321,0,-7
295,2378.672460,0.172971397638321,0,-7
296,2387.826940,0.172971397638321,0,-7
297,2396.344640,0.172971397638321,0,-7
298,2404.943760,0.172971397638321,0,-7
299,2412.354980,0.172971397638321,0,-7
300,2419.237980,0.172971397638321,0,-7
301,2426.401240,0.172971397638321,0,-7
302,2433.475440,0.172971397638321,0,-7
303,2440.555920,0.172971397638321,0,-7
304,2449.814460,0.172971397638321,0,-7
305,2458.369060,0.172971397638321,0,-7
306,2466.987460,0.172971397638321,0,-7
307,2476.519620,0.172971397638321,0,-7
308,2485.278480,0.172971397638321,0,-7
309,2492.726640,0.172971397638321,0,-7
310,2499.599440,0.172971397638321,0,-7
311,2506.816620,0.172971397638321,0,-7
312,2513.716000,0.172971397638321,0,-7
313,2520.590840,0.172971397638321,0,-7
314,2527.813860,0.172971397638321,0,-7
315,2534.756220,0.172971397638321,0,-7
316,2542.468980,0.172971397638321,0,-7
317,2549.364900,0.172971397638321,0,-7
318,2556.395480,0.172971397638321,0,-7
319,2563.335440,0.172971397638321,0,-7
320,2570.059860,0.172971397638321,0,-7
321,2577.413920,0.172971397638321,0,-7
322,2584.324680,0.172971397638321,0,-7
323,2591.043600,0.172971397638321,0,-7
324,2597.930060,0.172971397638321,0,-7
325,2605.322960,0.172971397638321,0,-7
326,2612.012060,0.172971397638321,0,-7
327,2618.873860,0.172971397638321,0,-7
328,2626.241920,0.172971397638321,0,-7
329,2633.033400,0.172971397638321,0,-7
330,2639.902140,0.172971397638321,0,-7
331,2646.911820,0.172971397638321,0,-7
332,2653.850080,0.172971397638321,0,-7
333,2660.797360,0.172971397638321,0,-7
334,2667.697420,0.172971397638321,0,-7
335,2674.888440,0.172971397638321,0,-7
336,2684.345700,0.172971397638321,0,-7
337,2692.790740,0.172971397638321,0,-7
338,2701.340920,0.172971397638321,0,-7
339,2710.600220,0.172971397638321,0,-7
340,2719.249260,0.172971397638321,0,-7
341,2728.779220,0.172971397638321,0,-7
342,2737.413920,0.172971397638321,0,-7
343,2746.674040,0.172971397638321,0,-7
344,2755.393180,0.172971397638321,0,-7
345,2764.582900,0.172971397638321,0,-7
346,2773.040760,0.172971397638321,0,-7
347,2781.610000,0.172971397638321,0,-7
348,2790.903940,0.172971397638321,0,-7
349,2799.496360,0.172971397638321,0,-7
350,2808.621200,0.172971397638321,0,-7
351,2817.325720,0.172971397638321,0,-7
352,2826.648080,0.172971397638321,0,-7
353,2835.069660,0.172971397638321,0,-7
354,2843.893440,0.172971397638321,0,-7
355,2852.974760,0.172971397638321,0,-7
356,2861.639920,0.172971397638321,0,-7
357,2868.946340,0.172971397638321,0,-7
358,2878.869480,0.172971397638321,0,-7
359,2887.542500,0.172971397638321,0,-7
360,2894.497820,0.172971397638321,0,-7
361,2901.653640,0.172971397638321,0,-7
362,2908.550280,0.172971397638321,0,-7
363,2915.467880,0.172971397638321,0,-7
364,2922.648920,0.172971397638321,0,-7
365,2929.545320,0.172971397638321,0,-7
366,2936.423900,0.172971397638321,0,-7
367,2943.749760,0.172971397638321,0,-7
368,2950.635200,0.172971397638321,0,-7
369,2957.573180,0.172971397638321,0,-7
370,2964.530020,0.172971397638321,0,-7
371,2971.678400,0.172971397638321,0,-32
372,2978.643940,0.174296349287033,0,-32
373,2985.553360,0.175519734621048,0,-32
374,2992.500960,0.17664110660553,0,-32
375,2999.379120,0.178575605154037,0,-32
376,3006.673460,0.180701017379761,0,-32
377,3013.588860,0.18188750743866,0,-32
378,3020.502460,0.182130455970764,0,-32
379,3027.729900,0.180985480546951,0.180602073669434,-35
380,3034.641180,0.179029494524002,0.180602073669434,-35
381,3041.641900,0.17497318983078,0.180602073669434,-35
382,3048.564480,0.169288486242294,0.180602073669434,-35
383,3055.484360,0.162015348672867,0.180602073669434,-35
384,3062.436360,0.15320497751236,0.180602073669434,-35
385,3071.064580,0.140125632286072,0.180602073669434,-35
386,3079.947460,0.121592633426189,-0.837517380714417,-19
387,3088.633240,0.103982754051685,-0.837517380714417,-19
388,3097.862460,0.0846092328429222,-0.837517380714417,-19
389,3106.550560,0.0636849924921989,-0.837517380714417,-19
390,3115.675320,0.0459829717874527,-0.837517380714417,-19
391,3124.671060,0.0228564739227295,-2.15798830986023,6
392,3133.760560,0.00371459499001503,-2.15798830986023,6
393,3142.468120,-0.00602381676435471,-2.15798830986023,6
394,3151.870600,-0.0207926444709301,-2.15798830986023,6
395,3158.827280,-0.0257499311119318,-2.15798830986023,6
396,3167.994080,-0.0357030443847179,-2.15798830986023,6
397,3176.931920,-0.0406943783164024,-1.45841193199158,1
398,3186.302960,-0.0456927381455898,-1.45841193199158,1
399,3194.829700,-0.0506958439946175,-1.45841193199158,1
400,3203.901240,-0.0506958439946175,-1.45841193199158,1
401,3212.602280,-0.0506958439946175,-1.45841193199158,1
402,3221.940920,-0.0506958439946175,-1.45841193199158,-14
403,3230.619680,-0.0506958439946175,-0.200029313564301,-14
404,3238.978700,-0.0506958439946175,-0.200029313564301,-14
405,3248.368220,-0.0557015240192413,-0.200029313564301,-14
406,3256.514460,-0.0557015240192413,-0.200029313564301,-14
407,3263.447560,-0.0607076063752174,-0.200029313564301,-14
408,3270.363360,-0.0607076063752174,-0.200029313564301,-14
409,3277.554220,-0.0657118260860443,-0.200235247612,-14
410,3284.477780,-0.0707120448350906,-0.200235247612,-14
411,3291.365160,-0.0757060050964355,-0.200235247612,-14
412,3298.274440,-0.0806915462017059,-0.200235247612,-14
413,3305.715500,-0.0856664851307869,-0.200235247612,-14
414,3312.664760,-0.09062859416008,-0.200235247612,-14
415,3319.568820,-0.0955757051706314,-0.200235247612,-14
416,3326.758660,-0.10050567984581,-0.697361946105957,-5
417,3333.637240,-0.105416297912598,-0.697361946105957,-5
418,3340.551180,-0.110305473208427,-0.697361946105957,-5
419,3347.882280,-0.110305473208427,-0.697361946105957,-5
420,3354.822220,-0.115170940756798,-0.697361946105957,-5
421,3361.712700,-0.12001059949398,-0.697361946105957,-5
422,3368.687980,-0.124822407960892,-0.697361946105957,-5
423,3375.891240,-0.124822407960892,-0.584934055805206,-4
424,3382.832100,-0.129604160785675,-0.584934055805206,-4
425,3389.696740,-0.129604160785675,-0.584934055805206,-4
426,3396.614300,-0.129604160785675,-0.584934055805206,-4
427,3403.884340,-0.129604160785675,-0.584934055805206,-4
428,3410.768200,-0.134353786706924,-0.584934055805206,-4
429,3417.713600,-0.134353786706924,-0.584934055805206,-4
430,3424.931880,-0.134353786706924,-0.190627574920654,-9
431,3431.868600,-0.134353786706924,-0.190627574920654,-9
432,3438.983080,-0.134353786706924,-0.190627574920654,-9
433,3446.225460,-0.134353786706924,-0.190627574920654,-9
434,3453.018520,-0.139069199562073,-0.190627574920654,-9
435,3461.766600,-0.139069199562073,-0.190627574920654,-9
436,3470.408400,-0.139069199562073,-0.190627574920654,-9
437,3479.957340,-0.14374828338623,-0.0943082571029663,-10
438,3488.573180,-0.14374828338623,-0.0943082571029663,-10
439,3497.742340,-0.148389041423798,-0.0943082571029663,-10
440,3506.403720,-0.148389041423798,-0.0943082571029663,-10
441,3515.742640,-0.152989387512207,-0.0943082571029663,-10
442,3524.676400,-0.152989387512207,-0.278403759002686,-6
443,3533.917140,-0.15754733979702,-0.278403759002686,-6
444,3542.549740,-0.162060856819153,-0.278403759002686,-6
445,3550.972180,-0.162060856819153,-0.278403759002686,-6
446,3560.283620,-0.166527956724167,-0.278403759002686,-6
447,3568.813780,-0.166527956724167,-0.278403759002686,-6
448,3578.395740,-0.170946672558784,-0.270771384239197,-6
449,3586.847500,-0.170946672558784,-0.270771384239197,-6
450,3596.041940,-0.170946672558784,-0.270771384239197,-6
451,3604.865500,-0.175315096974373,-0.270771384239197,-6
452,3613.417880,-0.175315096974373,-0.270771384239197,-6
453,3622.931560,-0.175315096974373,-0.17574280500412,-6
454,3631.477300,-0.175315096974373,-0.17574280500412,-6
455,3640.687020,-0.179631263017654,-0.17574280500412,-6
456,3648.045460,-0.179631263017654,-0.17574280500412,-6
457,3654.989080,-0.179631263017654,-0.17574280500412,-6
458,3661.865780,-0.179631263017654,-0.17574280500412,-6
459,3668.860640,-0.179631263017654,-0.17574280500412,-6
460,3676.287640,-0.179631263017654,-0.0863233208656311,-7
461,3683.001060,-0.179631263017654,-0.0863233208656311,-7
462,3689.902120,-0.183893322944641,-0.0863233208656311,-7
463,3696.854060,-0.183893322944641,-0.0863233208656311,-7
464,3704.232000,-0.183893322944641,-0.0863233208656311,-7
465,3710.965380,-0.183893322944641,-0.0863233208656311,-7
466,3717.921960,-0.183893322944641,-0.0863233208656311,-7
467,3725.325100,-0.183893322944641,-0.0852411985397339,-7
468,3732.032780,-0.183893322944641,-0.0852411985397339,-7
469,3738.903780,-0.188099324703217,-0.0852411985397339,-7
470,3745.971480,-0.188099324703217,-0.0852411985397339,-7
471,3752.897380,-0.188099324703217,-0.0852411985397339,-7
472,3759.833880,-0.188099324703217,-0.0852411985397339,-7
473,3766.753080,-0.188099324703217,-0.0852411985397339,-7
474,3776.537680,-0.188099324703217,-0.0841200351715088,-7
475,3785.267040,-0.188099324703217,-0.0841200351715088,-7
476,3792.532220,-0.188099324703217,-0.0841200351715088,-7
477,3799.422100,-0.192247480154037,-0.0841200351715088,-7
478,3806.678500,-0.192247480154037,-0.0841200351715088,-7
479,3813.614140,-0.192247480154037,-0.0841200351715088,-7
480,3820.539840,-0.192247480154037,-0.0841200351715088,-7
481,3827.716820,-0.192247480154037,-0.0829631090164185,-6
482,3834.634420,-0.192247480154037,-0.0829631090164185,-6
483,3841.771980,-0.192247480154037,-0.0829631090164185,-6
484,3849.927140,-0.196335971355438,-0.0829631090164185,-6
485,3859.058400,-0.196335971355438,-0.0829631090164185,-6
486,3867.778840,-0.196335971355438,-0.0829631090164185,-6
487,3877.338680,-0.196335971355438,-0.0817698240280151,-6
488,3885.809480,-0.196335971355438,-0.0817698240280151,-6
489,3894.947720,-0.196335971355438,-0.0817698240280151,-6
490,3903.766480,-0.200362950563431,-0.0817698240280151,-6
491,3912.295660,-0.200362950563431,-0.0817698240280151,-6
492,3921.857880,-0.200362950563431,-0.0805395841598511,-6
493,3930.517520,-0.200362950563431,-0.0805395841598511,-6
494,3937.791980,-0.200362950563431,-0.0805395841598511,-6
495,3945.059900,-0.200362950563431,-0.0805395841598511,-6
496,3951.917040,-0.200362950563431,-0.0805395841598511,-6
497,3958.855420,-0.200362950563431,-0.0805395841598511,-6
498,3965.761280,-0.200362950563431,-0.0805395841598511,-6
499,3973.982040,-0.200362950563431,0,-7
500,3983.264320,-0.200362950563431,0,-7
501,3991.640800,-0.200362950563431,0,-7
502,4000.064180,-0.200362950563431,0,-7
503,4009.363180,-0.200362950563431,0,-7
504,4017.890540,-0.200362950563431,0,-7
505,4027.442040,-0.200362950563431,0,-7
506,4035.910040,-0.200362950563431,0,-7
507,4045.385420,-0.200362950563431,0,-7
508,4053.937820,-0.200362950563431,0,-7
509,4062.565420,-0.200362950563431,0,-7
510,4069.473920,-0.200362950563431,0,-7
511,4076.672040,-0.200362950563431,0,-7
512,4083.653540,-0.200362950563431,0,-7
513,4090.527940,-0.200362950563431,0,-7
514,4097.435740,-0.200362950563431,0,-7
515,4104.657580,-0.200362950563431,0,-7
516,4111.567920,-0.200362950563431,0,-7
517,4118.472120,-0.200362950563431,0,-7
518,4125.675880,-0.200362950563431,0,-7
519,4132.598400,-0.200362950563431,0,-7
520,4139.444160,-0.200362950563431,0,-7
521,4146.798700,-0.200362950563431,0,-7
522,4153.739200,-0.200362950563431,0,-7
523,4160.643840,-0.200362950563431,0,-7
524,4167.533200,-0.200362950563431,0,-7
525,4174.748240,-0.200362950563431,0,-7
526,4181.687680,-0.200362950563431,0,-7
527,4188.591480,-0.200362950563431,0,-7
528,4195.496280,-0.200362950563431,0,-7
529,4202.704020,-0.200362950563431,0,-7
530,4209.624400,-0.200362950563431,0,-7
531,4216.544160,-0.200362950563431,0,-7
532,4223.795460,-0.200362950563431,0,-7
533,4230.675660,-0.200362950563431,0,-7
534,4238.530080,-0.200362950563431,0,-7
535,4246.969780,-0.200362950563431,0,-7
536,4256.386100,-0.200362950563431,0,-7
537,4264.948040,-0.200362950563431,0,-7
538,4274.474340,-0.200362950563431,0,-7
539,4283.073280,-0.200362950563431,0,-7
540,4291.755420,-0.200362950563431,0,-7
541,4301.308680,-0.200362950563431,0,-7
542,4309.943280,-0.200362950563431,0,-7
543,4319.012980,-0.200362950563431,0,-7
544,4327.711600,-0.200362950563431,0,-7
545,4334.645500,-0.200362950563431,0,-7
546,4341.552400,-0.200362950563431,0,-7
547,4348.862960,-0.200362950563431,0,-7
548,4355.803260,-0.200362950563431,0,-7
549,4362.745560,-0.200362950563431,0,-7
550,4369.659720,-0.200362950563431,0,-7
551,4376.833780,-0.200362950563431,0,-7
552,4383.827560,-0.200362950563431,0,-7
553,4390.699500,-0.200362950563431,0,-7
554,4397.606120,-0.200362950563431,0,-7
555,4404.840960,-0.200362950563431,0,-7
556,4411.739780,-0.200362950563431,0,-7
557,4418.644100,-0.200362950563431,0,-7
558,4425.840360,-0.200362950563431,0,-7
559,4432.754740,-0.200362950563431,0,-7
560,4439.863060,-0.200362950563431,0,-7
561,4446.900700,-0.200362950563431,0,-7
562,4453.829460,-0.200362950563431,0,-7
563,4463.345960,-0.200362950563431,0,-7
564,4472.022860,-0.200362950563431,0,-7
565,4481.468960,-0.200362950563431,0,-7
566,4489.937000,-0.200362950563431,0,-7
567,4499.256980,-0.200362950563431,0,-7
568,4507.816800,-0.200362950563431,0,-7
569,4516.255700,-0.200362950563431,0,-7
570,4525.784660,-0.200362950563431,0,-7
571,4534.281580,-0.200362950563431,0,-7
572,4543.690280,-0.200362950563431,0,-7
573,4551.452960,-0.200362950563431,0,-7
574,4558.463740,-0.200362950563431,0,-7
575,4565.381620,-0.200362950563431,0,-7
576,4572.658520,-0.200362950563431,0,-7
577,4579.620700,-0.200362950563431,0,-7
578,4586.616040,-0.200362950563431,0,-7
579,4593.540620,-0.200362950563431,0,-7
580,4600.670020,-0.200362950563431,0,-7
581,4607.602400,-0.200362950563431,0,-7
582,4614.503700,-0.200362950563431,0,-7
583,4621.657980,-0.200362950563431,0,-7
584,4629.434680,-0.200362950563431,0,-7
585,4638.541880,-0.200362950563431,0,-7
586,4647.071160,-0.200362950563431,0,-7
587,4655.849460,-0.200362950563431,0,-7
588,4664.952720,-0.200362950563431,0,-7
589,4673.953180,-0.200362950563431,0,-7
590,4683.417000,-0.200362950563431,0,-7
591,4691.969900,-0.200362950563431,0,-7
592,4701.379980,-0.200362950563431,0,-7
593,4709.809160,-0.200362950563431,0,-7
594,4719.053600,-0.200362950563431,0,-7
595,4727.904720,-0.200362950563431,0,-7
596,4736.458980,-0.200362950563431,0,-7
597,4743.661820,-0.200362950563431,0,-7
598,4750.643460,-0.200362950563431,0,-7
599,4757.590960,-0.200362950563431,0,-7
600,4764.496460,-0.200362950563431,0,-7
601,4771.672260,-0.200362950563431,0,-7
602,4778.589780,-0.200362950563431,0,-7
603,4785.470760,-0.200362950563431,0,-7
604,4792.435760,-0.200362950563431,0,-7
605,4799.322700,-0.200362950563431,0,-7
606,4806.549720,-0.200362950563431,0,-7
607,4813.475760,-0.200362950563431,0,-7
608,4820.358720,-0.200362950563431,0,-7
609,4827.604120,-0.200362950563431,0,-7
610,4836.270400,-0.200362950563431,0,-7
611,4845.457820,-0.200362950563431,0,-7
612,4853.898180,-0.200362950563431,0,-7
613,4862.524660,-0.200362950563431,0,-7
614,4871.991480,-0.200362950563431,0,-7
615,4880.669140,-0.200362950563431,0,-7
616,4889.860780,-0.200362950563431,0,-7
617,4898.540840,-0.200362950563431,0,-7
618,4907.651320,-0.200362950563431,0,-7
619,4916.041140,-0.200362950563431,0,-7
620,4924.445420,-0.200362950563431,0,-7
621,4931.339640,-0.200362950563431,0,-7
622,4938.279100,-0.200362950563431,0,-7
623,4945.564820,-0.200362950563431,0,-7
624,4952.496680,-0.200362950563431,0,-7
625,4959.426980,-0.200362950563431,0,-7
626,4966.362880,-0.200362950563431,0,-7
627,4973.597260,-0.200362950563431,0,-7
628,4980.461700,-0.200362950563431,0,-7
629,4987.431540,-0.200362950563431,0,-7
630,4994.405480,-0.200362950563431,0,-7
631,5001.604380,-0.200362950563431,0,-7
632,5008.541880,-0.200362950563431,0,-7
633,5015.469520,-0.200362950563431,0,-7
634,5024.723800,-0.200362950563431,0,-7
635,5033.894120,-0.200362950563431,0,-7
636,5042.591400,-0.200362950563431,0,-7
637,5051.047660,-0.200362950563431,0,-7
638,5060.493080,-0.200362950563431,0,-7
639,5069.050860,-0.200362950563431,0,-7
640,5078.757540,-0.200362950563431,0,-7
641,5087.422140,-0.200362950563431,0,-7
642,5096.742720,-0.200362950563431,0,-7
643,5105.520600,-0.200362950563431,0,-7
644,5112.681760,-0.200362950563431,0,-7
645,5119.610480,-0.200362950563431,0,-7
646,5126.838240,-0.200362950563431,0,-7
647,5133.747580,-0.200362950563431,0,-7
648,5140.628780,-0.200362950563431,0,-7
649,5147.904720,-0.200362950563431,0,-7
650,5154.850060,-0.200362950563431,0,-7
651,5161.727120,-0.200362950563431,0,-7
652,5168.638140,-0.200362950563431,0,-7
653,5175.870240,-0.200362950563431,0,-7
654,5182.792660,-0.200362950563431,0,-7
655,5189.670700,-0.200362950563431,0,-7
656,5196.675820,-0.200362950563431,0,-7
657,5203.887980,-0.200362950563431,0,-7
658,5213.014600,-0.200362950563431,0,-7
659,5222.508780,-0.200362950563431,0,-7
660,5230.927560,-0.200362950563431,0,-7
661,5239.659600,-0.200362950563431,0,-7
662,5248.816760,-0.200362950563431,0,-7
663,5257.571620,-0.200362950563431,0,-7
664,5266.697660,-0.200362950563431,0,-7
665,5275.596900,-0.200362950563431,0,-7
666,5284.811280,-0.200362950563431,0,-7
667,5293.524080,-0.200362950563431,0,-7
668,5301.390700,-0.200362950563431,0,-7
669,5308.326440,-0.200362950563431,0,-7
670,5315.041980,-0.200362950563431,0,-7
671,5322.377380,-0.200362950563431,0,-7
672,5329.316380,-0.200362950563431,0,-7
673,5336.279600,-0.200362950563431,0,-7
674,5343.033200,-0.200362950563431,0,-7
675,5350.467980,-0.200362950563431,0,-7
676,5357.391620,-0.200362950563431,0,-7
677,5364.362180,-0.200362950563431,0,-7
678,5371.494120,-0.200362950563431,0,-7
679,5378.463360,-0.200362950563431,0,-7
680,5385.418440,-0.200362950563431,0,-7
681,5392.346780,-0.200362950563431,0,-7
682,5399.282620,-0.200362950563431,0,-7
683,5407.237820,-0.200362950563431,0,-7
684,5416.372100,-0.200362950563431,0,-7
685,5425.301900,-0.200362950563431,0,-7
686,5434.458560,-0.200362950563431,0,-7
687,5442.874340,-0.200362950563431,0,-7
688,5452.275100,-0.200362950563431,0,-7
689,5460.862300,-0.200362950563431,0,-7
690,5469.606720,-0.200362950563431,0,-7
691,5479.029780,-0.200362950563431,0,-7
692,5487.678220,-0.200362950563431,0,-7
693,5495.996160,-0.200362950563431,0,-7
694,5503.432720,-0.200362950563431,0,-7
695,5510.331820,-0.200362950563431,0,-7
696,5517.313460,-0.200362950563431,0,-7
697,5524.498760,-0.200362950563431,0,-7
698,5531.363300,-0.200362950563431,0,-7
699,5538.568540,-0.200362950563431,0,-7
700,5545.520200,-0.200362950563431,0,-7
701,5552.789020,-0.200362950563431,0,-7
702,5559.674180,-0.200362950563431,0,-7
703,5566.608880,-0.200362950563431,0,-7
704,5576.240440,-0.200362950563431,0,-7
705,5584.803700,-0.200362950563431,0,-7
706,5592.286340,-0.200362950563431,0,-7
707,5599.072280,-0.200362950563431,0,-7
708,5607.902840,-0.200362950563431,0,-7
709,5614.875840,-0.200362950563431,0,-7
710,5622.073780,-0.200362950563431,0,-7
711,5628.983740,-0.200362950563431,0,-7
712,5635.908220,-0.200362950563431,0,-7
713,5644.673680,-0.200362950563431,0,-7
714,5653.798520,-0.200362950563431,0,-7
715,5662.327520,-0.200362950563431,0,-7
716,5670.909020,-0.200362950563431,0,-7
717,5680.435300,-0.200362950563431,0,-7
718,5689.802480,-0.200362950563431,0,-7
719,5698.398360,-0.200362950563431,0,-7
720,5707.021760,-0.200362950563431,0,-7
721,5716.299400,-0.200362950563431,0,-7
722,5725.233120,-0.200362950563431,0,-7
723,5732.999000,-0.200362950563431,0,-7
724,5739.890740,-0.200362950563431,0,-7
725,5746.838380,-0.200362950563431,0,-7
726,5754.281440,-0.200362950563431,0,-7
727,5760.994680,-0.200362950563431,0,-7
728,5767.901760,-0.200362950563431,0,-7
729,5775.319040,-0.200362950563431,0,-7
730,5782.273060,-0.200362950563431,0,-7
731,5788.982060,-0.200362950563431,0,-7
732,5795.903660,-0.200362950563431,0,-7
733,5803.311840,-0.200362950563431,0,-7
734,5809.990060,-0.200362950563431,0,-7
735,5819.283620,-0.200362950563431,0,-7
736,5827.919500,-0.200362950563431,0,-7
737,5837.300040,-0.200362950563431,0,-7
738,5845.740600,-0.200362950563431,0,-7
739,5855.314000,-0.200362950563431,0,-7
740,5863.741880,-0.200362950563431,0,-7
741,5873.464740,-0.200362950563431,0,-7
742,5881.959580,-0.200362950563431,0,-7
743,5890.564600,-0.200362950563431,0,-7
744,5899.729940,-0.200362950563431,0,-7
745,5907.269380,-0.200362950563431,0,-7
746,5914.061640,-0.200362950563431,0,-7
747,5920.937500,-0.200362950563431,0,-7
748,5928.301640,-0.200362950563431,0,-7
749,5935.251720,-0.200362950563431,0,-7
750,5941.977460,-0.200362950563431,0,-7
751,5948.887700,-0.200362950563431,0,-7
752,5956.327900,-0.200362950563431,0,-7
753,5963.258480,-0.200362950563431,0,-7
754,5969.991720,-0.200362950563431,0,-7
755,5977.351660,-0.200362950563431,0,-7
756,5984.311860,-0.200362950563431,0,-7
757,5990.998520,-0.200362950563431,0,-7
758,5997.956780,-0.200362950563431,0,-7
759,6005.423740,-0.200362950563431,0,-7
760,6012.368140,-0.200362950563431,0,-7
761,6020.595960,-0.200362950563431,0,-7
762,6029.418740,-0.200362950563431,0,-7
763,6038.615460,-0.200362950563431,0,-7
764,6047.338300,-0.200362950563431,0,-7
765,6056.591840,-0.200362950563431,0,-7
766,6065.322620,-0.200362950563431,0,-7
767,6074.717680,-0.200362950563431,0,-7
768,6083.304500,-0.200362950563431,0,-7
769,6091.772660,-0.200362950563431,0,-7
770,6100.824460,-0.200362950563431,0,-7
771,6109.568200,-0.200362950563431,0,-7
772,6116.540940,-0.200362950563431,0,-7
773,6123.698800,-0.200362950563431,0,-7
774,6130.582300,-0.200362950563431,0,-7
775,6137.517660,-0.200362950563431,0,-7
776,6144.457140,-0.200362950563431,0,-7
777,6151.596860,-0.200362950563431,0,-7
778,6158.603420,-0.200362950563431,0,-7
779,6165.517980,-0.200362950563431,0,-7
780,6172.721940,-0.200362950563431,0,-7
781,6179.605140,-0.200362950563431,0,-7
782,6186.520900,-0.200362950563431,0,-7
783,6193.448580,-0.200362950563431,0,-7
784,6200.919920,-0.200362950563431,0,-7
785,6209.532040,-0.200362950563431,0,-7
786,6218.782540,-0.200362950563431,0,-7
787,6227.751220,-0.200362950563431,0,-7
788,6236.792720,-0.200362950563431,0,-7
789,6245.511200,-0.200362950563431,0,-7
790,6254.292240,-0.200362950563431,0,-7
791,6263.644880,-0.200362950563431,0,-7
792,6273.265180,-0.200362950563431,0,-7
793,6281.787220,-0.200362950563431,0,-7
794,6290.216900,-0.200362950563431,0,-7
795,6296.974180,-0.200362950563431,0,-7
796,6304.532820,-0.200362950563431,0,-7
797,6311.454560,-0.200362950563431,0,-7
798,6318.410300,-0.200362950563431,0,-7
799,6325.625400,-0.200362950563431,0,-7
800,6332.585700,-0.200362950563431,0,-7
801,6339.445900,-0.200362950563431,0,-7
802,6346.324640,-0.200362950563431,0,-7
803,6353.659540,-0.200362950563431,0,-7
804,6360.573840,-0.200362950563431,0,-7
805,6367.458180,-0.200362950563431,0,-7
806,6374.668620,-0.200362950563431,0,-7
807,6381.576420,-0.200362950563431,0,-7
808,6389.818220,-0.200362950563431,0,-7
809,6398.372180,-0.200362950563431,0,-7
810,6407.646140,-0.200362950563431,0,-7
811,6416.287000,-0.200362950563431,0,-7
812,6425.683980,-0.200362950563431,0,-7
813,6434.311160,-0.200362950563431,0,-7
814,6443.513880,-0.200362950563431,0,-7
815,6451.938020,-0.200362950563431,0,-7
816,6460.749020,-0.200362950563431,0,-7
817,6469.858260,-0.200362950563431,0,-7
818,6478.811940,-0.200362950563431,0,-7
819,6487.917140,-0.200362950563431,0,-7
820,6496.601200,-0.200362950563431,0,-7
821,6504.345680,-0.200362950563431,0,-7
822,6511.286540,-0.200362950563431,0,-7
823,6518.041540,-0.200362950563431,0,-7
824,6525.398580,-0.200362950563431,0,-7
825,6532.345840,-0.200362950563431,0,-7
826,6539.549780,-0.200362950563431,0,-7
827,6546.456920,-0.200362950563431,0,-7
828,6553.605700,-0.200362950563431,0,-7
829,6560.619080,-0.200362950563431,0,-7
830,6567.551180,-0.200362950563431,0,-7
831,6574.746040,-0.200362950563431,0,-7
832,6581.598620,-0.200362950563431,0,-7
833,6588.565340,-0.200362950563431,0,-7
834,6598.496280,-0.200362950563431,0,-7
835,6607.001520,-0.200362950563431,0,-7
836,6615.627640,-0.200362950563431,0,-7
837,6625.026000,-0.200362950563431,0,-7
838,6633.764320,-0.200362950563431,0,-7
839,6642.990180,-0.200362950563431,0,-7
840,6651.687300,-0.200362950563431,0,-7
841,6660.907460,-0.200362950563431,0,-7
842,6669.662700,-0.200362950563431,0,-7
843,6679.256980,-0.200362950563431,0,-7
844,6686.057840,-0.200362950563431,0,-7
845,6692.960320,-0.200362950563431,0,-7
846,6699.858400,-0.200362950563431,0,-7
847,6707.271460,-0.200362950563431,0,-7
848,6714.017460,-0.200362950563431,0,-7
849,6720.965140,-0.200362950563431,0,-7
850,6728.352020,-0.200362950563431,0,-7
851,6735.256000,-0.200362950563431,0,-7
852,6741.960620,-0.200362950563431,0,-7
853,6748.888320,-0.200362950563431,0,-7
854,6756.377800,-0.200362950563431,0,-7
855,6763.371860,-0.200362950563431,0,-7
856,6770.329780,-0.200362950563431,0,-7
857,6777.573860,-0.200362950563431,0,-7
858,6784.483460,-0.200362950563431,0,-7
859,6791.390460,-0.200362950563431,0,-7
860,6798.322240,-0.200362950563431,0,-7
861,6805.579800,-0.200362950563431,0,-7
862,6812.512120,-0.200362950563431,0,-7
863,6819.391220,-0.200362950563431,0,-7
864,6826.628280,-0.200362950563431,0,-7
865,6833.566500,-0.200362950563431,0,-7
866,6840.434460,-0.200362950563431,0,-7
867,6847.356920,-0.200362950563431,0,-7
868,6854.420480,-0.200362950563431,0,-7
869,6863.808380,-0.200362950563431,0,-7
870,6872.608520,-0.200362950563431,0,-7
871,6880.992420,-0.200362950563431,0,-7
872,6890.431460,-0.200362950563431,0,-7
873,6898.836380,-0.200362950563431,0,-7
874,6908.229060,-0.200362950563431,0,-7
875,6916.609280,-0.200362950563431,0,-7
876,6926.332580,-0.200362950563431,0,-7
877,6934.708620,-0.200362950563431,0,-7
878,6943.339240,-0.200362950563431,0,-7
879,6950.686640,-0.200362950563431,0,-7
880,6957.980140,-0.200362950563431,0,-7
881,6964.906660,-0.200362950563431,0,-7
882,6972.272640,-0.200362950563431,0,-7
883,6979.001380,-0.200362950563431,0,-7
884,6988.554780,-0.200362950563431,0,-7
885,6996.934600,-0.200362950563431,0,-7
886,7006.355780,-0.200362950563431,0,-7
887,7014.816280,-0.200362950563431,0,-7
888,7024.452000,-0.200362950563431,0,-7
889,7032.966460,-0.200362950563431,0,-7
890,7041.696900,-0.200362950563431,0,-7
891,7050.903620,-0.200362950563431,0,-7
892,7059.649460,-0.200362950563431,0,-7
893,7068.795560,-0.200362950563431,0,-7
894,7076.225760,-0.200362950563431,0,-7
895,7082.942820,-0.200362950563431,0,-7
896,7089.860760,-0.200362950563431,0,-7
897,7096.811720,-0.200362950563431,0,-7
898,7104.048140,-0.200362950563431,0,-7
899,7110.902640,-0.200362950563431,0,-7
900,7117.880260,-0.200362950563431,0,-7
901,7125.289340,-0.200362950563431,0,-7
902,7131.986200,-0.200362950563431,0,-7
903,7138.892700,-0.200362950563431,0,-7
904,7145.853820,-0.200362950563431,0,-7
905,7152.770860,-0.200362950563431,0,-7
906,7160.004420,-0.200362950563431,0,-7
907,7166.940700,-0.200362950563431,0,-7
908,7174.319240,-0.200362950563431,0,-7
909,7181.071040,-0.200362950563431,0,-7
910,7187.991260,-0.200362950563431,0,-7
911,7194.916440,-0.200362950563431,0,-7
912,7202.057900,-0.200362950563431,0,-7
913,7209.016940,-0.200362950563431,0,-7
914,7215.965280,-0.200362950563431,0,-7
915,7223.364240,-0.200362950563431,0,-7
916,7230.273680,-0.200362950563431,0,-7
917,7237.042600,-0.200362950563431,0,-7
918,7243.969660,-0.200362950563431,0,-7
919,7250.880460,-0.200362950563431,0,-7
920,7257.963780,-0.200362950563431,0,-7
921,7266.794420,-0.200362950563431,0,-7
922,7275.670680,-0.200362950563431,0,-7
923,7284.821460,-0.200362950563431,0,-7
924,7293.504920,-0.200362950563431,0,-7
925,7302.661000,-0.200362950563431,0,-7
926,7311.347840,-0.200362950563431,0,-7
927,7319.811500,-0.200362950563431,0,-7
928,7329.499460,-0.200362950563431,0,-7
929,7337.971760,-0.200362950563431,0,-7
930,7347.341200,-0.200362950563431,0,-7
931,7355.076880,-0.200362950563431,0,-7
932,7362.292880,-0.200362950563431,0,-7
933,7370.382880,-0.200362950563431,0,-7
934,7379.018800,-0.200362950563431,0,-7
935,7388.285900,-0.200362950563431,0,-7
936,7396.821100,-0.200362950563431,0,-7
937,7406.047840,-0.200362950563431,0,-7
938,7414.782580,-0.200362950563431,0,-7
939,7424.236020,-0.200362950563431,0,-7
940,7432.904240,-0.200362950563431,0,-7
941,7441.622080,-0.200362950563431,0,-7
942,7450.889320,-0.200362950563431,0,-7
943,7459.717580,-0.200362950563431,0,-7
944,7469.007080,-0.200362950563431,0,-7
945,7478.022180,-0.200362950563431,0,-7
946,7485.408780,-0.200362950563431,0,-7
947,7492.459460,-0.200362950563431,0,-7
948,7499.368920,-0.200362950563431,0,-7
949,7506.683460,-0.200362950563431,0,-7
950,7513.568400,-0.200362950563431,0,-7
951,7520.433220,-0.200362950563431,0,-7
952,7527.722760,-0.200362950563431,0,-7
953,7534.643520,-0.200362950563431,0,-7
954,7541.817740,-0.200362950563431,0,-7
955,7548.754280,-0.200362950563431,0,-7
956,7555.943460,-0.200362950563431,0,-7
957,7562.985480,-0.200362950563431,0,-7
958,7572.505800,-0.200362950563431,0,-7
959,7581.659240,-0.200362950563431,0,-7
960,7590.043060,-0.200362950563431,0,-7
961,7598.592640,-0.200362950563431,0,-7
962,7606.879440,-0.200362950563431,0,-7
963,7615.780000,-0.200362950563431,0,-7
964,7624.559400,-0.200362950563431,0,-7
965,7633.697920,-0.200362950563431,0,-7
966,7641.939740,-0.200362950563431,0,-7
967,7650.385280,-0.200362950563431,0,-7
968,7659.609020,-0.200362950563431,0,-7
969,7668.010400,-0.200362950563431,0,-7
970,7676.820220,-0.200362950563431,0,-7
971,7685.790940,-0.200362950563431,0,-7
972,7693.986620,-0.200362950563431,0,-7
973,7702.408660,-0.200362950563431,0,-7
974,7711.377460,-0.200362950563431,0,-7
975,7719.637840,-0.200362950563431,0,-7
976,7728.238020,-0.200362950563431,0,-7
977,7737.013880,-0.200362950563431,0,-7
978,7745.602200,-0.200362950563431,0,-7
979,7754.004960,-0.200362950563431,0,-7
980,7763.299660,-0.200362950563431,0,-7
981,7771.916080,-0.200362950563431,0,-7
982,7780.960300,-0.200362950563431,0,-7
983,7789.382460,-0.200362950563431,0,-7
984,7797.687160,-0.200362950563431,0,-7
985,7805.904980,-0.200362950563431,0,-7
986,7814.834800,-0.200362950563431,0,-7
987,7823.516900,-0.200362950563431,0,-7
988,7831.766080,-0.200362950563431,0,-7
989,7840.650300,-0.200362950563431,0,-7
990,7848.903040,-0.200362950563431,0,-7
991,7857.509120,-0.200362950563431,0,-7
992,7866.795000,-0.200362950563431,0,-7
993,7875.509740,-0.200362950563431,0,-7
994,7883.795440,-0.200362950563431,0,-7
995,7892.767460,-0.200362950563431,0,-7
996,7900.979520,-0.200362950563431,0,-7
997,7909.367360,-0.200362950563431,0,-7
998,7918.322180,-0.200362950563431,0,-7
999,7926.833260,-0.200362950563431,0,-7
1000,7935.044680,-0.200362950563431,0,-7
1001,7943.922060,-0.200362950563431,0,-7
1002,7952.296880,-0.200362950563431,0,-7
1003,7960.649320,-0.200362950563431,0,-7
1004,7969.049280,-0.200362950563431,0,-7
1005,7978.463700,-0.200362950563431,0,-7
1006,7986.718060,-0.200362950563431,0,-7
1007,7994.942300,-0.200362950563431,0,-7
1008,8003.885060,-0.200362950563431,0,-7
1009,8012.318120,-0.200362950563431,0,-7
1010,8020.502540,-0.200362950563431,0,-7
1011,8029.690940,-0.200362950563431,0,-7
1012,8037.864600,-0.200362950563431,0,-7
1013,8046.044600,-0.200362950563431,0,-7
1014,8054.428200,-0.200362950563431,0,-7
1015,8063.430520,-0.200362950563431,0,-7
1016,8071.999140,-0.200362950563431,0,-7
1017,8081.057240,-0.200362950563431,0,-7
1018,8089.612780,-0.200362950563431,0,-7
1019,8097.948900,-0.200362950563431,0,-7
1020,8107.019420,-0.200362950563431,0,-7
1021,8115.475920,-0.200362950563431,0,-7
1022,8124.032700,-0.200362950563431,0,-7
1023,8132.884400,-0.200362950563431,0,-7
1024,8141.076540,-0.200362950563431,0,-7
1025,8149.557480,-0.200362950563431,0,-7
1026,8158.039580,-0.200362950563431,0,-7
1027,8167.240400,-0.200362950563431,0,-7
1028,8175.836260,-0.200362950563431,0,-7
1029,8184.762080,-0.200362950563431,0,-7
1030,8192.927200,-0.200362950563431,0,-7
1031,8201.284520,-0.200362950563431,0,-7
1032,8209.698100,-0.200362950563431,0,-7
1033,8218.634220,-0.200362950563431,0,-7
1034,8227.488100,-0.200362950563431,0,-7
1035,8236.579860,-0.200362950563431,0,-7
1036,8244.961640,-0.200362950563431,0,-7
1037,8253.688880,-0.200362950563431,0,-7
1038,8262.787800,-0.200362950563431,0,-7
